customerID,gender,SeniorCitizen,Partner,Dependents,PhoneService,MultipleLines,InternetService,OnlineSecurity,OnlineBackup,DeviceProtection,TechSupport,StreamingTV,StreamingMovies,Contract,PaperlessBilling,PaymentMethod,MonthlyCharges,Churn,tenure
0004-TLHLJ,Male,0,No,No,Yes,No,Fiber optic,No,No,Yes,No,No,No,Month-to-month,Yes,Electronic check,73.9,Yes,4
0011-IGKFF,Male,1,Yes,No,Yes,No,Fiber optic,No,Yes,Yes,No,Yes,Yes,Month-to-month,Yes,Electronic check,98.0,Yes,13
0013-EXCHZ,Female,1,Yes,No,Yes,No,Fiber optic,No,No,No,Yes,Yes,No,Month-to-month,Yes,Mailed check,83.9,Yes,3
0013-SMEOE,Female,1,Yes,No,Yes,No,Fiber optic,Yes,Yes,Yes,Yes,Yes,Yes,Two year,Yes,Bank transfer (automatic),109.7,No,71
0014-BMAQU,Male,0,Yes,No,Yes,Yes,Fiber optic,Yes,No,No,Yes,No,No,Two year,Yes,Credit card (automatic),84.65,No,63
0015-UOCOJ,Female,1,No,No,Yes,No,DSL,Yes,No,No,No,No,No,Month-to-month,Yes,Electronic check,48.2,No,7
0016-QLJIS,Female,0,Yes,Yes,Yes,Yes,DSL,Yes,Yes,Yes,Yes,Yes,Yes,Two year,Yes,Mailed check,90.45,No,65
0017-DINOC,Male,0,No,No,No,No phone service,DSL,Yes,No,No,Yes,Yes,No,Two year,No,Credit card (automatic),45.2,No,54
0017-IUDMW,Female,0,Yes,Yes,Yes,Yes,Fiber optic,Yes,Yes,Yes,Yes,Yes,Yes,Two year,Yes,Credit card (automatic),116.8,No,72
0018-NYROU,Female,0,Yes,No,Yes,No,Fiber optic,No,No,No,No,No,No,Month-to-month,Yes,Electronic check,68.95,No,5
0019-GFNTW,Female,0,No,No,No,No phone service,DSL,Yes,Yes,Yes,Yes,No,No,Two year,No,Bank transfer (automatic),45.05,No,56
0020-INWCK,Female,0,Yes,Yes,Yes,Yes,Fiber optic,No,Yes,Yes,No,No,Yes,Two year,Yes,Credit card (automatic),95.75,No,71
0020-JDNXP,Female,0,Yes,Yes,No,No phone service,DSL,Yes,No,Yes,Yes,Yes,Yes,One year,No,Mailed check,61.25,No,34
0021-IKXGC,Female,1,No,No,Yes,Yes,Fiber optic,No,No,No,No,No,No,Month-to-month,Yes,Electronic check,72.1,No,1
0022-TCJCI,Male,1,No,No,Yes,No,DSL,Yes,No,Yes,No,No,Yes,One year,No,Credit card (automatic),62.7,Yes,45
0023-HGHWL,Male,1,No,No,No,No phone service,DSL,No,No,No,No,No,No,Month-to-month,Yes,Electronic check,25.1,Yes,1
0023-XUOPT,Female,0,Yes,No,Yes,Yes,Fiber optic,No,Yes,Yes,No,Yes,No,Month-to-month,No,Electronic check,94.1,Yes,13
0027-KWYKW,Female,0,Yes,Yes,Yes,Yes,Fiber optic,No,No,No,No,Yes,No,Month-to-month,Yes,Electronic check,83.75,No,23
0030-FNXPP,Female,0,No,No,Yes,No,No,No internet service,No internet service,No internet service,No internet service,No internet service,No internet service,Month-to-month,No,Mailed check,19.85,No,3
0032-PGELS,Female,0,Yes,Yes,No,No phone service,DSL,Yes,No,No,No,No,No,Month-to-month,No,Bank transfer (automatic),30.5,Yes,1
0036-IHMOT,Female,0,Yes,Yes,Yes,No,Fiber optic,No,Yes,Yes,Yes,Yes,Yes,One year,Yes,Bank transfer (automatic),103.7,No,55
0040-HALCW,Male,0,Yes,Yes,Yes,No,No,No internet service,No internet service,No internet service,No internet service,No internet service,No internet service,Two year,No,Credit card (automatic),20.4,No,54
0042-JVWOJ,Male,0,No,No,Yes,No,No,No internet service,No internet service,No internet service,No internet service,No internet service,No internet service,One year,Yes,Bank transfer (automatic),19.6,No,26
0042-RLHYP,Female,0,Yes,Yes,Yes,No,No,No internet service,No internet service,No internet service,No internet service,No internet service,No internet service,Two year,No,Bank transfer (automatic),19.7,No,69
0048-PIHNL,Female,0,Yes,No,Yes,No,No,No internet service,No internet service,No internet service,No internet service,No internet service,No internet service,One year,No,Bank transfer (automatic),20.45,No,49
0052-DCKON,Male,0,Yes,No,Yes,Yes,Fiber optic,Yes,Yes,Yes,Yes,Yes,Yes,One year,No,Bank transfer (automatic),115.8,No,66
0052-YNYOT,Female,0,No,No,Yes,No,No,No internet service,No internet service,No internet service,No internet service,No internet service,No internet service,One year,No,Electronic check,20.55,No,67
0056-EPFBG,Male,0,Yes,Yes,No,No phone service,DSL,Yes,No,Yes,Yes,No,No,Two year,Yes,Credit card (automatic),39.4,No,20
0057-QBUQH,Female,0,No,Yes,Yes,Yes,No,No internet service,No internet service,No internet service,No internet service,No internet service,No internet service,Two year,Yes,Electronic check,25.1,No,43
0060-FUALY,Female,0,Yes,No,Yes,Yes,Fiber optic,Yes,Yes,No,No,Yes,No,Month-to-month,Yes,Electronic check,94.75,No,59
0064-SUDOG,Female,0,Yes,Yes,Yes,No,No,No internet service,No internet service,No internet service,No internet service,No internet service,No internet service,Two year,No,Bank transfer (automatic),20.3,No,12
0064-YIJGF,Male,0,Yes,Yes,Yes,Yes,Fiber optic,No,No,No,No,No,No,Month-to-month,Yes,Bank transfer (automatic),75.75,No,27
0067-DKWBL,Male,1,No,No,Yes,No,DSL,Yes,No,No,No,No,No,Month-to-month,Yes,Electronic check,49.25,Yes,2
0068-FIGTF,Female,0,No,No,Yes,No,DSL,No,Yes,Yes,Yes,Yes,Yes,One year,No,Mailed check,78.2,No,27
0071-NDAFP,Male,0,Yes,Yes,Yes,Yes,No,No internet service,No internet service,No internet service,No internet service,No internet service,No internet service,Two year,No,Credit card (automatic),25.5,No,25
0074-HDKDG,Male,0,Yes,Yes,Yes,No,DSL,Yes,Yes,Yes,No,No,No,One year,Yes,Bank transfer (automatic),61.6,No,25
0076-LVEPS,Male,0,No,Yes,No,No phone service,DSL,Yes,Yes,Yes,Yes,No,No,Month-to-month,Yes,Mailed check,45.0,No,29
0078-XZMHT,Male,0,Yes,No,Yes,Yes,DSL,No,Yes,Yes,Yes,Yes,Yes,Two year,Yes,Bank transfer (automatic),85.15,No,72
0080-EMYVY,Female,0,No,No,Yes,No,DSL,No,Yes,No,No,No,No,One year,No,Credit card (automatic),51.45,No,14
0080-OROZO,Female,0,No,No,Yes,No,Fiber optic,No,No,Yes,Yes,Yes,Yes,One year,Yes,Electronic check,99.25,No,35
0082-LDZUE,Male,0,No,No,Yes,No,DSL,No,No,No,No,No,No,Month-to-month,Yes,Mailed check,44.3,No,1
0082-OQIQY,Male,0,No,No,Yes,No,Fiber optic,No,No,No,Yes,Yes,Yes,Month-to-month,Yes,Electronic check,94.2,No,29
0089-IIQKO,Female,0,Yes,Yes,Yes,Yes,Fiber optic,No,No,No,Yes,Yes,Yes,Month-to-month,Yes,Credit card (automatic),99.95,No,39
0093-EXYQL,Female,1,No,No,Yes,No,Fiber optic,No,No,No,No,Yes,Yes,Month-to-month,Yes,Electronic check,91.55,No,40
0096-BXERS,Female,0,Yes,No,Yes,Yes,DSL,No,No,No,No,No,No,Month-to-month,No,Electronic check,50.35,No,6
0096-FCPUF,Male,0,No,No,Yes,Yes,DSL,Yes,No,No,No,No,Yes,Month-to-month,Yes,Mailed check,64.5,No,30
0098-BOWSO,Male,0,No,No,Yes,No,No,No internet service,No internet service,No internet service,No internet service,No internet service,No internet service,Month-to-month,Yes,Electronic check,19.4,No,27
0100-DUVFC,Male,1,Yes,No,Yes,Yes,Fiber optic,No,Yes,Yes,No,Yes,Yes,One year,Yes,Electronic check,104.8,No,70
0103-CSITQ,Female,0,Yes,No,Yes,Yes,Fiber optic,No,Yes,Yes,Yes,Yes,Yes,One year,Yes,Bank transfer (automatic),109.4,No,57
0104-PPXDV,Male,0,Yes,No,Yes,No,DSL,No,No,Yes,No,No,No,One year,No,Credit card (automatic),50.3,No,58
0106-GHRQR,Male,0,No,No,Yes,Yes,DSL,No,Yes,Yes,No,No,Yes,Month-to-month,Yes,Bank transfer (automatic),71.4,No,16
0106-UGRDO,Female,0,Yes,No,Yes,Yes,Fiber optic,Yes,Yes,Yes,Yes,Yes,Yes,Two year,Yes,Electronic check,116.0,No,69
0107-WESLM,Male,0,No,No,Yes,No,No,No internet service,No internet service,No internet service,No internet service,No internet service,No internet service,Month-to-month,Yes,Electronic check,19.85,Yes,1
0107-YHINA,Male,0,No,Yes,Yes,Yes,Fiber optic,No,No,Yes,No,Yes,Yes,Month-to-month,Yes,Electronic check,99.75,Yes,1
0111-KLBQG,Male,1,Yes,Yes,Yes,No,Fiber optic,No,Yes,No,No,Yes,Yes,Month-to-month,Yes,Mailed check,93.95,No,32
0112-QAWRZ,Male,0,Yes,Yes,Yes,Yes,Fiber optic,No,No,Yes,No,Yes,No,Month-to-month,Yes,Bank transfer (automatic),90.8,No,16
0112-QWPNC,Male,0,Yes,No,Yes,Yes,DSL,Yes,No,Yes,Yes,Yes,Yes,One year,No,Electronic check,84.35,Yes,49
0114-IGABW,Female,0,Yes,No,No,No phone service,DSL,No,Yes,Yes,Yes,Yes,Yes,Two year,No,Bank transfer (automatic),58.25,No,71
0114-PEGZZ,Female,0,No,No,Yes,Yes,Fiber optic,No,Yes,Yes,No,Yes,Yes,Month-to-month,No,Electronic check,107.55,No,33
0114-RSRRW,Female,0,Yes,No,Yes,No,No,No internet service,No internet service,No internet service,No internet service,No internet service,No internet service,Month-to-month,Yes,Bank transfer (automatic),19.95,No,10
0115-TFERT,Male,0,Yes,No,Yes,Yes,Fiber optic,No,Yes,Yes,Yes,Yes,Yes,Month-to-month,Yes,Electronic check,111.2,Yes,21
0117-LFRMW,Male,0,Yes,Yes,No,No phone service,DSL,Yes,Yes,Yes,No,No,No,Month-to-month,No,Bank transfer (automatic),40.2,Yes,37
0121-SNYRK,Male,0,No,No,No,No phone service,DSL,Yes,No,No,Yes,No,No,One year,Yes,Mailed check,35.4,No,50
0122-OAHPZ,Female,0,No,No,Yes,Yes,Fiber optic,No,No,No,No,No,No,Month-to-month,Yes,Electronic check,73.85,Yes,7
0123-CRBRT,Female,0,Yes,Yes,Yes,Yes,DSL,Yes,Yes,Yes,Yes,Yes,Yes,Two year,No,Mailed check,88.1,No,61
0128-MKWSG,Female,0,No,Yes,No,No phone service,DSL,Yes,No,No,Yes,No,Yes,Month-to-month,No,Mailed check,45.8,No,26
0129-KPTWJ,Male,0,Yes,No,Yes,No,Fiber optic,No,No,Yes,No,Yes,Yes,Month-to-month,Yes,Electronic check,94.65,No,72
0130-SXOUN,Male,0,No,No,Yes,Yes,Fiber optic,No,Yes,No,No,No,Yes,Month-to-month,No,Credit card (automatic),89.4,No,66
0133-BMFZO,Female,0,No,No,Yes,No,Fiber optic,Yes,Yes,No,Yes,No,No,Month-to-month,Yes,Electronic check,86.25,Yes,2
0134-XWXCE,Female,1,No,No,Yes,No,DSL,No,No,Yes,Yes,Yes,Yes,One year,No,Bank transfer (automatic),74.85,No,44
0135-NMXAP,Female,0,No,No,Yes,Yes,Fiber optic,No,Yes,No,No,Yes,No,Month-to-month,Yes,Bank transfer (automatic),89.75,Yes,12
0136-IFMYD,Male,1,Yes,No,Yes,Yes,Fiber optic,No,Yes,Yes,Yes,Yes,Yes,Two year,Yes,Electronic check,109.95,No,69
0137-OCGAB,Female,0,No,No,Yes,Yes,Fiber optic,No,Yes,No,No,No,No,Month-to-month,Yes,Mailed check,80.2,Yes,1
0137-UDEUO,Female,0,No,No,Yes,No,No,No internet service,No internet service,No internet service,No internet service,No internet service,No internet service,Month-to-month,No,Mailed check,19.85,Yes,3
0139-IVFJG,Female,0,Yes,No,Yes,No,Fiber optic,Yes,Yes,No,No,Yes,No,Month-to-month,No,Electronic check,90.35,No,2
0142-GVYSN,Male,0,No,No,Yes,No,No,No internet service,No internet service,No internet service,No internet service,No internet service,No internet service,Month-to-month,Yes,Electronic check,20.3,No,26
0147-ESWWR,Female,1,Yes,No,Yes,Yes,Fiber optic,No,No,No,Yes,Yes,Yes,Month-to-month,Yes,Electronic check,101.25,No,39
0148-DCDOS,Male,0,No,No,Yes,Yes,Fiber optic,No,No,No,No,Yes,Yes,Month-to-month,Yes,Bank transfer (automatic),94.7,Yes,25
0151-ONTOV,Female,0,No,No,Yes,No,Fiber optic,No,No,No,No,No,No,Month-to-month,No,Mailed check,70.9,Yes,1
0156-FVPTA,Male,0,Yes,No,Yes,No,DSL,Yes,No,No,Yes,No,No,Month-to-month,Yes,Electronic check,54.2,Yes,22
0164-XAIRP,Female,0,No,No,Yes,No,No,No internet service,No internet service,No internet service,No internet service,No internet service,No internet service,Two year,Yes,Bank transfer (automatic),19.55,No,24
0168-XZKBB,Female,0,Yes,No,Yes,Yes,Fiber optic,No,No,No,No,Yes,No,Month-to-month,Yes,Electronic check,86.85,No,19
0174-QRVVY,Male,0,Yes,Yes,Yes,Yes,No,No internet service,No internet service,No internet service,No internet service,No internet service,No internet service,Two year,No,Credit card (automatic),25.35,No,71
0177-PXBAT,Male,1,Yes,No,Yes,Yes,Fiber optic,Yes,No,Yes,Yes,Yes,Yes,Month-to-month,Yes,Bank transfer (automatic),109.9,No,33
0178-SZBHO,Male,0,Yes,Yes,Yes,Yes,Fiber optic,No,Yes,No,No,Yes,No,Month-to-month,No,Electronic check,87.2,No,47
0181-RITDD,Male,0,Yes,Yes,Yes,No,Fiber optic,Yes,Yes,Yes,Yes,Yes,Yes,Two year,No,Mailed check,108.15,No,62
0186-CAERR,Male,0,No,No,Yes,Yes,Fiber optic,Yes,Yes,Yes,Yes,Yes,Yes,One year,Yes,Bank transfer (automatic),116.3,No,71
0187-WZNAB,Female,0,Yes,Yes,Yes,No,Fiber optic,Yes,No,No,No,No,No,Month-to-month,No,Mailed check,74.4,No,27
0188-GWFLE,Male,0,No,No,Yes,No,No,No internet service,No internet service,No internet service,No internet service,No internet service,No internet service,Month-to-month,No,Mailed check,20.05,No,2
0191-EQUUH,Female,0,No,Yes,No,No phone service,DSL,Yes,No,No,Yes,No,No,Two year,No,Bank transfer (automatic),35.05,No,25
0191-ZHSKZ,Male,1,No,No,Yes,No,DSL,Yes,Yes,No,No,Yes,Yes,Month-to-month,Yes,Electronic check,74.75,No,30
0193-ESZXP,Female,1,Yes,No,Yes,No,Fiber optic,Yes,Yes,No,Yes,Yes,Yes,One year,Yes,Credit card (automatic),105.5,Yes,58
0196-JTUQI,Female,0,No,No,Yes,Yes,Fiber optic,No,No,No,No,No,No,Month-to-month,Yes,Credit card (automatic),75.2,No,9
0196-VULGZ,Female,1,Yes,No,Yes,Yes,Fiber optic,No,No,No,No,No,Yes,Month-to-month,Yes,Electronic check,84.35,Yes,6
0197-PNKNK,Female,0,Yes,Yes,Yes,Yes,Fiber optic,Yes,No,Yes,No,No,No,One year,No,Bank transfer (automatic),84.45,No,69
0201-MIBOL,Female,1,No,No,Yes,Yes,Fiber optic,Yes,No,No,No,Yes,Yes,Two year,Yes,Bank transfer (automatic),102.4,No,66
0201-OAMXR,Female,0,No,No,Yes,Yes,Fiber optic,Yes,Yes,Yes,Yes,Yes,Yes,One year,No,Credit card (automatic),115.55,Yes,70
0203-HHYIJ,Male,0,No,No,Yes,Yes,No,No internet service,No internet service,No internet service,No internet service,No internet service,No internet service,One year,No,Bank transfer (automatic),25.3,Yes,25
0206-OYVOC,Female,0,Yes,Yes,Yes,No,No,No internet service,No internet service,No internet service,No internet service,No internet service,No internet service,Two year,Yes,Mailed check,19.25,No,46
0206-TBWLC,Female,0,Yes,No,Yes,Yes,Fiber optic,Yes,Yes,Yes,Yes,Yes,Yes,One year,Yes,Mailed check,114.65,No,54
0207-MDKNV,Female,0,No,No,Yes,No,Fiber optic,Yes,No,Yes,Yes,Yes,Yes,Month-to-month,No,Electronic check,105.1,Yes,15
0208-BPQEJ,Female,0,Yes,Yes,Yes,No,No,No internet service,No internet service,No internet service,No internet service,No internet service,No internet service,Month-to-month,No,Bank transfer (automatic),19.4,No,12
0212-ISBBF,Female,0,No,No,No,No phone service,DSL,No,Yes,No,No,Yes,Yes,Month-to-month,Yes,Electronic check,50.35,No,22
0214-JHPFW,Female,0,Yes,No,No,No phone service,DSL,No,Yes,Yes,Yes,Yes,Yes,Two year,No,Bank transfer (automatic),57.8,No,70
0215-BQKGS,Male,0,No,No,Yes,No,Fiber optic,Yes,Yes,Yes,No,No,No,Month-to-month,Yes,Credit card (automatic),84.3,No,30
0218-QNVAS,Male,0,Yes,Yes,Yes,Yes,Fiber optic,No,Yes,No,No,Yes,Yes,One year,No,Bank transfer (automatic),100.55,No,71
0219-QAERP,Male,0,Yes,No,Yes,No,No,No internet service,No internet service,No internet service,No internet service,No internet service,No internet service,One year,No,Credit card (automatic),19.8,No,30
0220-EBGCE,Male,0,No,No,Yes,No,Fiber optic,No,No,Yes,No,No,Yes,Month-to-month,Yes,Electronic check,85.85,Yes,2
0221-NAUXK,Male,0,No,Yes,Yes,No,No,No internet service,No internet service,No internet service,No internet service,No internet service,No internet service,One year,Yes,Bank transfer (automatic),19.95,No,10
0221-WMXNQ,Male,1,No,No,Yes,No,Fiber optic,Yes,No,No,No,No,No,Month-to-month,No,Electronic check,75.35,No,4
0222-CNVPT,Male,1,No,No,No,No phone service,DSL,Yes,No,No,No,Yes,Yes,Month-to-month,Yes,Credit card (automatic),48.8,No,52
0224-HJAPT,Male,0,No,No,Yes,Yes,DSL,No,No,No,No,No,No,Month-to-month,No,Electronic check,47.15,Yes,5
0224-NIJLP,Male,0,Yes,Yes,Yes,No,No,No internet service,No internet service,No internet service,No internet service,No internet service,No internet service,Two year,No,Mailed check,20.15,No,8
0224-RLWWD,Female,1,No,No,Yes,No,DSL,No,No,No,No,No,No,Month-to-month,Yes,Electronic check,44.3,No,2
0225-ZORZP,Male,0,No,No,Yes,No,Fiber optic,No,Yes,No,No,No,Yes,Month-to-month,No,Electronic check,84.3,No,3
0228-MAUWC,Male,0,No,No,Yes,Yes,DSL,No,No,Yes,Yes,No,No,Month-to-month,No,Electronic check,59.55,No,19
0229-LFJAF,Male,0,No,No,Yes,Yes,DSL,Yes,Yes,Yes,Yes,No,No,Two year,No,Bank transfer (automatic),69.65,No,72
0230-UBYPQ,Male,1,Yes,No,No,No phone service,DSL,Yes,No,No,Yes,No,No,One year,No,Bank transfer (automatic),36.1,No,63
0230-WEQUW,Male,0,Yes,No,No,No phone service,DSL,Yes,Yes,Yes,Yes,Yes,No,Two year,Yes,Bank transfer (automatic),56.6,No,66
0231-LXVAP,Male,0,No,No,Yes,No,Fiber optic,No,No,No,Yes,No,No,Month-to-month,Yes,Electronic check,75.9,Yes,1
0234-TEVTT,Female,0,Yes,Yes,No,No phone service,DSL,Yes,No,Yes,No,No,Yes,One year,No,Credit card (automatic),45.0,No,48
0235-KGSLC,Female,0,No,No,Yes,No,Fiber optic,No,No,Yes,No,Yes,No,Month-to-month,Yes,Credit card (automatic),85.55,Yes,1
0236-HFWSV,Male,0,No,No,Yes,Yes,Fiber optic,No,No,No,No,Yes,Yes,Month-to-month,Yes,Electronic check,93.35,Yes,15
0237-YFUTL,Female,0,Yes,No,Yes,Yes,Fiber optic,Yes,Yes,No,Yes,Yes,Yes,Month-to-month,Yes,Bank transfer (automatic),109.65,No,50
0238-WHBIQ,Male,0,Yes,Yes,Yes,Yes,DSL,Yes,Yes,Yes,Yes,Yes,Yes,Two year,No,Credit card (automatic),89.7,No,72
0239-OXEXL,Female,0,No,No,Yes,Yes,Fiber optic,Yes,Yes,No,No,No,No,Month-to-month,No,Mailed check,84.25,No,46
0244-LGNFY,Female,0,Yes,Yes,Yes,Yes,DSL,Yes,Yes,Yes,Yes,Yes,Yes,Two year,No,Bank transfer (automatic),92.65,No,72
0247-SLUJI,Male,0,Yes,Yes,Yes,No,No,No internet service,No internet service,No internet service,No internet service,No internet service,No internet service,Month-to-month,No,Mailed check,19.7,No,1
0248-IPDFW,Female,0,No,No,Yes,Yes,DSL,No,No,No,No,No,No,Month-to-month,Yes,Electronic check,50.1,No,1
0248-PGHBZ,Female,1,No,No,Yes,No,Fiber optic,Yes,Yes,No,Yes,Yes,No,Two year,Yes,Bank transfer (automatic),92.45,No,67
0254-FNMCI,Female,0,No,No,Yes,No,Fiber optic,Yes,Yes,Yes,Yes,Yes,Yes,Two year,Yes,Electronic check,109.9,No,72
0254-KCJGT,Male,0,Yes,No,Yes,Yes,DSL,Yes,Yes,Yes,Yes,No,Yes,One year,Yes,Credit card (automatic),81.4,No,52
0254-WWRKD,Female,0,Yes,Yes,Yes,No,DSL,No,Yes,No,No,No,No,One year,No,Credit card (automatic),50.55,No,67
0256-LTHVJ,Female,0,Yes,Yes,Yes,No,Fiber optic,No,No,No,No,No,Yes,Month-to-month,Yes,Electronic check,81.05,Yes,28
0257-ZESQC,Female,1,Yes,No,Yes,No,Fiber optic,Yes,No,No,No,No,No,Month-to-month,Yes,Bank transfer (automatic),75.2,Yes,27
0259-GBZSH,Male,0,No,No,Yes,Yes,Fiber optic,No,No,No,No,Yes,No,Month-to-month,Yes,Electronic check,85.65,Yes,2
0260-ZDLGK,Female,0,No,Yes,Yes,No,DSL,No,No,Yes,Yes,Yes,Yes,Month-to-month,Yes,Mailed check,72.9,Yes,9
0263-FJTQO,Male,0,Yes,Yes,Yes,Yes,DSL,Yes,No,No,Yes,Yes,No,Two year,Yes,Credit card (automatic),70.5,No,50
0264-CNITK,Female,0,Yes,Yes,Yes,No,No,No internet service,No internet service,No internet service,No internet service,No internet service,No internet service,Two year,No,Bank transfer (automatic),20.1,No,71
0265-EDXBD,Male,1,Yes,No,Yes,Yes,Fiber optic,No,No,No,No,No,No,Month-to-month,Yes,Electronic check,74.9,Yes,32
0266-CLZKZ,Female,0,Yes,Yes,Yes,Yes,Fiber optic,No,No,Yes,Yes,Yes,Yes,Two year,Yes,Bank transfer (automatic),105.65,No,67
0266-GMEAO,Male,0,Yes,Yes,Yes,Yes,Fiber optic,Yes,Yes,Yes,Yes,Yes,Yes,Two year,Yes,Credit card (automatic),114.3,No,72
0270-THENM,Male,0,Yes,Yes,Yes,Yes,DSL,Yes,Yes,Yes,Yes,No,No,Two year,No,Bank transfer (automatic),69.85,No,72
0277-ORXQS,Male,0,Yes,Yes,No,No phone service,DSL,No,No,No,Yes,Yes,Yes,Two year,No,Bank transfer (automatic),50.55,No,66
0278-YXOOG,Male,0,No,No,Yes,No,No,No internet service,No internet service,No internet service,No internet service,No internet service,No internet service,Month-to-month,No,Mailed check,21.05,Yes,5
0281-CNTZX,Male,0,Yes,No,Yes,No,No,No internet service,No internet service,No internet service,No internet service,No internet service,No internet service,Two year,Yes,Bank transfer (automatic),19.95,No,63
0282-NVSJS,Female,1,Yes,Yes,No,No phone service,DSL,No,No,No,Yes,No,No,Month-to-month,Yes,Mailed check,29.3,No,12
0285-INHLN,Male,0,Yes,Yes,Yes,No,DSL,Yes,Yes,No,No,No,No,Month-to-month,Yes,Credit card (automatic),54.75,No,27
0289-IVARM,Female,0,No,No,Yes,No,DSL,Yes,Yes,Yes,No,No,No,Month-to-month,No,Electronic check,60.55,No,35
0292-WEGCH,Female,0,Yes,Yes,Yes,Yes,DSL,No,Yes,Yes,Yes,Yes,Yes,Month-to-month,Yes,Electronic check,86.2,No,54
0295-PPHDO,Male,0,No,No,Yes,Yes,Fiber optic,No,No,No,No,Yes,Yes,Month-to-month,Yes,Electronic check,95.45,Yes,1
0295-QVKPB,Male,0,No,No,Yes,No,DSL,No,No,Yes,Yes,Yes,No,Month-to-month,Yes,Credit card (automatic),63.95,No,5
0297-RBCSG,Male,0,No,No,Yes,No,DSL,No,Yes,No,Yes,No,Yes,One year,Yes,Bank transfer (automatic),65.35,No,19
0298-XACET,Male,0,Yes,Yes,No,No phone service,DSL,No,Yes,Yes,Yes,Yes,No,Two year,No,Mailed check,50.2,No,52
0301-FIDRB,Female,0,Yes,Yes,No,No phone service,DSL,Yes,Yes,Yes,Yes,Yes,Yes,Two year,Yes,Bank transfer (automatic),63.8,No,72
0301-KOBTQ,Male,0,No,No,Yes,No,No,No internet service,No internet service,No internet service,No internet service,No internet service,No internet service,Two year,Yes,Bank transfer (automatic),20.05,No,32
0302-JOIVN,Female,0,Yes,No,Yes,No,Fiber optic,No,Yes,Yes,No,Yes,Yes,Month-to-month,No,Electronic check,101.15,Yes,8
0303-UNCIP,Male,0,No,No,Yes,Yes,DSL,No,No,Yes,No,No,Yes,One year,No,Mailed check,65.0,No,41
0305-SQECB,Female,0,No,Yes,No,No phone service,DSL,Yes,No,No,Yes,No,No,One year,Yes,Mailed check,36.05,No,11
0306-JAELE,Male,0,No,No,Yes,No,Fiber optic,No,No,No,Yes,Yes,Yes,Month-to-month,Yes,Electronic check,96.1,Yes,5
0307-BCOPK,Female,0,No,No,Yes,No,No,No internet service,No internet service,No internet service,No internet service,No internet service,No internet service,One year,No,Mailed check,19.05,No,16
0308-GIQJT,Male,1,No,No,Yes,Yes,Fiber optic,No,Yes,No,Yes,Yes,Yes,One year,No,Bank transfer (automatic),105.75,No,71
0308-IVGOK,Female,0,No,No,No,No phone service,DSL,No,Yes,Yes,Yes,No,No,One year,Yes,Credit card (automatic),40.4,No,11
0310-MVLET,Female,0,Yes,Yes,Yes,Yes,Fiber optic,No,Yes,No,No,Yes,Yes,Month-to-month,Yes,Electronic check,99.15,Yes,61
0310-SUCIN,Female,0,Yes,No,Yes,No,DSL,Yes,Yes,Yes,Yes,Yes,Yes,One year,Yes,Bank transfer (automatic),84.8,No,71
0310-VQXAM,Male,0,No,No,Yes,No,No,No internet service,No internet service,No internet service,No internet service,No internet service,No internet service,Month-to-month,No,Mailed check,19.85,No,9
0311-QYWSS,Female,0,No,No,Yes,No,DSL,Yes,No,No,No,No,No,Month-to-month,Yes,Electronic check,49.45,No,6
0314-TKOSI,Female,0,No,No,Yes,No,DSL,Yes,Yes,No,No,No,No,Month-to-month,No,Mailed check,55.15,No,6
0315-LVCRK,Male,0,No,No,Yes,No,Fiber optic,No,No,Yes,No,No,Yes,Month-to-month,No,Electronic check,84.8,No,11
0318-QUUOB,Male,0,Yes,No,Yes,No,Fiber optic,No,No,No,No,Yes,No,Month-to-month,Yes,Electronic check,80.55,Yes,1
0318-ZOPWS,Female,0,Yes,No,Yes,No,No,No internet service,No internet service,No internet service,No internet service,No internet service,No internet service,Two year,Yes,Bank transfer (automatic),20.15,No,49
0319-QZTCO,Female,0,Yes,Yes,Yes,No,DSL,No,Yes,No,No,Yes,No,Month-to-month,Yes,Credit card (automatic),58.7,No,3
0320-JDNQG,Male,0,Yes,Yes,Yes,No,Fiber optic,Yes,No,No,Yes,Yes,Yes,Month-to-month,Yes,Electronic check,99.85,Yes,23
0322-YINQP,Male,0,No,No,Yes,No,DSL,Yes,No,No,No,No,No,Month-to-month,Yes,Mailed check,48.55,Yes,1
0323-XWWTN,Male,0,No,Yes,Yes,Yes,No,No internet service,No internet service,No internet service,No internet service,No internet service,No internet service,Two year,Yes,Mailed check,26.4,No,3
0324-BRPCJ,Female,1,Yes,No,Yes,Yes,Fiber optic,No,Yes,No,No,Yes,Yes,Month-to-month,Yes,Electronic check,100.2,Yes,68
0325-XBFAC,Male,0,No,No,Yes,No,Fiber optic,No,No,Yes,No,Yes,Yes,Month-to-month,Yes,Electronic check,94.7,Yes,8
0326-VDYXE,Female,0,Yes,No,Yes,Yes,Fiber optic,No,No,Yes,No,Yes,Yes,One year,Yes,Electronic check,97.65,No,70
0327-WFZSY,Male,0,Yes,Yes,Yes,Yes,Fiber optic,No,No,Yes,No,Yes,Yes,One year,No,Electronic check,100.0,No,39
0328-GRPMV,Female,0,No,No,Yes,No,Fiber optic,No,No,No,No,No,No,Month-to-month,Yes,Electronic check,70.1,Yes,1
0330-BGYZE,Male,0,Yes,No,Yes,Yes,Fiber optic,No,Yes,Yes,No,Yes,Yes,One year,No,Bank transfer (automatic),102.5,No,60
0330-IVZHA,Female,0,Yes,No,Yes,No,Fiber optic,No,No,No,No,No,No,Month-to-month,No,Electronic check,69.95,Yes,5
0334-GDDSO,Male,1,No,No,Yes,Yes,Fiber optic,No,Yes,No,No,No,No,Month-to-month,Yes,Electronic check,81.35,Yes,3
0334-ZFJSR,Female,0,Yes,No,Yes,Yes,DSL,Yes,Yes,No,Yes,No,No,One year,Yes,Credit card (automatic),66.05,No,55
0336-KXKFK,Male,0,No,No,No,No phone service,DSL,Yes,No,Yes,Yes,Yes,Yes,Two year,Yes,Credit card (automatic),61.2,No,72
0337-CNPZE,Female,0,No,No,Yes,Yes,Fiber optic,No,Yes,Yes,No,Yes,Yes,Month-to-month,Yes,Electronic check,106.3,Yes,41
0345-HKJVM,Female,0,No,No,Yes,No,Fiber optic,No,No,No,No,Yes,Yes,Month-to-month,No,Electronic check,89.3,Yes,6
0345-XMMUG,Female,0,Yes,No,Yes,Yes,Fiber optic,No,Yes,Yes,Yes,Yes,Yes,Two year,Yes,Credit card (automatic),108.9,No,46
0347-UBKUZ,Female,0,No,No,Yes,No,No,No internet service,No internet service,No internet service,No internet service,No internet service,No internet service,Month-to-month,No,Mailed check,19.9,No,15
0348-SDKOL,Female,0,Yes,No,Yes,Yes,Fiber optic,No,No,Yes,Yes,Yes,Yes,Month-to-month,Yes,Credit card (automatic),102.1,Yes,58
0354-VXMJC,Male,0,Yes,Yes,Yes,No,No,No internet service,No internet service,No internet service,No internet service,No internet service,No internet service,Two year,No,Credit card (automatic),19.6,No,23
0356-ERHVT,Male,0,Yes,No,Yes,No,DSL,No,No,No,No,No,No,Month-to-month,Yes,Bank transfer (automatic),45.9,No,11
0356-OBMAC,Female,1,No,No,Yes,Yes,Fiber optic,No,Yes,Yes,Yes,Yes,No,Two year,Yes,Bank transfer (automatic),99.9,No,56
0361-HJRDX,Female,0,No,No,No,No phone service,DSL,Yes,Yes,Yes,Yes,Yes,Yes,Two year,No,Credit card (automatic),64.35,No,68
0362-RAOQO,Female,0,No,No,Yes,No,No,No internet service,No internet service,No internet service,No internet service,No internet service,No internet service,Two year,No,Credit card (automatic),19.65,No,40
0362-ZBZWJ,Male,0,No,No,Yes,Yes,Fiber optic,No,No,No,No,No,Yes,Month-to-month,Yes,Electronic check,84.9,Yes,36
0363-QJVFX,Male,0,No,No,Yes,Yes,Fiber optic,Yes,Yes,No,Yes,Yes,Yes,Month-to-month,Yes,Credit card (automatic),108.15,Yes,32
0363-SVHYR,Male,0,Yes,Yes,Yes,Yes,DSL,Yes,Yes,Yes,Yes,Yes,Yes,Two year,No,Bank transfer (automatic),86.85,No,71
0365-GXEZS,Male,0,Yes,No,Yes,No,Fiber optic,No,No,Yes,Yes,No,No,Month-to-month,No,Electronic check,78.2,No,18
0365-TRTPY,Female,0,No,No,Yes,Yes,Fiber optic,Yes,Yes,Yes,No,No,No,Month-to-month,No,Bank transfer (automatic),91.2,No,37
0369-ZGOVK,Female,0,Yes,Yes,Yes,No,Fiber optic,No,No,No,No,No,No,One year,Yes,Bank transfer (automatic),70.4,No,28
0373-AIVNJ,Male,0,No,No,No,No phone service,DSL,Yes,Yes,Yes,No,No,No,One year,No,Mailed check,39.55,No,9
0374-AACSZ,Female,0,No,No,Yes,No,DSL,Yes,No,No,No,No,No,Month-to-month,No,Electronic check,50.15,No,1
0376-OIWME,Male,0,Yes,No,Yes,No,Fiber optic,Yes,No,No,No,Yes,Yes,Month-to-month,Yes,Electronic check,93.6,No,36
0376-YMCJC,Male,0,No,No,Yes,Yes,Fiber optic,No,No,No,Yes,Yes,No,Month-to-month,Yes,Electronic check,90.6,Yes,23
0377-JBKKT,Male,0,Yes,Yes,Yes,No,DSL,Yes,Yes,No,Yes,No,No,Month-to-month,Yes,Mailed check,57.95,No,22
0378-CJKPV,Female,0,Yes,No,Yes,Yes,Fiber optic,Yes,Yes,Yes,Yes,Yes,Yes,Two year,No,Credit card (automatic),112.1,No,72
0378-NHQXU,Female,0,Yes,Yes,Yes,Yes,Fiber optic,No,No,Yes,No,Yes,No,Month-to-month,No,Electronic check,88.25,Yes,17
0378-TOVMS,Female,0,No,No,Yes,No,Fiber optic,No,No,No,Yes,No,Yes,Month-to-month,No,Electronic check,85.8,Yes,3
0378-XSZPU,Male,0,Yes,No,Yes,No,DSL,Yes,Yes,Yes,No,No,No,One year,No,Credit card (automatic),60.3,Yes,58
0379-DJQHR,Male,0,Yes,Yes,Yes,No,DSL,Yes,Yes,Yes,No,Yes,Yes,Two year,No,Credit card (automatic),81.35,No,67
0380-NEAVX,Male,1,No,No,Yes,No,Fiber optic,No,Yes,Yes,No,Yes,Yes,One year,Yes,Electronic check,99.85,No,34
0380-ZCSBI,Male,0,No,No,Yes,No,No,No internet service,No internet service,No internet service,No internet service,No internet service,No internet service,Month-to-month,No,Credit card (automatic),20.0,No,10
0383-CLDDA,Female,0,No,No,Yes,Yes,DSL,Yes,No,Yes,Yes,Yes,Yes,Two year,Yes,Credit card (automatic),85.35,No,69
0384-LPITE,Male,0,No,No,No,No phone service,DSL,Yes,Yes,Yes,No,Yes,Yes,One year,No,Credit card (automatic),62.05,No,40
0386-CWRGM,Female,0,Yes,Yes,Yes,No,No,No internet service,No internet service,No internet service,No internet service,No internet service,No internet service,Two year,No,Mailed check,19.4,No,46
0390-DCFDQ,Female,1,Yes,No,Yes,No,Fiber optic,No,No,No,No,No,No,Month-to-month,Yes,Mailed check,70.45,Yes,1
0392-BZIUW,Female,0,Yes,No,Yes,Yes,Fiber optic,Yes,No,Yes,No,Yes,Yes,Two year,Yes,Credit card (automatic),105.0,No,72
0396-HUJBP,Female,0,No,No,Yes,No,No,No internet service,No internet service,No internet service,No internet service,No internet service,No internet service,Month-to-month,No,Mailed check,19.3,No,2
0396-UKGAI,Male,0,No,Yes,Yes,No,DSL,No,Yes,No,Yes,No,No,Month-to-month,Yes,Bank transfer (automatic),55.3,No,23
0396-YCHWO,Male,0,Yes,No,Yes,Yes,Fiber optic,No,No,No,No,Yes,Yes,Month-to-month,Yes,Electronic check,95.4,No,36
0397-ZXWQF,Male,0,No,No,Yes,No,No,No internet service,No internet service,No internet service,No internet service,No internet service,No internet service,Two year,No,Bank transfer (automatic),20.5,No,67
0401-WDBXM,Male,0,Yes,Yes,Yes,Yes,Fiber optic,Yes,No,Yes,No,Yes,Yes,Two year,Yes,Bank transfer (automatic),105.55,No,72
0402-CQAJN,Female,0,No,No,Yes,Yes,Fiber optic,No,Yes,Yes,No,Yes,Yes,Month-to-month,Yes,Bank transfer (automatic),101.9,Yes,37
0402-OAMEN,Female,0,Yes,Yes,Yes,Yes,No,No internet service,No internet service,No internet service,No internet service,No internet service,No internet service,Two year,No,Bank transfer (automatic),24.45,No,72
0404-SWRVG,Male,0,No,No,Yes,Yes,Fiber optic,No,No,No,No,No,No,Month-to-month,Yes,Electronic check,74.4,Yes,3
0406-BPDVR,Female,1,Yes,No,Yes,Yes,Fiber optic,No,Yes,No,No,Yes,Yes,One year,Yes,Credit card (automatic),101.5,Yes,54
0409-WTMPL,Female,0,Yes,No,Yes,Yes,Fiber optic,Yes,Yes,Yes,No,Yes,Yes,One year,Yes,Credit card (automatic),110.65,No,58
0410-IPFTY,Female,0,Yes,No,Yes,No,Fiber optic,No,Yes,No,No,No,Yes,Month-to-month,Yes,Bank transfer (automatic),83.85,No,31
0411-EZJZE,Female,0,No,No,Yes,Yes,DSL,No,No,No,No,Yes,No,Month-to-month,Yes,Electronic check,60.25,No,3
0412-UCCNP,Male,0,No,No,Yes,No,DSL,Yes,No,Yes,Yes,No,No,Two year,Yes,Electronic check,59.2,No,55
0415-MOSGF,Female,0,No,No,Yes,No,DSL,No,No,No,No,No,No,Month-to-month,No,Mailed check,44.4,Yes,1
0419-YAAPX,Male,0,Yes,No,Yes,No,Fiber optic,No,Yes,No,No,Yes,No,Month-to-month,Yes,Credit card (automatic),85.3,No,49
0420-BWTPW,Male,0,No,Yes,No,No phone service,DSL,No,No,No,No,No,No,Month-to-month,No,Mailed check,25.5,Yes,8
0420-HLGXF,Female,1,No,No,Yes,Yes,Fiber optic,No,No,Yes,No,Yes,Yes,Month-to-month,Yes,Electronic check,99.75,No,39
0422-OHQHQ,Female,0,Yes,Yes,Yes,No,No,No internet service,No internet service,No internet service,No internet service,No internet service,No internet service,One year,No,Mailed check,20.55,No,15
0422-UXFAP,Female,0,Yes,No,Yes,Yes,Fiber optic,No,No,Yes,No,Yes,Yes,One year,Yes,Electronic check,98.85,No,51
0426-TIRNE,Female,0,No,No,Yes,No,No,No internet service,No internet service,No internet service,No internet service,No internet service,No internet service,Month-to-month,No,Mailed check,20.9,Yes,1
0428-AXXLJ,Male,0,No,No,Yes,No,No,No internet service,No internet service,No internet service,No internet service,No internet service,No internet service,One year,Yes,Bank transfer (automatic),19.5,No,25
0428-IKYCP,Male,0,Yes,No,Yes,No,Fiber optic,No,No,Yes,No,Yes,No,Month-to-month,Yes,Bank transfer (automatic),87.0,No,22
0430-IHCDJ,Male,0,No,No,Yes,Yes,DSL,No,No,No,No,No,No,Month-to-month,Yes,Electronic check,49.0,No,15
0431-APWVY,Female,0,Yes,Yes,Yes,No,Fiber optic,No,No,No,No,Yes,Yes,One year,Yes,Bank transfer (automatic),90.1,Yes,28
0432-CAJZV,Male,0,No,No,Yes,No,Fiber optic,No,No,No,No,Yes,Yes,Month-to-month,No,Mailed check,90.7,No,3
0434-CSFON,Female,0,Yes,No,Yes,Yes,Fiber optic,No,No,Yes,No,Yes,Yes,Month-to-month,Yes,Electronic check,100.5,No,47
0436-TWFFZ,Female,0,No,No,Yes,Yes,DSL,Yes,No,Yes,Yes,Yes,Yes,Two year,Yes,Mailed check,85.25,No,67
0439-IFYUN,Female,1,No,No,Yes,No,Fiber optic,No,Yes,No,No,No,No,Month-to-month,Yes,Electronic check,74.7,No,18
0440-EKDCF,Male,0,Yes,No,Yes,No,DSL,No,Yes,Yes,Yes,No,No,Two year,Yes,Credit card (automatic),60.15,No,62
0440-QEXBZ,Female,0,No,No,Yes,Yes,DSL,No,No,No,No,No,No,Month-to-month,Yes,Mailed check,50.15,No,44
0440-UEDAI,Female,0,No,No,Yes,No,Fiber optic,No,Yes,Yes,Yes,No,Yes,One year,Yes,Credit card (automatic),94.45,No,53
0442-TDYUO,Male,0,Yes,No,Yes,No,No,No internet service,No internet service,No internet service,No internet service,No internet service,No internet service,Two year,Yes,Mailed check,20.05,No,48
0442-ZXKVS,Female,1,Yes,No,Yes,Yes,Fiber optic,Yes,Yes,Yes,Yes,Yes,Yes,One year,Yes,Bank transfer (automatic),115.6,No,54
0447-BEMNG,Female,0,Yes,No,No,No phone service,DSL,Yes,No,Yes,No,No,Yes,Month-to-month,Yes,Bank transfer (automatic),45.3,Yes,48
0447-RXSGD,Male,0,No,No,Yes,Yes,Fiber optic,No,Yes,No,No,Yes,Yes,Month-to-month,Yes,Bank transfer (automatic),99.65,No,24
0454-OKRCT,Male,0,No,No,Yes,No,Fiber optic,No,Yes,No,Yes,No,No,Two year,No,Bank transfer (automatic),80.6,No,33
0455-ENTCR,Male,0,Yes,No,Yes,Yes,DSL,Yes,Yes,No,Yes,Yes,Yes,Two year,No,Electronic check,85.25,No,66
0458-HEUZG,Female,0,No,No,No,No phone service,DSL,No,No,Yes,Yes,No,No,Two year,No,Mailed check,35.4,No,13
0459-SPZHJ,Male,0,Yes,Yes,Yes,Yes,DSL,Yes,Yes,Yes,No,Yes,Yes,Two year,No,Credit card (automatic),83.5,No,63
0461-CVKMU,Female,0,Yes,Yes,Yes,No,Fiber optic,No,Yes,Yes,Yes,No,No,Month-to-month,No,Electronic check,83.8,Yes,23
0463-TXOAK,Male,0,No,Yes,Yes,Yes,No,No internet service,No internet service,No internet service,No internet service,No internet service,No internet service,Two year,No,Credit card (automatic),25.6,No,52
0463-WZZKO,Male,0,No,No,Yes,No,No,No internet service,No internet service,No internet service,No internet service,No internet service,No internet service,Month-to-month,Yes,Credit card (automatic),20.75,No,3
0464-WJTKO,Female,0,Yes,Yes,Yes,No,No,No internet service,No internet service,No internet service,No internet service,No internet service,No internet service,Two year,No,Bank transfer (automatic),20.1,No,72
0468-YRPXN,Male,0,No,No,Yes,No,Fiber optic,No,No,Yes,Yes,Yes,Yes,Month-to-month,Yes,Credit card (automatic),98.8,No,29
0471-ARVMX,Female,1,Yes,No,Yes,Yes,Fiber optic,Yes,No,Yes,No,Yes,Yes,One year,Yes,Electronic check,104.85,No,62
0471-LVHGK,Male,0,Yes,No,Yes,Yes,DSL,No,No,Yes,No,Yes,Yes,One year,Yes,Electronic check,73.0,Yes,41
0479-HMSWA,Female,0,No,Yes,Yes,No,Fiber optic,No,Yes,Yes,Yes,Yes,Yes,Two year,Yes,Electronic check,105.45,No,26
0480-BIXDE,Female,0,Yes,No,Yes,No,Fiber optic,No,No,Yes,No,Yes,Yes,Month-to-month,Yes,Electronic check,96.8,No,19
0480-KYJVA,Female,0,Yes,Yes,Yes,Yes,No,No internet service,No internet service,No internet service,No internet service,No internet service,No internet service,Two year,No,Credit card (automatic),24.25,No,72
0481-SUMCB,Female,1,No,No,Yes,Yes,Fiber optic,No,No,Yes,No,Yes,Yes,One year,Yes,Bank transfer (automatic),102.15,No,45
0486-HECZI,Male,0,Yes,No,Yes,Yes,Fiber optic,Yes,Yes,No,No,Yes,No,Month-to-month,Yes,Electronic check,96.75,Yes,55
0487-CRLZF,Female,0,No,No,Yes,No,DSL,No,No,Yes,Yes,Yes,Yes,Two year,Yes,Bank transfer (automatic),74.45,No,49
0487-VVUVK,Male,0,Yes,Yes,Yes,No,No,No internet service,No internet service,No internet service,No internet service,No internet service,No internet service,Month-to-month,Yes,Mailed check,19.15,No,25
0488-GSLFR,Female,0,No,No,Yes,No,Fiber optic,No,No,No,No,No,No,Month-to-month,Yes,Electronic check,69.5,Yes,1
0489-WMEMG,Female,0,No,Yes,Yes,No,DSL,No,No,No,Yes,No,No,One year,Yes,Electronic check,49.45,No,23
0491-KAPQG,Male,0,No,No,Yes,Yes,Fiber optic,No,No,No,No,No,No,Month-to-month,Yes,Electronic check,73.7,No,21
0495-RVCBF,Female,0,No,No,Yes,No,Fiber optic,No,No,No,No,No,Yes,Month-to-month,Yes,Electronic check,79.7,Yes,1
0495-ZBNGW,Male,1,Yes,No,Yes,Yes,Fiber optic,No,No,Yes,No,No,No,Month-to-month,Yes,Bank transfer (automatic),79.9,Yes,5
0504-HHAPI,Female,1,No,No,Yes,Yes,Fiber optic,No,No,Yes,No,No,Yes,Month-to-month,No,Credit card (automatic),88.3,Yes,27
0505-SPOOW,Female,0,Yes,No,Yes,No,No,No internet service,No internet service,No internet service,No internet service,No internet service,No internet service,Two year,No,Bank transfer (automatic),19.8,No,70
0506-LVNGN,Female,1,No,No,Yes,No,Fiber optic,No,No,Yes,No,No,No,Month-to-month,Yes,Credit card (automatic),75.55,Yes,5
0506-YLVKJ,Male,0,Yes,Yes,Yes,No,No,No internet service,No internet service,No internet service,No internet service,No internet service,No internet service,Two year,Yes,Mailed check,20.2,No,46
0508-OOLTO,Female,0,Yes,Yes,Yes,No,Fiber optic,No,No,No,No,No,No,Month-to-month,Yes,Electronic check,71.65,No,2
0512-FLFDW,Female,1,Yes,No,Yes,Yes,Fiber optic,No,No,Yes,No,Yes,Yes,One year,Yes,Credit card (automatic),100.5,No,60
0513-RBGPE,Male,0,Yes,Yes,Yes,Yes,DSL,Yes,No,Yes,Yes,No,No,Two year,Yes,Credit card (automatic),62.8,No,37
0515-YPMCW,Male,0,No,Yes,Yes,No,Fiber optic,No,No,No,No,No,No,Month-to-month,Yes,Mailed check,70.45,Yes,1
0516-OOHAR,Male,0,Yes,Yes,Yes,No,Fiber optic,No,Yes,Yes,No,Yes,Yes,One year,No,Bank transfer (automatic),100.35,No,28
0516-UXRMT,Female,0,No,No,Yes,Yes,Fiber optic,Yes,Yes,Yes,No,No,No,One year,Yes,Electronic check,92.05,No,62
0516-VRYBW,Female,0,No,Yes,Yes,No,No,No internet service,No internet service,No internet service,No internet service,No internet service,No internet service,One year,No,Bank transfer (automatic),20.15,Yes,18
0516-WJVXC,Female,0,No,No,Yes,No,DSL,Yes,No,No,Yes,No,No,Month-to-month,No,Electronic check,54.2,Yes,5
0519-DRGTI,Female,0,Yes,Yes,Yes,No,No,No internet service,No internet service,No internet service,No internet service,No internet service,No internet service,Month-to-month,No,Mailed check,20.35,No,20
0519-XUZJU,Female,0,No,No,Yes,No,Fiber optic,No,No,No,No,No,No,Month-to-month,No,Mailed check,70.75,Yes,1
0526-SXDJP,Male,0,Yes,No,No,No phone service,DSL,Yes,Yes,Yes,No,No,No,Two year,No,Bank transfer (automatic),42.1,No,72
0529-ONKER,Male,1,No,No,Yes,Yes,Fiber optic,No,No,No,No,No,No,Month-to-month,No,Electronic check,75.65,Yes,15
0530-IJVDB,Male,0,No,Yes,Yes,Yes,Fiber optic,Yes,Yes,Yes,Yes,Yes,Yes,Two year,Yes,Electronic check,114.6,No,70
0531-XBKMM,Male,0,No,Yes,Yes,Yes,DSL,Yes,Yes,No,Yes,No,No,Two year,No,Bank transfer (automatic),65.7,No,66
0531-ZZJWQ,Male,1,Yes,No,Yes,Yes,Fiber optic,No,No,No,No,No,No,Month-to-month,Yes,Electronic check,74.0,No,55
0533-UCAAU,Male,1,Yes,No,Yes,Yes,DSL,No,Yes,Yes,No,Yes,No,One year,Yes,Credit card (automatic),71.1,No,57
0536-ACXIP,Female,0,Yes,No,Yes,Yes,Fiber optic,Yes,Yes,Yes,No,Yes,Yes,Two year,Yes,Electronic check,109.55,No,72
0536-BGFMZ,Female,0,Yes,No,Yes,No,No,No internet service,No internet service,No internet service,No internet service,No internet service,No internet service,Month-to-month,No,Mailed check,20.5,No,28
0536-ESJEP,Male,0,Yes,No,Yes,No,DSL,Yes,Yes,No,No,Yes,Yes,Two year,Yes,Bank transfer (automatic),74.55,No,54
0537-QYZZN,Male,1,Yes,Yes,Yes,Yes,Fiber optic,Yes,No,No,No,No,No,Month-to-month,Yes,Electronic check,79.85,No,24
0541-FITGH,Female,0,Yes,No,Yes,No,DSL,Yes,No,No,No,No,Yes,Month-to-month,Yes,Mailed check,62.15,No,2
0547-HURJB,Male,0,No,Yes,Yes,No,No,No internet service,No internet service,No internet service,No internet service,No internet service,No internet service,Month-to-month,No,Credit card (automatic),21.05,No,12
0549-CYCQN,Male,1,No,No,Yes,Yes,Fiber optic,No,Yes,No,No,No,No,One year,Yes,Bank transfer (automatic),79.6,No,51
0550-DCXLH,Male,0,No,No,Yes,No,DSL,No,Yes,No,Yes,Yes,Yes,Month-to-month,No,Mailed check,73.35,No,13
0556-FJEGU,Male,0,No,No,Yes,No,DSL,No,Yes,Yes,Yes,Yes,No,Two year,No,Bank transfer (automatic),70.1,No,58
0557-ASKVU,Female,0,Yes,Yes,Yes,No,DSL,No,No,Yes,Yes,No,No,One year,Yes,Credit card (automatic),54.4,No,18
0559-CKHUS,Female,0,Yes,No,Yes,No,No,No internet service,No internet service,No internet service,No internet service,No internet service,No internet service,Two year,Yes,Mailed check,19.55,No,29
0562-FGDCR,Female,0,Yes,Yes,Yes,Yes,DSL,Yes,Yes,No,Yes,Yes,No,Two year,No,Mailed check,74.55,No,72
0562-HKHML,Male,0,Yes,Yes,Yes,Yes,No,No internet service,No internet service,No internet service,No internet service,No internet service,No internet service,Two year,No,Credit card (automatic),23.9,No,71
0562-KBDVM,Female,0,No,No,No,No phone service,DSL,Yes,Yes,Yes,Yes,No,No,Two year,Yes,Bank transfer (automatic),44.6,No,70
0564-JJHGS,Male,0,No,No,Yes,Yes,Fiber optic,No,No,No,No,Yes,Yes,Month-to-month,Yes,Electronic check,95.5,Yes,9
0564-MUUQK,Female,0,Yes,Yes,Yes,Yes,Fiber optic,No,No,Yes,Yes,No,Yes,Month-to-month,Yes,Bank transfer (automatic),95.5,No,20
0565-IYCGT,Male,0,No,No,Yes,Yes,DSL,Yes,Yes,Yes,Yes,No,Yes,One year,Yes,Credit card (automatic),78.6,Yes,69
0565-JUPYD,Male,0,No,No,Yes,Yes,Fiber optic,Yes,Yes,Yes,Yes,Yes,No,One year,No,Credit card (automatic),104.5,No,63
0567-GGCAC,Female,0,No,No,Yes,No,DSL,Yes,Yes,Yes,No,No,No,Month-to-month,No,Electronic check,61.4,No,7
0568-ONFPC,Male,0,Yes,Yes,Yes,Yes,No,No internet service,No internet service,No internet service,No internet service,No internet service,No internet service,Month-to-month,Yes,Bank transfer (automatic),25.9,Yes,5
0570-BFQHT,Female,0,No,No,Yes,No,Fiber optic,No,Yes,Yes,No,No,No,Month-to-month,No,Electronic check,80.55,No,9
0572-ZJKLT,Female,0,Yes,Yes,Yes,Yes,Fiber optic,Yes,No,Yes,Yes,No,Yes,Two year,No,Mailed check,99.65,No,46
0575-CUQOV,Male,1,Yes,No,Yes,No,Fiber optic,No,Yes,Yes,No,Yes,Yes,One year,Yes,Electronic check,97.95,No,60
0576-WNXXC,Male,1,Yes,No,Yes,Yes,Fiber optic,No,Yes,Yes,No,No,Yes,Month-to-month,Yes,Electronic check,95.55,Yes,27
0577-WHMEV,Female,0,Yes,No,Yes,Yes,Fiber optic,Yes,Yes,Yes,No,No,No,Month-to-month,No,Electronic check,90.7,No,16
0578-SKVMF,Female,0,Yes,Yes,Yes,No,Fiber optic,No,Yes,No,No,No,Yes,Month-to-month,No,Electronic check,83.3,Yes,22
0580-PIQHM,Female,0,Yes,Yes,Yes,Yes,Fiber optic,Yes,Yes,Yes,No,No,Yes,One year,Yes,Bank transfer (automatic),101.6,No,41
0581-BXBUB,Female,1,No,No,Yes,No,Fiber optic,No,Yes,No,No,No,No,Month-to-month,No,Electronic check,72.75,No,4
0581-MDMPW,Female,0,No,No,Yes,Yes,Fiber optic,No,No,Yes,No,Yes,No,Month-to-month,Yes,Credit card (automatic),88.95,No,24
0582-AVCLN,Female,0,No,No,Yes,No,No,No internet service,No internet service,No internet service,No internet service,No internet service,No internet service,Two year,No,Mailed check,20.3,No,38
0584-BJQGZ,Female,0,No,No,Yes,Yes,DSL,Yes,Yes,Yes,Yes,Yes,No,Month-to-month,Yes,Bank transfer (automatic),78.35,No,25
0594-UFTUL,Male,0,Yes,Yes,Yes,No,No,No internet service,No internet service,No internet service,No internet service,No internet service,No internet service,Month-to-month,Yes,Mailed check,19.85,No,13
0596-BQCEQ,Female,0,Yes,Yes,Yes,No,Fiber optic,No,Yes,Yes,No,Yes,Yes,Month-to-month,Yes,Electronic check,100.15,Yes,62
0599-XNYDO,Female,0,Yes,No,Yes,No,Fiber optic,No,No,No,No,No,No,Month-to-month,Yes,Bank transfer (automatic),69.8,No,20
0601-WZHJF,Male,0,Yes,No,No,No phone service,DSL,No,No,No,No,Yes,Yes,Month-to-month,No,Electronic check,46.35,Yes,14
0602-DDUML,Female,0,No,No,Yes,No,DSL,No,Yes,Yes,Yes,Yes,No,Two year,No,Mailed check,69.75,No,57
0603-TPMIB,Female,0,Yes,Yes,Yes,Yes,No,No internet service,No internet service,No internet service,No internet service,No internet service,No internet service,Two year,No,Mailed check,25.45,No,59
0604-THJFP,Female,0,Yes,Yes,Yes,No,DSL,No,Yes,No,Yes,Yes,Yes,Two year,Yes,Credit card (automatic),75.95,No,59
0607-DAAHE,Male,0,No,Yes,Yes,No,No,No internet service,No internet service,No internet service,No internet service,No internet service,No internet service,Two year,No,Bank transfer (automatic),19.75,Yes,53
0607-MVMGC,Male,0,Yes,Yes,Yes,Yes,DSL,No,Yes,Yes,No,Yes,Yes,One year,No,Credit card (automatic),78.75,No,45
0611-DFXKO,Male,0,Yes,No,Yes,No,Fiber optic,No,No,No,No,Yes,Yes,Month-to-month,Yes,Mailed check,89.0,Yes,20
0612-RTZZA,Female,1,No,No,No,No phone service,DSL,No,No,No,No,No,No,Month-to-month,No,Electronic check,25.25,Yes,1
0613-WUXUM,Female,0,Yes,Yes,Yes,No,No,No internet service,No internet service,No internet service,No internet service,No internet service,No internet service,Two year,Yes,Mailed check,19.2,No,70
0616-ATFGB,Male,1,Yes,No,No,No phone service,DSL,No,No,No,No,No,No,Month-to-month,No,Electronic check,25.05,Yes,1
0618-XWMSS,Male,0,No,Yes,Yes,No,Fiber optic,Yes,No,No,No,No,No,Month-to-month,Yes,Bank transfer (automatic),74.9,Yes,28
0619-OLYUR,Male,0,Yes,No,Yes,Yes,Fiber optic,Yes,No,Yes,Yes,Yes,Yes,Two year,Yes,Credit card (automatic),111.9,No,72
0620-DLSLK,Female,0,No,No,Yes,No,Fiber optic,No,No,No,No,Yes,No,Month-to-month,Yes,Mailed check,81.9,No,13
0620-XEFWH,Male,0,Yes,Yes,Yes,No,No,No internet service,No internet service,No internet service,No internet service,No internet service,No internet service,Month-to-month,No,Mailed check,18.85,No,4
0621-CXBKL,Female,0,No,No,Yes,No,No,No internet service,No internet service,No internet service,No internet service,No internet service,No internet service,Two year,No,Mailed check,18.7,No,53
0621-HJWXJ,Female,0,Yes,No,Yes,Yes,Fiber optic,No,Yes,No,No,No,No,Month-to-month,Yes,Bank transfer (automatic),81.55,No,63
0621-JFHOL,Female,0,No,No,No,No phone service,DSL,No,No,No,Yes,No,No,Two year,Yes,Mailed check,29.6,No,10
0621-TSSMU,Male,0,Yes,No,Yes,No,No,No internet service,No internet service,No internet service,No internet service,No internet service,No internet service,One year,No,Credit card (automatic),19.95,No,56
0623-EJQEG,Male,0,No,No,Yes,Yes,Fiber optic,Yes,No,No,Yes,No,Yes,One year,No,Electronic check,93.55,No,65
0623-GDISB,Female,0,No,No,Yes,No,DSL,Yes,No,No,No,No,No,Month-to-month,Yes,Bank transfer (automatic),48.45,No,1
0626-QXNGV,Female,0,Yes,No,Yes,Yes,No,No internet service,No internet service,No internet service,No internet service,No internet service,No internet service,Two year,Yes,Credit card (automatic),24.15,No,72
0628-CNQRM,Male,0,Yes,Yes,Yes,No,DSL,Yes,No,Yes,Yes,Yes,No,One year,Yes,Bank transfer (automatic),67.5,Yes,22
0634-SZPQA,Female,0,No,No,Yes,Yes,Fiber optic,Yes,No,No,No,Yes,No,Month-to-month,Yes,Bank transfer (automatic),90.05,Yes,23
0635-WKOLD,Male,0,Yes,No,Yes,Yes,DSL,No,Yes,No,Yes,Yes,No,One year,No,Credit card (automatic),70.75,No,40
0637-UBJRP,Male,0,Yes,Yes,Yes,No,Fiber optic,Yes,No,No,No,No,Yes,Month-to-month,No,Electronic check,84.05,Yes,13
0637-YLETY,Female,0,No,No,Yes,Yes,Fiber optic,No,Yes,Yes,No,No,Yes,Month-to-month,Yes,Credit card (automatic),95.6,Yes,16
0639-TSIQW,Female,0,No,No,Yes,Yes,Fiber optic,Yes,Yes,Yes,No,Yes,No,Month-to-month,Yes,Credit card (automatic),102.95,Yes,67
0640-YJTPY,Male,0,Yes,Yes,Yes,No,No,No internet service,No internet service,No internet service,No internet service,No internet service,No internet service,Two year,No,Bank transfer (automatic),21.0,No,72
0641-EVBOJ,Male,0,No,No,Yes,No,Fiber optic,Yes,No,No,Yes,No,No,Month-to-month,Yes,Mailed check,82.3,No,3
0643-OKLRP,Female,1,Yes,No,Yes,Yes,Fiber optic,Yes,No,No,No,No,No,Month-to-month,No,Electronic check,80.35,Yes,47
0644-OQMDK,Male,1,No,No,Yes,No,Fiber optic,No,No,No,No,No,No,Month-to-month,Yes,Electronic check,70.65,No,4
0650-BWOZN,Female,1,No,No,Yes,No,Fiber optic,No,Yes,No,No,No,No,Month-to-month,Yes,Electronic check,73.55,No,18
0654-HMSHN,Male,0,Yes,Yes,Yes,Yes,Fiber optic,No,Yes,Yes,No,Yes,Yes,Month-to-month,No,Electronic check,104.4,Yes,21
0654-PQKDW,Female,0,Yes,Yes,Yes,No,DSL,Yes,No,Yes,Yes,Yes,No,One year,Yes,Bank transfer (automatic),70.75,No,62
0655-RBDUG,Male,0,No,No,Yes,Yes,Fiber optic,No,No,Yes,No,Yes,Yes,Month-to-month,Yes,Bank transfer (automatic),98.05,Yes,7
0657-DOGUM,Female,0,Yes,No,Yes,Yes,DSL,Yes,No,No,Yes,No,No,One year,Yes,Bank transfer (automatic),60.6,No,48
0661-KBKPA,Male,0,Yes,Yes,Yes,Yes,DSL,No,No,Yes,Yes,Yes,Yes,One year,Yes,Mailed check,78.75,No,53
0661-KQHNK,Female,0,Yes,Yes,Yes,No,No,No internet service,No internet service,No internet service,No internet service,No internet service,No internet service,One year,No,Credit card (automatic),19.0,No,6
0661-WCQNQ,Male,0,Yes,No,Yes,No,DSL,Yes,No,No,Yes,No,No,One year,Yes,Credit card (automatic),56.25,No,22
0661-XEYAN,Female,1,No,No,No,No phone service,DSL,No,No,No,No,No,No,Month-to-month,Yes,Mailed check,25.8,Yes,1
0665-XHDJU,Male,0,Yes,No,Yes,Yes,Fiber optic,No,Yes,No,No,Yes,Yes,Two year,Yes,Electronic check,99.4,No,72
0666-UXTJO,Male,1,Yes,No,Yes,No,Fiber optic,No,No,Yes,No,Yes,No,Month-to-month,Yes,Credit card (automatic),85.2,No,34
0667-NSRGI,Female,0,Yes,No,Yes,Yes,DSL,No,No,Yes,Yes,No,Yes,One year,Yes,Mailed check,69.55,No,48
0668-OGMHD,Female,0,Yes,No,No,No phone service,DSL,Yes,No,No,No,No,No,Month-to-month,No,Electronic check,28.5,No,21
0670-ANMUU,Male,0,No,No,Yes,Yes,Fiber optic,Yes,No,No,Yes,No,Yes,One year,No,Credit card (automatic),97.65,No,71
0670-KDOMA,Female,0,No,No,Yes,No,No,No internet service,No internet service,No internet service,No internet service,No internet service,No internet service,Month-to-month,Yes,Mailed check,20.25,No,1
0673-IGUQO,Male,0,No,No,Yes,No,No,No internet service,No internet service,No internet service,No internet service,No internet service,No internet service,Month-to-month,No,Mailed check,20.45,No,1
0674-EYYZV,Female,0,No,No,Yes,No,DSL,No,No,No,No,Yes,No,Month-to-month,Yes,Electronic check,54.65,No,1
0674-GCDXG,Male,0,No,No,Yes,Yes,DSL,Yes,No,Yes,Yes,No,Yes,Two year,Yes,Bank transfer (automatic),71.9,No,63
0675-NCDYU,Female,0,Yes,Yes,Yes,Yes,Fiber optic,Yes,Yes,Yes,Yes,Yes,Yes,Two year,Yes,Credit card (automatic),116.4,No,72
0678-RLHVP,Female,0,No,No,Yes,Yes,Fiber optic,No,Yes,Yes,No,Yes,Yes,Two year,No,Electronic check,105.55,No,53
0679-IDSTG,Female,1,Yes,Yes,Yes,No,Fiber optic,No,No,No,No,No,No,Month-to-month,Yes,Electronic check,69.25,Yes,1
0679-TDGAK,Male,0,Yes,Yes,Yes,No,DSL,Yes,No,No,Yes,Yes,Yes,One year,No,Electronic check,75.5,No,50
0680-DFNNY,Male,0,Yes,No,Yes,Yes,Fiber optic,No,No,Yes,No,Yes,Yes,Month-to-month,Yes,Electronic check,101.1,Yes,15
0682-USIXD,Female,0,Yes,No,Yes,No,Fiber optic,No,No,No,Yes,Yes,No,Month-to-month,Yes,Electronic check,86.05,No,21
0684-AOSIH,Male,0,Yes,No,Yes,No,Fiber optic,Yes,No,No,No,Yes,Yes,Month-to-month,Yes,Electronic check,95.0,Yes,1
0685-MLYYM,Female,1,No,No,Yes,No,Fiber optic,No,No,No,No,No,No,Month-to-month,No,Electronic check,70.75,Yes,2
0687-ZVTHB,Male,0,Yes,Yes,Yes,Yes,DSL,Yes,Yes,Yes,No,No,Yes,One year,No,Credit card (automatic),72.45,Yes,65
0689-DSXGL,Female,0,Yes,Yes,Yes,No,Fiber optic,No,Yes,Yes,Yes,No,No,Month-to-month,No,Bank transfer (automatic),85.8,No,52
0689-NKYLF,Male,0,No,No,Yes,No,Fiber optic,No,No,Yes,No,Yes,No,Month-to-month,Yes,Electronic check,83.2,Yes,13
0690-SRQID,Male,0,No,No,Yes,No,No,No internet service,No internet service,No internet service,No internet service,No internet service,No internet service,Month-to-month,Yes,Mailed check,19.65,No,4
0691-IFBQW,Female,1,No,No,Yes,Yes,Fiber optic,Yes,Yes,Yes,No,Yes,Yes,One year,Yes,Electronic check,110.0,Yes,46
0691-JVSYA,Female,0,Yes,No,Yes,No,Fiber optic,No,No,Yes,No,Yes,Yes,One year,Yes,Bank transfer (automatic),94.85,Yes,53
0691-NIKRI,Female,0,No,No,Yes,Yes,Fiber optic,No,No,Yes,Yes,Yes,Yes,One year,Yes,Credit card (automatic),105.95,No,40
0696-UKTOX,Male,0,No,Yes,Yes,No,DSL,No,Yes,No,Yes,No,No,Month-to-month,No,Electronic check,54.15,No,23
0697-ZMSWS,Male,0,No,No,Yes,Yes,Fiber optic,No,No,No,No,No,Yes,Month-to-month,Yes,Electronic check,85.65,Yes,4
0699-NDKJM,Female,0,Yes,No,No,No phone service,DSL,Yes,Yes,Yes,No,Yes,Yes,Month-to-month,Yes,Bank transfer (automatic),58.75,No,57
0701-RFGFI,Female,0,Yes,Yes,Yes,Yes,Fiber optic,No,No,No,No,Yes,Yes,Month-to-month,Yes,Bank transfer (automatic),95.4,No,49
0701-TJSEF,Male,0,No,No,Yes,No,DSL,Yes,No,Yes,Yes,No,Yes,Month-to-month,Yes,Bank transfer (automatic),68.25,No,9
0702-PGIBZ,Male,0,No,Yes,Yes,Yes,Fiber optic,No,Yes,No,No,Yes,Yes,Month-to-month,Yes,Electronic check,101.7,Yes,4
0704-VCUMB,Female,0,Yes,No,Yes,No,No,No internet service,No internet service,No internet service,No internet service,No internet service,No internet service,Two year,No,Credit card (automatic),20.25,No,61
0707-HOVVN,Female,1,No,No,Yes,Yes,DSL,No,Yes,Yes,Yes,Yes,No,Two year,Yes,Bank transfer (automatic),75.5,No,70
0708-LGSMF,Male,0,Yes,No,Yes,Yes,DSL,Yes,No,No,No,No,Yes,Month-to-month,Yes,Electronic check,65.85,No,13
0708-SJDIS,Female,0,No,No,Yes,Yes,DSL,No,No,No,Yes,Yes,No,Month-to-month,No,Mailed check,65.0,No,34
0709-TVGUR,Female,1,No,No,Yes,Yes,Fiber optic,No,No,No,No,No,No,Month-to-month,Yes,Electronic check,74.55,Yes,9
0722-SVSFK,Female,0,No,No,Yes,No,Fiber optic,No,No,Yes,Yes,Yes,Yes,Month-to-month,Yes,Electronic check,100.4,No,7
0722-TROQR,Female,1,No,No,Yes,Yes,Fiber optic,No,No,No,No,No,No,Month-to-month,Yes,Electronic check,74.9,Yes,4
0723-FDLAY,Male,0,No,No,Yes,Yes,DSL,No,Yes,Yes,Yes,Yes,Yes,One year,Yes,Bank transfer (automatic),85.25,No,44
0723-VSOBE,Female,1,No,No,No,No phone service,DSL,No,No,No,No,No,Yes,One year,No,Electronic check,34.2,No,45
0725-CXOTM,Female,0,No,No,Yes,Yes,DSL,Yes,No,Yes,Yes,Yes,Yes,One year,Yes,Credit card (automatic),89.65,No,36
0727-BNRLG,Male,0,No,No,Yes,Yes,Fiber optic,No,Yes,Yes,Yes,Yes,No,Two year,Yes,Credit card (automatic),97.65,No,69
0727-IWKVK,Male,0,Yes,No,Yes,No,Fiber optic,No,Yes,Yes,No,No,No,Month-to-month,Yes,Electronic check,79.9,Yes,9
0730-BGQGF,Male,0,Yes,Yes,Yes,Yes,DSL,Yes,Yes,Yes,Yes,Yes,Yes,Two year,No,Credit card (automatic),90.3,No,71
0730-KOAVE,Male,0,No,No,Yes,Yes,Fiber optic,Yes,Yes,No,No,No,Yes,Month-to-month,Yes,Credit card (automatic),94.3,No,30
0731-EBJQB,Female,0,Yes,Yes,Yes,No,No,No internet service,No internet service,No internet service,No internet service,No internet service,No internet service,One year,Yes,Electronic check,20.4,No,52
0732-OCQOC,Female,0,Yes,Yes,Yes,Yes,No,No internet service,No internet service,No internet service,No internet service,No internet service,No internet service,Two year,Yes,Bank transfer (automatic),25.05,No,52
0733-VUNUW,Male,0,No,No,Yes,Yes,DSL,Yes,No,No,No,No,No,Month-to-month,Yes,Bank transfer (automatic),55.65,Yes,24
0742-MOABM,Male,0,Yes,No,Yes,No,DSL,No,No,No,Yes,No,No,Month-to-month,No,Mailed check,50.05,Yes,4
0743-HRVFF,Female,0,Yes,Yes,No,No phone service,DSL,No,No,Yes,Yes,Yes,Yes,One year,Yes,Electronic check,56.15,No,51
0744-BIKKF,Male,0,No,No,Yes,Yes,DSL,Yes,Yes,Yes,Yes,Yes,Yes,Two year,No,Bank transfer (automatic),86.65,No,72
0746-JTRFU,Male,0,No,No,No,No phone service,DSL,No,No,No,No,No,No,Month-to-month,Yes,Electronic check,25.05,Yes,2
0748-RDGGM,Male,0,Yes,No,Yes,No,Fiber optic,Yes,Yes,Yes,Yes,Yes,Yes,One year,Yes,Bank transfer (automatic),109.5,Yes,70
0749-IRGQE,Female,1,Yes,No,No,No phone service,DSL,No,No,No,No,Yes,Yes,Month-to-month,No,Electronic check,45.3,No,13
0750-EBAIU,Male,0,No,No,Yes,No,Fiber optic,Yes,No,Yes,No,Yes,No,One year,No,Electronic check,91.25,No,52
0750-EKNGL,Male,0,No,No,Yes,No,No,No internet service,No internet service,No internet service,No internet service,No internet service,No internet service,Month-to-month,No,Mailed check,20.75,No,7
0756-MPZRL,Male,0,No,No,No,No phone service,DSL,No,No,Yes,Yes,No,No,One year,No,Credit card (automatic),33.7,No,46
0757-WCUUZ,Male,0,Yes,Yes,Yes,Yes,DSL,No,No,Yes,No,No,Yes,Two year,No,Credit card (automatic),63.35,No,54
0761-AETCS,Female,0,No,No,Yes,No,No,No internet service,No internet service,No internet service,No internet service,No internet service,No internet service,Month-to-month,No,Electronic check,19.3,Yes,1
0769-MURVM,Female,0,Yes,Yes,No,No phone service,DSL,Yes,Yes,Yes,Yes,Yes,Yes,Two year,No,Bank transfer (automatic),65.7,No,72
0772-GYEQQ,Male,0,No,No,Yes,No,Fiber optic,No,No,Yes,Yes,Yes,No,Month-to-month,Yes,Mailed check,88.35,Yes,3
0774-IFUVM,Male,0,Yes,Yes,Yes,Yes,DSL,Yes,No,No,No,Yes,No,Month-to-month,Yes,Bank transfer (automatic),65.15,No,11
0774-RMNUW,Female,0,Yes,Yes,No,No phone service,DSL,Yes,Yes,No,Yes,Yes,Yes,Two year,No,Bank transfer (automatic),59.7,No,71
0778-NELLA,Male,0,No,No,No,No phone service,DSL,No,No,No,No,Yes,No,Month-to-month,Yes,Credit card (automatic),34.7,Yes,9
0780-XNZFN,Male,0,No,No,Yes,No,No,No internet service,No internet service,No internet service,No internet service,No internet service,No internet service,Two year,No,Bank transfer (automatic),20.65,No,57
0781-LKXBR,Male,1,No,No,Yes,Yes,Fiber optic,No,No,Yes,No,Yes,Yes,Month-to-month,Yes,Electronic check,100.5,Yes,9
0784-GTUUK,Male,0,Yes,No,Yes,Yes,No,No internet service,No internet service,No internet service,No internet service,No internet service,No internet service,One year,Yes,Credit card (automatic),23.75,No,62
0784-ZQJZX,Male,0,No,Yes,Yes,No,No,No internet service,No internet service,No internet service,No internet service,No internet service,No internet service,Two year,No,Credit card (automatic),19.9,No,72
0787-LHDYT,Male,0,No,No,Yes,No,No,No internet service,No internet service,No internet service,No internet service,No internet service,No internet service,Month-to-month,Yes,Credit card (automatic),20.6,No,16
0793-TWELN,Female,0,No,No,Yes,Yes,Fiber optic,Yes,No,No,No,No,No,Month-to-month,Yes,Electronic check,80.15,No,4
0794-YVSGE,Male,0,Yes,Yes,Yes,No,No,No internet service,No internet service,No internet service,No internet service,No internet service,No internet service,Two year,No,Bank transfer (automatic),20.3,No,72
0795-GMVQO,Male,0,Yes,No,Yes,Yes,Fiber optic,Yes,Yes,Yes,No,Yes,Yes,One year,No,Credit card (automatic),109.9,No,67
0795-LAFGP,Male,0,Yes,Yes,Yes,Yes,DSL,Yes,Yes,Yes,Yes,Yes,Yes,Two year,No,Electronic check,90.4,No,71
0795-XCCTE,Male,1,No,No,Yes,Yes,No,No internet service,No internet service,No internet service,No internet service,No internet service,No internet service,Two year,No,Bank transfer (automatic),25.4,No,72
0799-DDIHE,Female,0,Yes,Yes,Yes,No,DSL,No,No,No,No,No,No,Month-to-month,No,Electronic check,46.3,No,15
0804-XBFBV,Female,0,No,Yes,No,No phone service,DSL,No,No,No,No,No,No,Month-to-month,No,Electronic check,25.2,No,11
0804-YGEQV,Female,0,Yes,Yes,Yes,Yes,No,No internet service,No internet service,No internet service,No internet service,No internet service,No internet service,One year,Yes,Bank transfer (automatic),24.45,No,43
0807-ZABDG,Female,0,No,Yes,Yes,No,DSL,Yes,No,No,Yes,No,No,Month-to-month,Yes,Mailed check,55.1,Yes,3
0810-DHDBD,Female,0,No,No,Yes,Yes,DSL,Yes,No,Yes,Yes,Yes,No,One year,No,Credit card (automatic),74.0,No,52
0811-GSDTP,Female,0,No,Yes,No,No phone service,DSL,No,Yes,No,No,No,No,Month-to-month,No,Electronic check,30.15,No,13
0812-WUPTB,Male,1,Yes,No,Yes,No,Fiber optic,No,No,No,No,No,No,Month-to-month,No,Mailed check,70.85,Yes,1
0813-TAXXS,Male,0,No,No,Yes,Yes,DSL,No,No,Yes,No,Yes,Yes,Two year,Yes,Bank transfer (automatic),77.8,No,55
0815-MFZGM,Female,0,Yes,No,Yes,No,Fiber optic,No,No,Yes,Yes,Yes,Yes,Two year,Yes,Credit card (automatic),99.0,No,42
0816-TSPHQ,Male,0,No,No,Yes,No,No,No internet service,No internet service,No internet service,No internet service,No internet service,No internet service,Month-to-month,No,Mailed check,20.75,No,2
0817-HSUSE,Male,0,No,No,Yes,No,DSL,No,No,Yes,Yes,Yes,Yes,Month-to-month,Yes,Electronic check,75.5,No,1
0818-OCPZO,Male,1,No,No,Yes,Yes,Fiber optic,No,Yes,No,No,No,No,Month-to-month,Yes,Electronic check,81.45,Yes,27
0820-FNRNX,Male,0,Yes,Yes,Yes,Yes,DSL,No,Yes,Yes,Yes,No,No,Month-to-month,Yes,Mailed check,66.7,No,17
0822-GAVAP,Female,0,No,No,No,No phone service,DSL,No,No,No,No,No,Yes,Month-to-month,Yes,Electronic check,34.7,Yes,2
0822-QGCXA,Female,1,Yes,No,Yes,Yes,DSL,No,Yes,Yes,Yes,Yes,Yes,Month-to-month,No,Electronic check,83.85,No,27
0823-HSCDJ,Male,1,No,No,No,No phone service,DSL,No,Yes,No,No,Yes,Yes,Month-to-month,Yes,Electronic check,49.15,Yes,52
0824-VWDPO,Female,0,No,No,Yes,Yes,Fiber optic,Yes,Yes,No,No,No,Yes,One year,No,Bank transfer (automatic),96.75,No,45
0825-CPPQH,Female,0,Yes,No,Yes,No,No,No internet service,No internet service,No internet service,No internet service,No internet service,No internet service,Two year,No,Credit card (automatic),19.1,No,71
0827-ITJPH,Male,0,No,No,Yes,No,No,No internet service,No internet service,No internet service,No internet service,No internet service,No internet service,Two year,Yes,Credit card (automatic),18.55,No,36
0829-DDVLK,Female,0,No,No,Yes,No,No,No internet service,No internet service,No internet service,No internet service,No internet service,No internet service,One year,No,Credit card (automatic),20.1,No,15
0831-JNISG,Male,0,Yes,Yes,Yes,No,No,No internet service,No internet service,No internet service,No internet service,No internet service,No internet service,Two year,No,Mailed check,19.8,No,71
0835-DUUIQ,Female,0,No,Yes,Yes,No,No,No internet service,No internet service,No internet service,No internet service,No internet service,No internet service,One year,No,Bank transfer (automatic),21.05,No,24
0836-SEYLU,Male,0,Yes,No,No,No phone service,DSL,No,No,No,Yes,Yes,No,Month-to-month,No,Mailed check,40.65,Yes,9
0839-JTCUD,Female,0,Yes,Yes,Yes,Yes,DSL,Yes,Yes,Yes,Yes,Yes,Yes,Two year,No,Credit card (automatic),89.9,No,66
0839-QNXME,Female,0,No,No,Yes,No,No,No internet service,No internet service,No internet service,No internet service,No internet service,No internet service,Two year,No,Credit card (automatic),19.4,No,30
0840-DCNZE,Male,0,No,No,Yes,No,DSL,Yes,Yes,Yes,Yes,Yes,Yes,One year,Yes,Bank transfer (automatic),86.95,No,47
0840-DFEZH,Female,0,No,No,Yes,Yes,Fiber optic,No,No,No,No,No,No,Month-to-month,Yes,Electronic check,75.35,No,7
0841-NULXI,Male,0,No,No,No,No phone service,DSL,No,No,No,No,No,Yes,Month-to-month,Yes,Electronic check,35.55,Yes,1
0842-IWYCP,Female,0,No,No,Yes,No,DSL,No,No,No,No,No,No,Month-to-month,No,Bank transfer (automatic),44.95,No,46
0843-WTBXE,Male,0,No,No,Yes,Yes,Fiber optic,No,No,No,No,Yes,No,Month-to-month,No,Bank transfer (automatic),85.45,Yes,53
0847-HGRML,Male,0,No,Yes,Yes,No,No,No internet service,No internet service,No internet service,No internet service,No internet service,No internet service,Two year,No,Bank transfer (automatic),20.0,No,62
0848-SOMKO,Male,0,No,No,No,No phone service,DSL,Yes,No,Yes,Yes,No,Yes,Two year,No,Bank transfer (automatic),48.4,No,70
0848-ZGQIJ,Female,0,Yes,No,Yes,No,Fiber optic,No,Yes,No,No,Yes,Yes,Month-to-month,Yes,Bank transfer (automatic),94.65,No,16
0853-NWIFK,Female,0,No,No,Yes,No,Fiber optic,Yes,Yes,No,No,Yes,Yes,One year,Yes,Electronic check,100.3,No,45
0853-TWRVK,Male,0,Yes,No,Yes,Yes,Fiber optic,Yes,Yes,Yes,Yes,No,Yes,Two year,No,Bank transfer (automatic),105.6,No,72
0854-UYHZD,Female,0,Yes,Yes,Yes,No,No,No internet service,No internet service,No internet service,No internet service,No internet service,No internet service,Two year,No,Mailed check,19.55,No,13
0856-NAOES,Male,0,No,No,Yes,No,DSL,No,No,Yes,No,Yes,No,Month-to-month,No,Mailed check,60.9,No,6
0862-PRCBS,Female,0,Yes,Yes,Yes,Yes,Fiber optic,No,Yes,No,Yes,Yes,Yes,Two year,Yes,Credit card (automatic),103.75,No,68
0864-FVJNJ,Female,0,Yes,Yes,Yes,Yes,Fiber optic,Yes,Yes,Yes,Yes,Yes,Yes,One year,No,Electronic check,113.35,No,64
0866-QLSIR,Female,0,No,No,Yes,Yes,DSL,Yes,Yes,No,Yes,No,No,One year,Yes,Mailed check,64.4,Yes,34
0867-LDTTC,Male,0,No,No,Yes,No,DSL,No,No,Yes,Yes,Yes,Yes,Month-to-month,No,Bank transfer (automatic),75.15,No,5
0867-MKZVY,Female,0,Yes,No,Yes,Yes,Fiber optic,Yes,No,No,No,No,No,Month-to-month,No,Electronic check,82.4,Yes,20
0868-VJRDR,Male,0,Yes,No,Yes,No,Fiber optic,Yes,Yes,No,Yes,Yes,Yes,Two year,Yes,Credit card (automatic),104.05,No,64
0869-PAPRP,Female,1,Yes,No,Yes,No,Fiber optic,No,No,Yes,No,Yes,No,Month-to-month,Yes,Credit card (automatic),85.7,No,26
0870-VEMYL,Female,0,No,No,Yes,No,DSL,Yes,No,No,Yes,No,No,Month-to-month,No,Credit card (automatic),53.85,Yes,5
0871-OPBXW,Female,0,No,No,Yes,No,No,No internet service,No internet service,No internet service,No internet service,No internet service,No internet service,Month-to-month,Yes,Mailed check,20.05,No,2
0871-URUWO,Male,0,Yes,No,Yes,Yes,Fiber optic,No,No,Yes,No,Yes,Yes,Month-to-month,Yes,Credit card (automatic),102.25,Yes,13
0872-CASZJ,Male,0,Yes,No,Yes,Yes,DSL,Yes,No,No,Yes,No,Yes,One year,Yes,Mailed check,69.1,No,59
0872-JCPIB,Male,0,No,No,Yes,Yes,DSL,Yes,No,No,No,No,Yes,Month-to-month,No,Bank transfer (automatic),65.75,No,17
0872-NXJYS,Female,0,No,No,Yes,No,Fiber optic,No,No,No,No,No,Yes,Month-to-month,Yes,Electronic check,79.55,Yes,9
0875-CABNR,Female,1,No,No,Yes,No,Fiber optic,No,No,Yes,No,No,Yes,Month-to-month,Yes,Credit card (automatic),84.6,Yes,10
0877-SDMBN,Female,0,No,No,Yes,Yes,Fiber optic,Yes,No,Yes,No,Yes,Yes,One year,Yes,Bank transfer (automatic),103.95,Yes,54
0880-FVFWF,Male,0,No,No,Yes,Yes,Fiber optic,Yes,Yes,No,No,No,No,Month-to-month,Yes,Electronic check,86.4,No,56
0883-EIBTI,Female,0,No,No,Yes,No,No,No internet service,No internet service,No internet service,No internet service,No internet service,No internet service,Month-to-month,No,Mailed check,19.5,Yes,2
0885-HMGPY,Male,0,No,No,Yes,Yes,DSL,Yes,Yes,Yes,Yes,No,No,Two year,No,Bank transfer (automatic),69.4,No,62
0886-QGENL,Female,1,Yes,No,Yes,No,Fiber optic,Yes,No,Yes,No,Yes,Yes,Month-to-month,Yes,Electronic check,101.25,Yes,27
0887-HJGAR,Male,0,No,No,Yes,No,DSL,No,No,No,No,No,No,Month-to-month,Yes,Mailed check,45.7,Yes,1
0887-WBJVH,Female,0,Yes,No,Yes,No,Fiber optic,No,No,No,Yes,Yes,Yes,One year,Yes,Electronic check,93.45,No,53
0895-DQHEW,Male,0,Yes,No,Yes,Yes,Fiber optic,No,Yes,Yes,No,Yes,Yes,Month-to-month,Yes,Electronic check,104.3,Yes,54
0895-LNKRC,Male,0,Yes,Yes,Yes,No,No,No internet service,No internet service,No internet service,No internet service,No internet service,No internet service,One year,No,Mailed check,19.45,No,6
0898-XCGTF,Male,0,Yes,No,Yes,Yes,Fiber optic,No,No,No,No,Yes,Yes,One year,Yes,Bank transfer (automatic),96.5,No,61
0899-LIIBW,Male,0,Yes,No,Yes,Yes,Fiber optic,No,No,Yes,No,Yes,Yes,Month-to-month,No,Electronic check,100.85,No,34
0899-WZRSD,Male,0,No,No,Yes,Yes,Fiber optic,Yes,No,No,Yes,Yes,Yes,Month-to-month,Yes,Mailed check,105.35,No,56
0902-XKXPN,Male,0,Yes,Yes,Yes,No,No,No internet service,No internet service,No internet service,No internet service,No internet service,No internet service,Two year,No,Bank transfer (automatic),20.2,No,69
0906-QVPMS,Male,0,Yes,No,Yes,Yes,Fiber optic,Yes,Yes,Yes,Yes,Yes,Yes,Two year,No,Bank transfer (automatic),115.15,No,72
0907-HQNTS,Female,1,Yes,No,Yes,Yes,Fiber optic,Yes,Yes,Yes,Yes,Yes,Yes,Two year,Yes,Credit card (automatic),113.0,No,70
0909-SELIE,Male,0,Yes,No,Yes,Yes,DSL,Yes,Yes,Yes,Yes,No,Yes,Two year,Yes,Bank transfer (automatic),80.8,No,61
0913-XWSCN,Male,0,Yes,Yes,Yes,Yes,Fiber optic,No,No,No,No,No,Yes,Month-to-month,No,Bank transfer (automatic),85.5,No,55
0916-KNFAJ,Male,0,Yes,No,Yes,Yes,DSL,Yes,No,Yes,No,No,Yes,Two year,Yes,Mailed check,69.9,No,61
0916-QOFDP,Female,1,Yes,Yes,Yes,Yes,Fiber optic,No,No,No,No,Yes,Yes,Month-to-month,Yes,Electronic check,95.8,No,14
0917-EZOLA,Male,1,Yes,No,Yes,Yes,Fiber optic,No,Yes,Yes,No,Yes,Yes,Two year,Yes,Bank transfer (automatic),104.15,Yes,72
0921-OHLVP,Male,0,No,No,Yes,Yes,Fiber optic,No,No,No,No,No,Yes,Month-to-month,No,Electronic check,83.05,No,22
0923-PNFUB,Female,0,No,No,Yes,No,Fiber optic,No,Yes,No,No,Yes,No,Month-to-month,No,Electronic check,83.75,Yes,3
0924-BJCRC,Female,1,Yes,No,Yes,Yes,Fiber optic,No,Yes,No,No,No,Yes,Month-to-month,No,Electronic check,89.45,No,60
0925-VYDLG,Female,0,No,No,Yes,Yes,Fiber optic,No,No,No,No,No,No,Month-to-month,No,Electronic check,75.25,Yes,3
0927-LCSMG,Male,0,No,No,Yes,No,Fiber optic,No,No,Yes,No,No,No,Month-to-month,No,Mailed check,74.65,Yes,7
0928-JMXNP,Male,1,Yes,No,No,No phone service,DSL,No,No,Yes,No,No,No,Month-to-month,Yes,Electronic check,29.9,No,4
0928-XUTSN,Female,0,No,No,Yes,No,Fiber optic,No,No,No,No,No,Yes,Month-to-month,Yes,Electronic check,80.5,No,13
0929-HYQEW,Male,0,No,No,Yes,No,DSL,Yes,No,No,No,No,No,Month-to-month,Yes,Mailed check,50.15,No,3
0930-EHUZA,Female,0,No,No,Yes,No,DSL,Yes,Yes,Yes,Yes,Yes,No,One year,Yes,Mailed check,76.35,No,36
0931-MHTEM,Female,0,No,No,Yes,No,Fiber optic,Yes,Yes,No,No,Yes,Yes,One year,Yes,Credit card (automatic),100.05,No,54
0932-YIXYU,Female,0,No,No,Yes,No,No,No internet service,No internet service,No internet service,No internet service,No internet service,No internet service,Two year,No,Credit card (automatic),20.25,No,47
0936-NQLJU,Female,0,Yes,No,Yes,No,No,No internet service,No internet service,No internet service,No internet service,No internet service,No internet service,Two year,No,Credit card (automatic),20.65,No,41
0939-EREMR,Female,0,No,Yes,Yes,No,DSL,No,No,Yes,Yes,No,No,Month-to-month,No,Mailed check,53.45,No,13
0939-YAPAF,Female,0,No,No,Yes,Yes,Fiber optic,No,No,Yes,No,Yes,Yes,Month-to-month,Yes,Electronic check,100.25,Yes,35
0940-OUQEC,Male,0,No,No,Yes,Yes,Fiber optic,No,Yes,No,No,No,No,Month-to-month,Yes,Bank transfer (automatic),80.7,Yes,10
0942-KOWSM,Female,0,Yes,Yes,Yes,No,DSL,No,Yes,Yes,Yes,Yes,Yes,Two year,No,Bank transfer (automatic),80.8,No,30
0943-ZQPXH,Male,0,Yes,Yes,Yes,No,Fiber optic,No,No,Yes,No,Yes,Yes,Month-to-month,Yes,Bank transfer (automatic),92.95,No,44
0946-CLJTI,Male,1,Yes,No,Yes,Yes,Fiber optic,No,No,Yes,No,Yes,Yes,Month-to-month,Yes,Electronic check,98.7,Yes,58
0946-FKYTX,Male,0,No,No,No,No phone service,DSL,No,Yes,No,No,No,No,One year,No,Mailed check,30.1,No,52
0947-IDHRQ,Female,0,No,No,Yes,No,Fiber optic,No,No,No,No,Yes,No,Month-to-month,Yes,Mailed check,80.3,Yes,7
0947-MUGVO,Male,1,Yes,No,Yes,No,Fiber optic,No,Yes,No,No,No,No,Month-to-month,Yes,Electronic check,73.65,Yes,20
0952-KMEEH,Male,0,No,No,Yes,Yes,Fiber optic,Yes,No,No,No,Yes,Yes,Month-to-month,No,Mailed check,98.15,Yes,13
0956-ACVZC,Female,0,No,No,Yes,No,Fiber optic,No,No,Yes,No,Yes,Yes,One year,Yes,Credit card (automatic),94.1,No,54
0956-SYCWG,Female,0,No,No,Yes,No,No,No internet service,No internet service,No internet service,No internet service,No internet service,No internet service,One year,No,Electronic check,19.65,No,13
0959-WHOKV,Male,0,No,No,Yes,Yes,Fiber optic,Yes,Yes,Yes,No,No,Yes,One year,Yes,Electronic check,99.0,No,42
0960-HUWBM,Male,0,Yes,Yes,Yes,Yes,Fiber optic,No,No,Yes,Yes,Yes,Yes,Two year,Yes,Bank transfer (automatic),104.1,No,65
0962-CQPWQ,Female,0,Yes,Yes,Yes,No,No,No internet service,No internet service,No internet service,No internet service,No internet service,No internet service,Two year,No,Bank transfer (automatic),20.3,No,62
0963-ZBDRN,Male,0,No,No,Yes,No,Fiber optic,No,No,No,Yes,Yes,Yes,Month-to-month,Yes,Electronic check,96.2,Yes,32
0968-GSIKN,Female,0,No,No,Yes,No,Fiber optic,No,No,No,No,No,No,Month-to-month,Yes,Mailed check,70.8,Yes,1
0969-RGKCU,Male,0,Yes,Yes,Yes,No,No,No internet service,No internet service,No internet service,No internet service,No internet service,No internet service,One year,No,Credit card (automatic),19.8,No,37
0970-ETWGE,Male,0,No,No,Yes,No,Fiber optic,No,No,No,No,Yes,Yes,Month-to-month,Yes,Electronic check,89.55,Yes,1
0970-QXPXW,Female,0,No,No,Yes,No,No,No internet service,No internet service,No internet service,No internet service,No internet service,No internet service,Month-to-month,No,Mailed check,19.65,No,1
0971-QIFJK,Female,0,Yes,No,Yes,Yes,No,No internet service,No internet service,No internet service,No internet service,No internet service,No internet service,Two year,No,Bank transfer (automatic),24.25,No,69
0973-KYVNF,Female,0,Yes,Yes,Yes,No,DSL,Yes,Yes,Yes,No,Yes,No,Two year,Yes,Credit card (automatic),70.65,No,72
0975-UYDTX,Female,0,Yes,No,Yes,Yes,DSL,Yes,Yes,Yes,Yes,Yes,Yes,One year,Yes,Credit card (automatic),90.1,No,26
0975-VOOVL,Female,0,No,No,No,No phone service,DSL,No,Yes,No,No,No,No,Month-to-month,No,Mailed check,29.2,No,3
0979-MOZQI,Male,0,Yes,No,No,No phone service,DSL,No,No,No,Yes,Yes,No,Two year,Yes,Bank transfer (automatic),39.0,No,62
0979-PHULV,Male,0,Yes,Yes,Yes,Yes,Fiber optic,No,No,Yes,No,Yes,Yes,Month-to-month,Yes,Credit card (automatic),99.45,Yes,69
0980-PVMRC,Female,0,Yes,Yes,No,No phone service,DSL,No,Yes,No,No,Yes,Yes,Month-to-month,Yes,Electronic check,50.85,No,40
0983-TATYJ,Female,0,Yes,No,Yes,No,DSL,No,No,No,Yes,No,No,One year,Yes,Mailed check,51.45,No,33
0988-AADSA,Female,0,Yes,Yes,Yes,Yes,DSL,Yes,Yes,Yes,Yes,No,Yes,Two year,No,Bank transfer (automatic),80.85,No,72
0988-JRWWP,Female,0,No,No,Yes,No,DSL,No,No,No,No,Yes,No,Month-to-month,Yes,Electronic check,54.2,No,3
0993-OSGPT,Female,1,Yes,No,Yes,No,DSL,No,Yes,Yes,Yes,No,No,One year,Yes,Bank transfer (automatic),60.65,No,68
0997-YTLNY,Female,0,No,Yes,Yes,No,DSL,No,No,No,Yes,No,No,Month-to-month,No,Mailed check,48.8,No,19
0999-QXNSA,Male,1,No,Yes,Yes,No,DSL,No,No,No,No,No,No,Month-to-month,Yes,Mailed check,45.75,No,7
1000-AJSLD,Male,0,No,No,Yes,No,No,No internet service,No internet service,No internet service,No internet service,No internet service,No internet service,Month-to-month,Yes,Mailed check,20.1,Yes,1
1004-NOZNR,Male,1,No,Yes,Yes,No,Fiber optic,Yes,No,No,No,Yes,Yes,One year,No,Credit card (automatic),94.8,No,56
1009-IRMNA,Female,0,No,No,Yes,No,No,No internet service,No internet service,No internet service,No internet service,No internet service,No internet service,Month-to-month,No,Bank transfer (automatic),20.0,Yes,7
1013-QCWAM,Female,1,Yes,No,Yes,Yes,Fiber optic,No,Yes,No,No,Yes,Yes,Month-to-month,Yes,Electronic check,100.8,No,66
1015-JPFYW,Male,0,No,Yes,Yes,No,No,No internet service,No internet service,No internet service,No internet service,No internet service,No internet service,One year,No,Mailed check,19.45,No,7
1015-OWJKI,Male,0,No,No,Yes,No,No,No internet service,No internet service,No internet service,No internet service,No internet service,No internet service,Month-to-month,No,Mailed check,19.05,No,1
1016-DJTSV,Male,1,No,No,Yes,No,Fiber optic,No,No,No,No,No,No,Month-to-month,Yes,Electronic check,69.7,No,8
1020-JPQOW,Female,0,Yes,No,Yes,Yes,Fiber optic,No,Yes,Yes,Yes,No,No,Month-to-month,No,Electronic check,90.55,No,56
1022-RKXDR,Female,0,No,No,Yes,Yes,No,No internet service,No internet service,No internet service,No internet service,No internet service,No internet service,One year,Yes,Mailed check,24.85,No,41
1024-GUALD,Female,0,Yes,No,No,No phone service,DSL,No,No,No,No,No,No,Month-to-month,Yes,Electronic check,24.8,Yes,1
1024-KPRBB,Female,0,No,No,Yes,No,Fiber optic,No,No,No,No,Yes,Yes,One year,Yes,Mailed check,89.1,No,38
1024-VRZHF,Male,0,Yes,No,Yes,Yes,Fiber optic,No,No,No,No,No,No,Month-to-month,Yes,Electronic check,74.95,Yes,11
1025-FALIX,Female,0,No,No,Yes,No,Fiber optic,No,No,No,No,No,No,Month-to-month,Yes,Credit card (automatic),69.05,No,26
1028-FFNJK,Male,1,Yes,No,Yes,Yes,Fiber optic,No,No,No,Yes,Yes,Yes,Month-to-month,Yes,Electronic check,101.5,No,30
1029-QFBEN,Male,0,No,No,Yes,No,No,No internet service,No internet service,No internet service,No internet service,No internet service,No internet service,Month-to-month,No,Mailed check,19.55,Yes,1
1031-IIDEO,Female,0,No,No,Yes,No,Fiber optic,No,No,No,No,No,No,Month-to-month,Yes,Electronic check,70.85,Yes,1
1032-MAELW,Female,0,Yes,Yes,Yes,Yes,DSL,Yes,Yes,Yes,Yes,No,Yes,One year,Yes,Electronic check,78.45,No,68
1035-IPQPU,Female,1,Yes,No,Yes,Yes,Fiber optic,No,Yes,Yes,No,Yes,Yes,Month-to-month,Yes,Electronic check,103.5,No,63
1036-GUDCL,Male,0,Yes,Yes,Yes,No,DSL,Yes,Yes,No,Yes,Yes,Yes,Month-to-month,Yes,Credit card (automatic),79.05,No,60
1038-RQOST,Male,0,Yes,Yes,Yes,No,No,No internet service,No internet service,No internet service,No internet service,No internet service,No internet service,Month-to-month,No,Mailed check,20.6,No,19
1038-ZAGBI,Female,0,Yes,Yes,Yes,No,No,No internet service,No internet service,No internet service,No internet service,No internet service,No internet service,One year,No,Bank transfer (automatic),19.8,Yes,12
1041-RXHRA,Female,0,No,No,Yes,No,Fiber optic,No,No,No,No,No,No,Month-to-month,No,Bank transfer (automatic),70.25,Yes,41
1043-YCUTE,Male,0,Yes,No,Yes,Yes,No,No internet service,No internet service,No internet service,No internet service,No internet service,No internet service,Two year,Yes,Credit card (automatic),25.15,Yes,56
1045-LTCYT,Female,0,Yes,Yes,Yes,No,No,No internet service,No internet service,No internet service,No internet service,No internet service,No internet service,Month-to-month,No,Credit card (automatic),21.05,No,8
1047-RNXZV,Male,0,No,No,Yes,No,No,No internet service,No internet service,No internet service,No internet service,No internet service,No internet service,Two year,No,Mailed check,19.55,No,43
1049-FYSYG,Female,0,Yes,No,No,No phone service,DSL,No,Yes,Yes,No,No,No,Month-to-month,Yes,Credit card (automatic),35.65,No,17
1051-GEJLJ,Female,0,No,No,Yes,No,No,No internet service,No internet service,No internet service,No internet service,No internet service,No internet service,Month-to-month,No,Mailed check,19.5,No,2
1052-QJIBV,Female,0,Yes,Yes,Yes,No,No,No internet service,No internet service,No internet service,No internet service,No internet service,No internet service,Two year,No,Credit card (automatic),19.9,No,71
1053-MXTTK,Female,0,Yes,Yes,Yes,No,Fiber optic,Yes,Yes,Yes,Yes,Yes,Yes,Two year,Yes,Bank transfer (automatic),108.65,No,72
1057-FOGLZ,Female,0,No,No,Yes,No,No,No internet service,No internet service,No internet service,No internet service,No internet service,No internet service,Month-to-month,No,Mailed check,19.65,No,18
1060-ENTOF,Female,1,Yes,No,Yes,Yes,Fiber optic,Yes,Yes,Yes,Yes,No,Yes,One year,Yes,Credit card (automatic),105.4,No,67
1061-PNTHC,Female,0,Yes,Yes,Yes,Yes,Fiber optic,Yes,No,Yes,Yes,Yes,Yes,Month-to-month,Yes,Mailed check,109.6,No,56
1062-LHZOD,Male,0,Yes,Yes,Yes,No,Fiber optic,No,No,No,No,No,No,Month-to-month,Yes,Mailed check,69.9,Yes,1
1063-DHQJF,Male,0,Yes,Yes,Yes,No,Fiber optic,No,Yes,No,Yes,Yes,No,Two year,Yes,Mailed check,92.15,No,69
1064-FBXNK,Male,0,Yes,Yes,Yes,No,No,No internet service,No internet service,No internet service,No internet service,No internet service,No internet service,One year,No,Credit card (automatic),19.85,No,1
1066-JKSGK,Male,0,No,No,Yes,No,No,No internet service,No internet service,No internet service,No internet service,No internet service,No internet service,Month-to-month,No,Mailed check,20.15,Yes,1
1069-QJOEE,Male,0,Yes,Yes,Yes,No,No,No internet service,No internet service,No internet service,No internet service,No internet service,No internet service,One year,No,Electronic check,19.9,No,25
1069-XAIEM,Female,1,No,No,Yes,Yes,Fiber optic,No,No,No,No,No,Yes,Month-to-month,Yes,Electronic check,85.05,Yes,1
1073-XXCZD,Male,0,Yes,No,Yes,Yes,No,No internet service,No internet service,No internet service,No internet service,No internet service,No internet service,Two year,No,Bank transfer (automatic),25.7,No,55
1074-WVEVG,Female,0,Yes,No,Yes,No,No,No internet service,No internet service,No internet service,No internet service,No internet service,No internet service,One year,No,Mailed check,20.35,No,59
1075-BGWOH,Male,1,Yes,No,Yes,Yes,Fiber optic,No,No,Yes,No,Yes,Yes,Month-to-month,Yes,Electronic check,98.75,Yes,16
1078-TDCRN,Female,1,Yes,No,No,No phone service,DSL,No,Yes,No,No,No,No,Month-to-month,Yes,Electronic check,30.75,No,3
1080-BWSYE,Male,1,Yes,No,Yes,Yes,No,No internet service,No internet service,No internet service,No internet service,No internet service,No internet service,Two year,No,Credit card (automatic),25.65,No,64
1084-MNSMJ,Female,0,Yes,Yes,Yes,No,DSL,Yes,Yes,Yes,Yes,Yes,Yes,Two year,No,Credit card (automatic),85.5,No,51
1086-LXKFY,Female,0,Yes,Yes,Yes,No,Fiber optic,No,No,No,No,No,No,Month-to-month,Yes,Mailed check,69.1,Yes,1
1087-GRUYI,Male,0,Yes,No,Yes,No,No,No internet service,No internet service,No internet service,No internet service,No internet service,No internet service,Two year,No,Bank transfer (automatic),20.4,No,38
1087-UDSIH,Female,0,No,No,Yes,No,No,No internet service,No internet service,No internet service,No internet service,No internet service,No internet service,Month-to-month,Yes,Mailed check,19.6,Yes,3
1088-CNNKB,Male,0,Yes,No,Yes,Yes,DSL,Yes,Yes,Yes,Yes,No,Yes,One year,No,Credit card (automatic),80.0,No,63
1089-XZWHH,Female,0,Yes,Yes,Yes,No,No,No internet service,No internet service,No internet service,No internet service,No internet service,No internet service,Two year,Yes,Mailed check,19.7,No,24
1091-SOZGA,Female,0,Yes,Yes,Yes,Yes,Fiber optic,No,No,Yes,No,Yes,Yes,One year,Yes,Credit card (automatic),99.8,No,56
1092-GANHU,Male,0,No,No,Yes,No,Fiber optic,No,No,Yes,No,No,No,Month-to-month,Yes,Electronic check,76.65,Yes,17
1092-WPIVQ,Female,0,Yes,Yes,Yes,Yes,No,No internet service,No internet service,No internet service,No internet service,No internet service,No internet service,Two year,No,Mailed check,25.1,No,18
1093-YSWCA,Male,0,No,No,Yes,No,No,No internet service,No internet service,No internet service,No internet service,No internet service,No internet service,Two year,No,Credit card (automatic),19.55,No,11
1095-JUDTC,Female,1,No,No,Yes,Yes,Fiber optic,No,Yes,No,Yes,Yes,No,Month-to-month,Yes,Electronic check,95.05,Yes,47
1095-WGNGG,Female,0,Yes,No,Yes,Yes,Fiber optic,No,Yes,No,No,Yes,Yes,Two year,Yes,Bank transfer (automatic),101.05,No,61
1096-ADRUX,Female,0,Yes,Yes,Yes,Yes,Fiber optic,No,No,No,No,No,No,One year,Yes,Bank transfer (automatic),74.25,No,66
1097-FSPVW,Female,0,No,No,Yes,No,DSL,Yes,No,Yes,No,No,No,Month-to-month,No,Credit card (automatic),54.55,No,42
1098-KFQEC,Female,0,Yes,Yes,Yes,No,No,No internet service,No internet service,No internet service,No internet service,No internet service,No internet service,Two year,No,Credit card (automatic),19.4,No,55
1098-TDVUQ,Female,0,No,No,Yes,No,No,No internet service,No internet service,No internet service,No internet service,No internet service,No internet service,Month-to-month,Yes,Bank transfer (automatic),19.25,No,1
1099-BTKWT,Female,0,Yes,No,No,No phone service,DSL,Yes,No,Yes,No,Yes,Yes,One year,Yes,Electronic check,54.4,No,68
1099-GODLO,Female,0,Yes,Yes,Yes,No,No,No internet service,No internet service,No internet service,No internet service,No internet service,No internet service,Two year,No,Mailed check,20.35,No,1
1100-DDVRV,Male,0,Yes,No,No,No phone service,DSL,No,Yes,No,No,Yes,Yes,Month-to-month,Yes,Mailed check,49.8,No,17
1104-FEJAM,Male,0,Yes,Yes,Yes,Yes,DSL,No,Yes,No,No,No,Yes,Month-to-month,No,Electronic check,64.4,No,28
1104-TNLZA,Male,1,Yes,No,Yes,Yes,Fiber optic,No,Yes,No,Yes,Yes,Yes,Month-to-month,Yes,Electronic check,105.8,No,28
1106-HRLKZ,Male,0,Yes,Yes,Yes,No,No,No internet service,No internet service,No internet service,No internet service,No internet service,No internet service,Two year,No,Mailed check,19.6,No,40
1110-KYLGQ,Female,0,No,No,Yes,Yes,Fiber optic,Yes,Yes,Yes,No,Yes,Yes,Month-to-month,No,Credit card (automatic),108.25,No,63
1112-CUNAO,Female,1,No,No,Yes,Yes,Fiber optic,No,Yes,No,No,No,Yes,Month-to-month,No,Electronic check,89.85,Yes,15
1113-IUJYX,Female,0,Yes,No,Yes,No,Fiber optic,Yes,Yes,No,Yes,Yes,Yes,One year,No,Mailed check,105.95,Yes,14
1114-CENIM,Male,0,No,Yes,Yes,Yes,DSL,No,Yes,No,No,No,No,Month-to-month,Yes,Credit card (automatic),55.0,Yes,54
1116-DXXDF,Male,0,No,No,Yes,No,Fiber optic,Yes,No,Yes,No,Yes,Yes,Two year,Yes,Electronic check,100.45,No,39
1116-FRYVH,Female,0,Yes,Yes,No,No phone service,DSL,Yes,Yes,No,Yes,No,No,Two year,No,Mailed check,39.4,No,48
1120-BMWUB,Female,0,No,No,Yes,No,DSL,No,Yes,No,Yes,No,No,Month-to-month,Yes,Mailed check,53.9,Yes,16
1121-QSIVB,Female,0,No,Yes,Yes,Yes,DSL,No,Yes,No,No,Yes,Yes,One year,Yes,Mailed check,77.55,No,44
1122-JWTJW,Male,0,Yes,Yes,Yes,No,Fiber optic,No,No,No,No,No,No,Month-to-month,Yes,Mailed check,70.65,Yes,1
1131-ALZWV,Female,0,No,No,Yes,Yes,No,No internet service,No internet service,No internet service,No internet service,No internet service,No internet service,One year,No,Bank transfer (automatic),24.6,No,24
1131-QQZEB,Male,1,Yes,No,Yes,Yes,No,No internet service,No internet service,No internet service,No internet service,No internet service,No internet service,Two year,No,Bank transfer (automatic),23.95,No,71
1131-SUEKT,Male,0,Yes,Yes,Yes,No,Fiber optic,No,Yes,No,Yes,Yes,Yes,One year,Yes,Bank transfer (automatic),98.45,No,61
1133-KXCGE,Female,0,No,No,Yes,No,No,No internet service,No internet service,No internet service,No internet service,No internet service,No internet service,One year,No,Mailed check,20.1,No,18
1135-HIORI,Female,0,Yes,Yes,Yes,Yes,Fiber optic,No,Yes,Yes,Yes,Yes,Yes,One year,Yes,Electronic check,111.45,No,64
1135-LMECX,Female,0,No,No,Yes,No,No,No internet service,No internet service,No internet service,No internet service,No internet service,No internet service,Month-to-month,No,Mailed check,19.85,No,1
1136-XGEQU,Female,0,Yes,Yes,Yes,Yes,DSL,No,Yes,Yes,Yes,Yes,Yes,One year,Yes,Credit card (automatic),84.15,No,50
1137-DGOWI,Female,0,Yes,No,Yes,No,DSL,No,Yes,Yes,Yes,No,Yes,One year,No,Bank transfer (automatic),70.25,No,30
1139-WUOAH,Male,0,No,No,No,No phone service,DSL,No,No,Yes,Yes,Yes,Yes,Two year,No,Credit card (automatic),53.35,No,57
1140-UKVZG,Female,0,No,No,Yes,Yes,No,No internet service,No internet service,No internet service,No internet service,No internet service,No internet service,Month-to-month,No,Mailed check,24.8,No,17
1142-IHLOO,Female,0,No,No,Yes,No,Fiber optic,No,No,No,No,Yes,Yes,One year,No,Credit card (automatic),87.55,No,51
1142-WACZW,Male,0,No,No,No,No phone service,DSL,No,No,No,Yes,No,No,Month-to-month,No,Bank transfer (automatic),29.85,Yes,2
1150-FTQGN,Female,0,Yes,Yes,Yes,Yes,Fiber optic,Yes,Yes,No,No,Yes,No,One year,No,Bank transfer (automatic),94.15,No,60
1150-WFARN,Female,0,Yes,Yes,Yes,Yes,Fiber optic,Yes,No,Yes,Yes,Yes,Yes,Two year,Yes,Credit card (automatic),108.75,Yes,67
1153-GNOLC,Male,0,No,No,No,No phone service,DSL,No,Yes,No,No,Yes,No,One year,Yes,Electronic check,39.1,No,33
1156-ZFYDO,Female,0,No,No,Yes,No,No,No internet service,No internet service,No internet service,No internet service,No internet service,No internet service,Month-to-month,No,Electronic check,19.75,No,1
1157-BQCUW,Male,0,No,No,Yes,Yes,Fiber optic,No,No,No,No,No,No,Month-to-month,Yes,Electronic check,74.95,Yes,1
1163-VIPRI,Female,0,Yes,Yes,Yes,Yes,Fiber optic,Yes,No,Yes,Yes,Yes,Yes,Two year,No,Electronic check,109.3,No,65
1166-PQLGG,Female,0,Yes,Yes,Yes,No,No,No internet service,No internet service,No internet service,No internet service,No internet service,No internet service,Two year,No,Bank transfer (automatic),19.55,No,72
1170-SASML,Female,0,Yes,No,Yes,Yes,Fiber optic,No,Yes,Yes,No,No,No,Month-to-month,Yes,Bank transfer (automatic),85.4,No,69
1171-TYKUR,Male,0,Yes,No,Yes,Yes,No,No internet service,No internet service,No internet service,No internet service,No internet service,No internet service,Month-to-month,No,Electronic check,25.4,No,47
1172-VIYBP,Male,0,Yes,Yes,Yes,Yes,DSL,Yes,Yes,No,No,No,Yes,Two year,No,Bank transfer (automatic),69.7,No,53
1173-NOEYG,Female,0,Yes,No,Yes,Yes,Fiber optic,No,No,Yes,No,No,Yes,Month-to-month,No,Bank transfer (automatic),90.15,No,27
1173-XZPYF,Female,0,No,No,Yes,Yes,Fiber optic,No,No,Yes,No,Yes,No,Month-to-month,Yes,Electronic check,89.2,No,11
1174-FGIFN,Female,0,Yes,Yes,Yes,Yes,Fiber optic,No,No,No,Yes,No,Yes,One year,Yes,Electronic check,90.45,No,28
1177-XZBJL,Male,0,Yes,Yes,Yes,Yes,DSL,Yes,Yes,No,Yes,No,No,One year,No,Bank transfer (automatic),64.15,No,53
1178-PZGAB,Female,0,No,No,Yes,No,No,No internet service,No internet service,No internet service,No internet service,No internet service,No internet service,One year,No,Credit card (automatic),20.25,No,19
1179-INLAT,Male,0,No,No,Yes,No,No,No internet service,No internet service,No internet service,No internet service,No internet service,No internet service,One year,Yes,Mailed check,19.45,No,3
1183-CANVH,Female,0,Yes,No,Yes,No,DSL,No,No,No,Yes,Yes,No,One year,No,Bank transfer (automatic),60.0,No,23
1184-PJVDB,Male,0,Yes,No,Yes,No,Fiber optic,No,No,No,No,Yes,No,Month-to-month,Yes,Electronic check,79.95,Yes,10
1187-WILMM,Male,0,Yes,Yes,Yes,Yes,DSL,Yes,Yes,Yes,Yes,Yes,Yes,Two year,Yes,Credit card (automatic),89.4,No,63
1193-RTSLK,Female,0,No,No,Yes,No,Fiber optic,Yes,Yes,Yes,No,No,No,Month-to-month,Yes,Credit card (automatic),83.9,Yes,38
1194-BHJYC,Male,0,Yes,No,No,No phone service,DSL,Yes,No,Yes,Yes,Yes,Yes,Two year,Yes,Mailed check,62.15,No,61
1194-HVAIF,Female,0,Yes,No,Yes,Yes,Fiber optic,No,No,No,No,Yes,Yes,Month-to-month,No,Credit card (automatic),95.0,No,27
1194-SPVSP,Male,0,No,No,Yes,No,No,No internet service,No internet service,No internet service,No internet service,No internet service,No internet service,Month-to-month,No,Bank transfer (automatic),19.65,No,1
1195-OIYEJ,Male,0,No,No,Yes,No,Fiber optic,No,No,No,No,Yes,Yes,Month-to-month,Yes,Electronic check,91.1,Yes,13
1196-AMORA,Male,0,No,No,Yes,Yes,Fiber optic,No,No,No,No,No,No,Month-to-month,No,Electronic check,73.6,Yes,7
1197-BVMVG,Female,1,No,No,Yes,Yes,Fiber optic,No,No,No,No,No,No,Month-to-month,Yes,Electronic check,74.45,No,4
1200-TUZHR,Female,1,No,No,Yes,Yes,Fiber optic,No,No,No,No,No,Yes,Month-to-month,No,Electronic check,85.2,No,8
1202-KKGFU,Female,0,Yes,No,Yes,No,DSL,Yes,No,No,Yes,No,No,Month-to-month,No,Bank transfer (automatic),54.2,No,12
1205-WNWPJ,Female,0,No,No,Yes,No,DSL,No,No,No,Yes,Yes,No,Month-to-month,Yes,Mailed check,59.5,Yes,7
1206-EHBDD,Female,0,Yes,No,Yes,No,Fiber optic,Yes,No,Yes,No,No,No,Two year,No,Bank transfer (automatic),80.3,No,56
1207-BLKSA,Female,0,Yes,Yes,Yes,Yes,No,No internet service,No internet service,No internet service,No internet service,No internet service,No internet service,Two year,No,Mailed check,23.05,No,52
1208-NBVFH,Male,0,Yes,Yes,Yes,No,DSL,No,No,Yes,No,No,No,Month-to-month,Yes,Electronic check,49.6,No,20
1209-VFFOC,Male,0,Yes,Yes,No,No phone service,DSL,Yes,Yes,Yes,Yes,No,Yes,Two year,Yes,Mailed check,56.4,No,68
1212-GLHMD,Male,0,No,No,Yes,No,Fiber optic,Yes,No,No,No,No,Yes,Month-to-month,Yes,Mailed check,86.05,No,3
1213-NGCUN,Female,0,No,No,Yes,No,DSL,No,No,No,Yes,No,No,Month-to-month,Yes,Bank transfer (automatic),49.65,Yes,6
1215-EXRMO,Male,0,Yes,No,Yes,No,No,No internet service,No internet service,No internet service,No internet service,No internet service,No internet service,Two year,No,Mailed check,20.55,No,50
1215-FIGMP,Male,0,No,No,Yes,Yes,Fiber optic,No,Yes,No,No,Yes,No,Month-to-month,Yes,Bank transfer (automatic),89.9,No,60
1215-VFYVK,Female,0,No,No,No,No phone service,DSL,Yes,No,Yes,Yes,No,Yes,Month-to-month,No,Mailed check,48.25,No,4
1216-BGTSP,Male,0,No,No,Yes,Yes,Fiber optic,Yes,No,Yes,Yes,Yes,Yes,Month-to-month,Yes,Credit card (automatic),108.45,No,45
1216-JWVUX,Male,0,Yes,Yes,Yes,No,Fiber optic,No,Yes,No,No,No,No,Month-to-month,Yes,Electronic check,75.5,No,25
1217-VASWC,Male,1,Yes,No,Yes,No,Fiber optic,No,Yes,Yes,No,Yes,Yes,One year,Yes,Bank transfer (automatic),100.55,No,43
1219-NNDDO,Female,0,No,No,Yes,Yes,Fiber optic,No,No,No,No,No,No,Month-to-month,Yes,Electronic check,76.85,No,9
1221-GHZEP,Female,0,No,No,Yes,No,DSL,Yes,No,No,Yes,No,Yes,Two year,Yes,Mailed check,65.1,No,62
1222-KJNZD,Male,0,Yes,Yes,Yes,No,No,No internet service,No internet service,No internet service,No internet service,No internet service,No internet service,Month-to-month,Yes,Bank transfer (automatic),20.4,No,40
1222-LRYKO,Male,0,No,Yes,Yes,Yes,No,No internet service,No internet service,No internet service,No internet service,No internet service,No internet service,Month-to-month,No,Mailed check,26.35,No,6
1223-UNPKS,Male,0,Yes,Yes,Yes,No,No,No internet service,No internet service,No internet service,No internet service,No internet service,No internet service,Two year,No,Mailed check,20.05,No,20
1226-IENZN,Male,1,No,No,Yes,No,Fiber optic,No,No,No,No,No,Yes,Month-to-month,Yes,Electronic check,78.75,No,16
1226-JZNKR,Female,0,Yes,Yes,Yes,No,No,No internet service,No internet service,No internet service,No internet service,No internet service,No internet service,One year,No,Electronic check,19.8,No,8
1226-UDFZR,Female,0,No,No,Yes,No,DSL,No,Yes,No,No,No,No,Month-to-month,Yes,Mailed check,49.6,Yes,2
1228-FZFRV,Male,0,Yes,Yes,Yes,Yes,Fiber optic,Yes,No,Yes,No,Yes,Yes,Month-to-month,No,Credit card (automatic),105.95,Yes,50
1228-ZLNBX,Male,0,No,No,Yes,Yes,Fiber optic,No,No,No,No,No,No,Month-to-month,No,Mailed check,75.3,No,21
1229-RCALF,Female,0,Yes,No,Yes,Yes,Fiber optic,Yes,Yes,Yes,Yes,Yes,Yes,One year,Yes,Electronic check,115.0,No,64
1230-QAJDW,Male,0,No,No,Yes,Yes,DSL,No,No,No,Yes,Yes,No,Month-to-month,Yes,Mailed check,65.25,No,3
1231-YNDEK,Male,0,No,No,Yes,No,No,No internet service,No internet service,No internet service,No internet service,No internet service,No internet service,Two year,Yes,Bank transfer (automatic),19.15,No,58
1236-WFCDV,Male,1,No,No,Yes,No,Fiber optic,No,No,No,No,Yes,Yes,Month-to-month,No,Credit card (automatic),90.45,Yes,14
1237-WIYYZ,Female,0,No,No,Yes,No,No,No internet service,No internet service,No internet service,No internet service,No internet service,No internet service,Month-to-month,Yes,Mailed check,19.55,No,18
1240-HCBOH,Female,0,No,No,Yes,Yes,No,No internet service,No internet service,No internet service,No internet service,No internet service,No internet service,Two year,Yes,Mailed check,26.1,No,67
1240-KNSEZ,Male,0,No,No,Yes,No,No,No internet service,No internet service,No internet service,No internet service,No internet service,No internet service,Month-to-month,Yes,Mailed check,20.1,Yes,1
1241-EZFMJ,Male,0,Yes,No,Yes,Yes,No,No internet service,No internet service,No internet service,No internet service,No internet service,No internet service,Two year,No,Bank transfer (automatic),25.45,No,61
1241-FPMOF,Male,0,No,No,Yes,No,No,No internet service,No internet service,No internet service,No internet service,No internet service,No internet service,Two year,No,Mailed check,19.65,No,52
1245-HARPS,Female,0,Yes,No,Yes,No,No,No internet service,No internet service,No internet service,No internet service,No internet service,No internet service,Two year,No,Mailed check,20.4,No,14
1247-QBVSH,Female,0,Yes,Yes,Yes,No,DSL,No,Yes,No,No,No,No,Month-to-month,No,Mailed check,50.2,No,43
1248-DYXUB,Male,0,Yes,Yes,Yes,Yes,No,No internet service,No internet service,No internet service,No internet service,No internet service,No internet service,Two year,No,Mailed check,24.8,No,52
1257-SXUXQ,Male,0,Yes,Yes,Yes,No,No,No internet service,No internet service,No internet service,No internet service,No internet service,No internet service,Month-to-month,No,Mailed check,19.45,No,5
1258-YMZNM,Female,1,No,No,Yes,Yes,Fiber optic,Yes,Yes,Yes,No,Yes,Yes,One year,Yes,Bank transfer (automatic),110.5,No,27
1260-TTRXI,Male,0,No,No,Yes,No,DSL,No,No,No,No,No,Yes,Month-to-month,No,Electronic check,54.3,Yes,4
1262-OPMFY,Female,0,Yes,No,Yes,No,Fiber optic,No,No,Yes,No,No,No,Month-to-month,Yes,Bank transfer (automatic),75.75,Yes,9
1264-FUHCX,Female,0,Yes,No,No,No phone service,DSL,No,Yes,No,Yes,Yes,Yes,One year,Yes,Credit card (automatic),56.3,No,49
1265-BCFEO,Female,0,Yes,No,Yes,Yes,DSL,No,No,Yes,Yes,Yes,Yes,Two year,Yes,Bank transfer (automatic),80.45,No,71
1265-HVPZB,Male,0,Yes,No,Yes,No,DSL,Yes,Yes,Yes,No,Yes,No,One year,No,Credit card (automatic),66.4,No,59
1265-XTECC,Female,1,Yes,No,Yes,Yes,Fiber optic,Yes,Yes,No,No,No,Yes,One year,Yes,Credit card (automatic),96.55,Yes,68
1265-ZFOSD,Female,0,Yes,No,Yes,Yes,DSL,Yes,Yes,Yes,Yes,No,Yes,Two year,Yes,Mailed check,81.3,No,64
1266-NZYUI,Female,0,Yes,Yes,Yes,Yes,DSL,Yes,No,Yes,Yes,No,No,Two year,No,Bank transfer (automatic),66.85,No,72
1268-ASBGA,Female,1,Yes,No,Yes,Yes,Fiber optic,No,No,No,No,No,Yes,Month-to-month,Yes,Credit card (automatic),85.35,Yes,16
1270-XKUCC,Female,0,Yes,Yes,Yes,No,No,No internet service,No internet service,No internet service,No internet service,No internet service,No internet service,Two year,No,Mailed check,19.7,No,30
1271-SJBGZ,Male,1,No,No,No,No phone service,DSL,No,No,Yes,Yes,No,Yes,Month-to-month,Yes,Electronic check,43.65,Yes,12
1271-UODNO,Male,0,No,No,Yes,Yes,DSL,No,No,No,Yes,No,No,Two year,Yes,Credit card (automatic),53.85,No,39
1272-ILHFG,Male,0,Yes,Yes,Yes,No,No,No internet service,No internet service,No internet service,No internet service,No internet service,No internet service,One year,No,Mailed check,19.65,No,15
1273-MTETI,Female,1,No,No,Yes,Yes,Fiber optic,No,No,Yes,No,No,Yes,Month-to-month,Yes,Electronic check,88.85,Yes,4
1285-OKIPP,Male,0,No,No,Yes,No,Fiber optic,No,No,No,No,No,Yes,Month-to-month,No,Electronic check,79.9,Yes,1
1291-CUOCY,Male,0,Yes,No,Yes,Yes,Fiber optic,No,Yes,Yes,Yes,Yes,Yes,Two year,Yes,Credit card (automatic),110.6,No,72
1293-BSEUN,Female,0,Yes,Yes,Yes,No,No,No internet service,No internet service,No internet service,No internet service,No internet service,No internet service,Two year,Yes,Mailed check,20.7,No,72
1297-VQDRP,Male,1,Yes,Yes,Yes,Yes,Fiber optic,No,No,Yes,Yes,Yes,Yes,One year,Yes,Credit card (automatic),107.15,No,68
1298-PHBTI,Male,0,Yes,Yes,Yes,Yes,Fiber optic,No,Yes,No,Yes,No,No,Two year,Yes,Electronic check,84.8,No,71
1299-AURJA,Female,0,Yes,Yes,Yes,Yes,No,No internet service,No internet service,No internet service,No internet service,No internet service,No internet service,Two year,No,Bank transfer (automatic),24.7,No,70
1301-LOPVR,Male,0,Yes,Yes,No,No phone service,DSL,Yes,Yes,Yes,Yes,No,Yes,One year,Yes,Credit card (automatic),55.35,No,29
1302-UHBDD,Male,1,No,No,Yes,No,Fiber optic,No,No,No,No,Yes,Yes,Month-to-month,No,Electronic check,89.95,No,20
1303-SRDOK,Female,0,Yes,Yes,Yes,No,Fiber optic,No,No,No,No,No,No,Two year,Yes,Credit card (automatic),69.05,No,55
1304-BCCFO,Male,0,Yes,No,Yes,No,DSL,No,No,Yes,No,Yes,Yes,Month-to-month,Yes,Mailed check,70.05,No,9
1304-NECVQ,Female,1,No,No,Yes,Yes,Fiber optic,No,No,Yes,No,No,No,Month-to-month,Yes,Electronic check,78.55,Yes,2
1304-SEGFY,Female,0,Yes,No,Yes,Yes,Fiber optic,No,No,Yes,No,Yes,Yes,Two year,Yes,Electronic check,97.85,No,72
1306-RPWXZ,Female,0,No,Yes,Yes,No,No,No internet service,No internet service,No internet service,No internet service,No internet service,No internet service,Two year,No,Credit card (automatic),20.45,No,49
1307-ATKGB,Male,0,No,No,Yes,No,Fiber optic,No,Yes,Yes,No,No,Yes,Month-to-month,Yes,Electronic check,89.55,No,24
1307-TVUFB,Male,1,No,No,Yes,Yes,Fiber optic,No,Yes,No,No,No,No,Month-to-month,Yes,Bank transfer (automatic),79.35,No,42
1309-BXVOQ,Male,0,Yes,No,Yes,Yes,Fiber optic,No,No,Yes,Yes,Yes,Yes,Month-to-month,Yes,Electronic check,106.1,Yes,21
1309-XGFSN,Male,1,Yes,Yes,Yes,Yes,DSL,No,Yes,Yes,No,Yes,Yes,One year,Yes,Electronic check,80.85,No,52
1320-GVNHT,Male,0,Yes,Yes,Yes,Yes,Fiber optic,Yes,Yes,Yes,No,Yes,Yes,Two year,Yes,Credit card (automatic),108.4,No,72
1320-REHCS,Male,1,No,No,Yes,Yes,Fiber optic,No,Yes,Yes,Yes,Yes,Yes,Month-to-month,Yes,Electronic check,110.75,No,52
1322-AGOQM,Male,0,No,No,No,No phone service,DSL,No,Yes,No,No,No,No,Month-to-month,No,Bank transfer (automatic),30.3,Yes,46
1323-OOEPC,Female,0,Yes,No,Yes,Yes,Fiber optic,No,Yes,No,No,Yes,Yes,Month-to-month,Yes,Credit card (automatic),98.4,Yes,53
1324-NLTJE,Female,1,No,No,Yes,Yes,DSL,No,No,No,Yes,No,No,Month-to-month,No,Credit card (automatic),55.0,Yes,15
1325-USMEC,Male,0,Yes,No,Yes,Yes,Fiber optic,Yes,Yes,Yes,No,Yes,No,Two year,Yes,Credit card (automatic),99.35,No,70
1329-VHWNP,Female,0,No,No,No,No phone service,DSL,No,No,No,No,No,No,Month-to-month,No,Bank transfer (automatic),25.05,No,7
1334-FJSVR,Male,0,No,No,No,No phone service,DSL,No,No,No,No,No,No,Month-to-month,Yes,Electronic check,24.25,Yes,1
1334-PDUKM,Female,0,Yes,No,Yes,Yes,Fiber optic,No,Yes,Yes,No,No,No,One year,No,Credit card (automatic),86.45,No,68
1335-MXCSE,Male,0,Yes,Yes,Yes,No,DSL,No,No,Yes,Yes,No,No,Two year,Yes,Credit card (automatic),55.25,No,55
1335-NTIUC,Male,0,No,No,No,No phone service,DSL,No,No,No,No,No,No,Month-to-month,Yes,Electronic check,24.95,No,9
1336-EZFZY,Female,0,No,No,Yes,No,No,No internet service,No internet service,No internet service,No internet service,No internet service,No internet service,Month-to-month,No,Mailed check,20.05,No,4
1338-CECEE,Male,0,Yes,Yes,Yes,Yes,DSL,No,Yes,Yes,No,Yes,No,One year,No,Bank transfer (automatic),68.5,No,41
1343-EHPYB,Male,0,Yes,No,Yes,Yes,Fiber optic,No,Yes,Yes,No,Yes,Yes,Month-to-month,Yes,Electronic check,103.4,Yes,63
1345-GKDZZ,Male,0,No,Yes,Yes,No,No,No internet service,No internet service,No internet service,No internet service,No internet service,No internet service,Month-to-month,No,Mailed check,19.55,No,6
1345-ZUKID,Male,0,No,No,Yes,No,No,No internet service,No internet service,No internet service,No internet service,No internet service,No internet service,One year,No,Mailed check,19.35,No,14
1346-PJWTK,Male,0,Yes,No,Yes,No,Fiber optic,No,Yes,Yes,Yes,No,Yes,Month-to-month,No,Credit card (automatic),94.15,No,61
1349-WXNGG,Male,0,No,No,Yes,No,No,No internet service,No internet service,No internet service,No internet service,No internet service,No internet service,Month-to-month,No,Bank transfer (automatic),20.05,Yes,1
1352-HNSAW,Female,0,Yes,Yes,Yes,Yes,Fiber optic,Yes,Yes,Yes,Yes,Yes,Yes,Two year,Yes,Bank transfer (automatic),115.6,No,72
1353-GHZOS,Male,0,Yes,No,Yes,No,DSL,Yes,No,No,No,Yes,No,One year,Yes,Bank transfer (automatic),59.75,No,22
1353-LJWEM,Male,0,No,No,Yes,No,DSL,No,Yes,Yes,Yes,No,No,Month-to-month,Yes,Electronic check,60.9,No,11
1354-YZFNB,Male,0,Yes,Yes,Yes,No,No,No internet service,No internet service,No internet service,No internet service,No internet service,No internet service,Two year,No,Credit card (automatic),19.55,No,4
1356-MKYSK,Male,0,No,No,Yes,No,DSL,Yes,No,Yes,Yes,Yes,Yes,Month-to-month,No,Credit card (automatic),78.65,No,6
1357-BIJKI,Male,0,Yes,No,Yes,Yes,Fiber optic,No,Yes,No,No,Yes,Yes,One year,Yes,Electronic check,98.25,No,50
1357-MVDOZ,Male,0,Yes,Yes,Yes,No,DSL,No,No,Yes,No,Yes,No,Month-to-month,Yes,Bank transfer (automatic),59.65,No,11
1360-XFJMR,Female,0,Yes,No,Yes,Yes,Fiber optic,No,Yes,Yes,Yes,Yes,Yes,One year,Yes,Credit card (automatic),109.7,No,67
1363-TXLSL,Male,1,Yes,No,Yes,No,Fiber optic,No,No,No,No,No,No,Month-to-month,Yes,Electronic check,70.3,Yes,1
1370-GGAWX,Female,0,No,No,Yes,Yes,Fiber optic,No,Yes,Yes,No,No,Yes,One year,Yes,Electronic check,94.15,No,46
1371-DWPAZ,Female,0,Yes,Yes,No,No phone service,DSL,Yes,Yes,Yes,Yes,Yes,No,Two year,No,Credit card (automatic),56.05,No,0
1371-OJCEK,Female,0,No,No,Yes,Yes,No,No internet service,No internet service,No internet service,No internet service,No internet service,No internet service,One year,No,Bank transfer (automatic),24.35,No,48
1371-WEPDS,Male,1,Yes,No,Yes,No,DSL,No,No,No,No,No,Yes,One year,No,Electronic check,55.8,No,40
1373-ORVIZ,Female,0,Yes,Yes,Yes,Yes,DSL,No,No,No,Yes,No,Yes,Month-to-month,Yes,Electronic check,66.35,Yes,11
1374-DMZUI,Female,1,No,No,Yes,Yes,Fiber optic,No,No,No,No,Yes,Yes,Month-to-month,Yes,Electronic check,94.3,Yes,4
1383-EZRWL,Female,0,No,No,Yes,No,No,No internet service,No internet service,No internet service,No internet service,No internet service,No internet service,Month-to-month,No,Mailed check,20.05,Yes,7
1384-RCUXW,Male,0,No,No,Yes,Yes,Fiber optic,No,Yes,No,No,No,No,Month-to-month,Yes,Mailed check,80.55,No,16
1385-TQOZW,Female,0,No,No,Yes,No,No,No internet service,No internet service,No internet service,No internet service,No internet service,No internet service,Month-to-month,Yes,Credit card (automatic),20.45,No,9
1386-ZIKUV,Male,0,No,No,Yes,No,No,No internet service,No internet service,No internet service,No internet service,No internet service,No internet service,Month-to-month,Yes,Mailed check,18.95,No,7
1389-WNUIB,Female,0,Yes,Yes,Yes,Yes,DSL,Yes,No,No,No,Yes,Yes,One year,No,Bank transfer (automatic),76.0,No,20
1391-UBDAR,Male,0,No,No,Yes,No,Fiber optic,No,No,Yes,No,No,No,Month-to-month,No,Electronic check,72.9,No,11
1393-IMKZG,Female,0,No,No,Yes,No,Fiber optic,No,No,No,Yes,Yes,Yes,Month-to-month,Yes,Electronic check,95.85,No,1
1394-SUIUH,Female,1,Yes,No,Yes,No,Fiber optic,Yes,Yes,No,Yes,No,No,Month-to-month,Yes,Electronic check,85.15,No,44
1395-OFUWC,Male,0,Yes,Yes,No,No phone service,DSL,No,Yes,No,No,No,No,Month-to-month,No,Credit card (automatic),29.3,No,43
1395-WSWXR,Male,0,No,No,Yes,No,No,No internet service,No internet service,No internet service,No internet service,No internet service,No internet service,Two year,No,Mailed check,20.75,No,24
1396-QWFBJ,Female,0,Yes,Yes,Yes,No,Fiber optic,No,Yes,No,No,No,No,Month-to-month,Yes,Bank transfer (automatic),74.05,Yes,21
1397-XKKWR,Male,0,No,No,No,No phone service,DSL,Yes,No,Yes,No,No,No,One year,No,Mailed check,35.3,No,7
1399-OUPJN,Female,0,Yes,Yes,Yes,No,No,No internet service,No internet service,No internet service,No internet service,No internet service,No internet service,Two year,No,Bank transfer (automatic),19.75,No,57
1400-WIVLL,Male,0,Yes,No,Yes,Yes,Fiber optic,No,No,Yes,Yes,Yes,Yes,Two year,No,Electronic check,107.95,No,57
1402-PTHGN,Female,0,Yes,Yes,Yes,No,DSL,Yes,Yes,No,Yes,No,No,One year,Yes,Mailed check,61.5,No,18
1403-GYAFU,Male,0,Yes,Yes,Yes,No,No,No internet service,No internet service,No internet service,No internet service,No internet service,No internet service,Two year,No,Credit card (automatic),20.05,No,70
1403-LKLIK,Female,0,Yes,Yes,Yes,No,No,No internet service,No internet service,No internet service,No internet service,No internet service,No internet service,One year,No,Mailed check,20.1,No,33
1407-DIGZV,Female,0,Yes,Yes,Yes,No,No,No internet service,No internet service,No internet service,No internet service,No internet service,No internet service,Two year,No,Mailed check,19.1,No,3
1409-PHXTF,Male,1,Yes,No,Yes,Yes,Fiber optic,No,Yes,Yes,Yes,Yes,Yes,Two year,Yes,Electronic check,110.45,No,54
1410-RSCMR,Male,0,Yes,Yes,Yes,No,DSL,Yes,No,Yes,Yes,No,Yes,Month-to-month,Yes,Credit card (automatic),71.35,No,7
1414-YADCW,Male,0,Yes,No,Yes,No,Fiber optic,Yes,Yes,No,Yes,No,No,Two year,No,Bank transfer (automatic),84.6,No,70
1415-YFWLT,Female,1,No,No,Yes,No,Fiber optic,No,No,No,No,Yes,Yes,Month-to-month,Yes,Electronic check,89.3,Yes,1
1421-HCERK,Male,1,Yes,No,Yes,Yes,Fiber optic,Yes,Yes,Yes,Yes,Yes,No,Month-to-month,Yes,Bank transfer (automatic),105.7,No,30
1422-DGUBX,Male,0,Yes,No,Yes,Yes,Fiber optic,No,No,No,Yes,No,No,One year,Yes,Electronic check,79.25,No,32
1423-BMPBQ,Female,0,Yes,Yes,Yes,No,No,No internet service,No internet service,No internet service,No internet service,No internet service,No internet service,Month-to-month,Yes,Mailed check,19.0,No,1
1427-VERSM,Female,0,Yes,No,Yes,No,Fiber optic,No,No,Yes,Yes,Yes,Yes,Month-to-month,Yes,Electronic check,98.7,No,56
1428-IEDPR,Male,0,No,No,Yes,Yes,Fiber optic,Yes,No,Yes,Yes,Yes,Yes,Two year,Yes,Electronic check,109.3,No,52
1429-UYJSV,Female,0,No,No,Yes,No,No,No internet service,No internet service,No internet service,No internet service,No internet service,No internet service,One year,No,Mailed check,19.7,No,12
1430-SFQSA,Male,0,No,No,No,No phone service,DSL,Yes,No,No,Yes,No,No,One year,No,Mailed check,35.6,No,29
1431-AIDJQ,Male,0,Yes,Yes,Yes,No,DSL,No,Yes,Yes,Yes,Yes,Yes,Two year,No,Credit card (automatic),82.1,No,33
1431-CYWMH,Female,0,Yes,Yes,Yes,No,No,No internet service,No internet service,No internet service,No internet service,No internet service,No internet service,Month-to-month,No,Bank transfer (automatic),19.05,No,22
1432-FPAXX,Female,0,No,No,No,No phone service,DSL,No,Yes,No,No,No,No,Month-to-month,Yes,Electronic check,30.6,Yes,29
1436-ZMJAN,Female,0,Yes,No,Yes,No,DSL,No,No,Yes,No,Yes,Yes,Month-to-month,Yes,Credit card (automatic),67.8,No,10
1439-LCGVL,Female,0,Yes,No,Yes,No,No,No internet service,No internet service,No internet service,No internet service,No internet service,No internet service,One year,No,Mailed check,19.2,No,26
1442-BQPVU,Female,0,No,No,No,No phone service,DSL,No,Yes,No,No,No,No,Month-to-month,No,Electronic check,29.15,No,13
1442-OKRJE,Male,0,Yes,Yes,Yes,No,Fiber optic,Yes,Yes,Yes,No,Yes,Yes,One year,Yes,Bank transfer (automatic),103.15,No,66
1444-VVSGW,Male,0,Yes,No,Yes,Yes,Fiber optic,Yes,Yes,Yes,Yes,Yes,Yes,One year,No,Credit card (automatic),115.65,Yes,70
1447-GIQMR,Male,0,Yes,No,Yes,No,Fiber optic,No,No,No,No,No,No,Month-to-month,Yes,Electronic check,69.15,Yes,1
1448-CYWKC,Female,0,Yes,Yes,Yes,Yes,Fiber optic,No,Yes,Yes,No,Yes,Yes,One year,Yes,Credit card (automatic),105.2,No,58
1448-PWKYE,Male,0,Yes,Yes,Yes,No,Fiber optic,No,No,No,No,No,Yes,Month-to-month,No,Electronic check,80.0,Yes,1
1449-XQEMT,Male,0,No,No,Yes,No,No,No internet service,No internet service,No internet service,No internet service,No internet service,No internet service,Month-to-month,Yes,Mailed check,19.8,Yes,3
1450-GALXR,Female,0,No,No,Yes,Yes,Fiber optic,No,No,No,Yes,Yes,Yes,Month-to-month,Yes,Electronic check,98.5,Yes,10
1450-SKCVI,Female,0,No,No,Yes,No,Fiber optic,No,Yes,No,No,No,No,Month-to-month,Yes,Electronic check,73.85,Yes,56
1452-KIOVK,Male,0,No,Yes,Yes,Yes,Fiber optic,No,Yes,No,No,Yes,No,Month-to-month,Yes,Credit card (automatic),89.1,No,22
1452-UZOSF,Male,0,Yes,Yes,Yes,Yes,Fiber optic,Yes,Yes,Yes,Yes,Yes,No,Two year,Yes,Credit card (automatic),106.1,No,72
1452-VOQCH,Male,0,No,No,Yes,Yes,Fiber optic,No,No,No,No,No,No,Month-to-month,Yes,Electronic check,75.1,No,1
1453-RZFON,Female,0,No,Yes,Yes,No,DSL,Yes,No,No,No,No,No,Month-to-month,No,Mailed check,49.9,No,1
1455-ESIQH,Male,0,No,No,Yes,No,Fiber optic,No,No,No,No,Yes,Yes,Month-to-month,Yes,Electronic check,89.1,Yes,1
1455-HFBXA,Male,0,Yes,No,Yes,Yes,Fiber optic,Yes,No,Yes,Yes,No,No,Two year,Yes,Credit card (automatic),91.6,No,52
1455-UGQVH,Male,0,Yes,No,Yes,Yes,Fiber optic,No,No,Yes,No,Yes,Yes,Month-to-month,Yes,Electronic check,98.5,Yes,10
1456-TWCGB,Male,0,No,No,Yes,No,DSL,No,Yes,No,No,No,No,Month-to-month,No,Mailed check,49.25,No,4
1459-QNFQT,Male,0,Yes,Yes,No,No phone service,DSL,Yes,No,Yes,Yes,Yes,Yes,Two year,No,Bank transfer (automatic),59.5,No,70
1460-UZPRJ,Male,0,Yes,No,Yes,No,No,No internet service,No internet service,No internet service,No internet service,No internet service,No internet service,Two year,No,Mailed check,19.95,No,60
1465-VINDH,Female,0,Yes,Yes,Yes,Yes,Fiber optic,No,Yes,Yes,No,Yes,Yes,Month-to-month,Yes,Credit card (automatic),102.1,Yes,10
1468-DEFNC,Male,1,Yes,Yes,Yes,Yes,No,No internet service,No internet service,No internet service,No internet service,No internet service,No internet service,Two year,Yes,Bank transfer (automatic),24.4,No,64
1469-LBJQJ,Female,0,Yes,No,Yes,Yes,Fiber optic,No,Yes,Yes,No,Yes,Yes,Month-to-month,Yes,Electronic check,105.2,No,66
1470-PSXNM,Male,0,Yes,Yes,Yes,Yes,Fiber optic,No,Yes,Yes,No,Yes,No,One year,Yes,Electronic check,93.65,No,49
1471-GIQKQ,Female,0,No,No,Yes,No,DSL,No,Yes,No,No,No,No,Month-to-month,No,Electronic check,49.95,No,1
1474-JUWSM,Female,0,Yes,No,Yes,Yes,DSL,Yes,No,No,Yes,No,Yes,One year,Yes,Electronic check,68.4,No,58
1475-VWVDO,Male,0,No,No,Yes,No,Fiber optic,No,No,Yes,No,No,No,Month-to-month,Yes,Electronic check,74.9,No,7
1478-VPOAD,Female,0,No,No,Yes,No,DSL,No,No,No,No,No,No,Month-to-month,No,Electronic check,43.8,No,1
1480-BKXGA,Male,1,Yes,No,Yes,Yes,Fiber optic,Yes,Yes,Yes,Yes,Yes,Yes,Two year,Yes,Bank transfer (automatic),116.05,No,72
1480-IVEVR,Male,1,Yes,No,Yes,Yes,Fiber optic,No,No,Yes,No,No,No,One year,Yes,Bank transfer (automatic),81.6,No,35
1481-ZUWZA,Male,0,No,No,Yes,Yes,Fiber optic,Yes,Yes,No,No,No,Yes,Month-to-month,Yes,Credit card (automatic),94.5,Yes,28
1488-PBLJN,Female,0,Yes,Yes,Yes,Yes,Fiber optic,Yes,Yes,Yes,Yes,Yes,Yes,Two year,Yes,Bank transfer (automatic),116.85,No,72
1488-SYSFC,Male,0,Yes,Yes,Yes,No,No,No internet service,No internet service,No internet service,No internet service,No internet service,No internet service,Month-to-month,Yes,Electronic check,20.65,No,31
1492-KGETH,Male,0,Yes,Yes,Yes,Yes,DSL,Yes,Yes,Yes,Yes,No,Yes,One year,No,Bank transfer (automatic),78.35,No,70
1494-EJZDW,Female,0,Yes,Yes,Yes,No,No,No internet service,No internet service,No internet service,No internet service,No internet service,No internet service,Two year,No,Mailed check,20.15,No,10
1496-GGSUK,Female,1,No,No,No,No phone service,DSL,No,No,No,No,No,No,Month-to-month,Yes,Mailed check,25.7,Yes,1
1498-DQNRX,Female,0,Yes,No,Yes,No,No,No internet service,No internet service,No internet service,No internet service,No internet service,No internet service,Month-to-month,No,Mailed check,19.85,No,29
1498-NHTLT,Male,0,Yes,Yes,Yes,No,DSL,Yes,Yes,Yes,Yes,Yes,Yes,Two year,Yes,Electronic check,86.75,No,59
1501-SGHBW,Male,0,No,No,Yes,No,DSL,No,No,No,No,No,No,Month-to-month,No,Mailed check,45.85,Yes,2
1502-XFCVR,Female,0,No,No,Yes,No,Fiber optic,Yes,Yes,Yes,No,Yes,Yes,One year,Yes,Electronic check,106.45,Yes,58
1506-YJTYT,Male,0,Yes,Yes,Yes,Yes,DSL,Yes,Yes,No,Yes,Yes,No,Two year,No,Credit card (automatic),73.85,No,45
1508-DFXCU,Male,0,No,No,Yes,No,Fiber optic,No,No,No,No,Yes,No,Month-to-month,Yes,Electronic check,81.45,No,12
1513-XNPPH,Female,0,No,No,Yes,No,Fiber optic,No,No,Yes,Yes,No,Yes,Month-to-month,Yes,Electronic check,89.4,Yes,12
1518-OMDIK,Male,0,Yes,No,Yes,No,DSL,No,No,No,No,No,No,Month-to-month,Yes,Credit card (automatic),44.55,No,33
1518-VOWAV,Female,0,No,No,Yes,No,DSL,Yes,Yes,No,No,Yes,Yes,Month-to-month,Yes,Electronic check,74.65,Yes,9
1522-VVDMG,Male,0,Yes,Yes,Yes,No,Fiber optic,No,Yes,No,Yes,Yes,No,Month-to-month,Yes,Electronic check,89.75,Yes,7
1525-LNLOJ,Male,0,Yes,Yes,Yes,Yes,DSL,No,No,Yes,No,Yes,No,Two year,Yes,Bank transfer (automatic),63.3,No,66
1530-ZTDOZ,Female,0,Yes,No,No,No phone service,DSL,Yes,No,No,No,Yes,No,Month-to-month,No,Bank transfer (automatic),40.65,No,49
1535-VTJOQ,Female,0,No,No,Yes,Yes,No,No internet service,No internet service,No internet service,No internet service,No internet service,No internet service,Two year,No,Credit card (automatic),25.15,No,24
1536-HBSWP,Female,0,No,No,Yes,No,DSL,No,No,No,Yes,No,No,Month-to-month,Yes,Electronic check,49.9,No,1
1536-YHDOE,Male,0,Yes,Yes,Yes,Yes,DSL,Yes,No,No,Yes,No,No,One year,Yes,Mailed check,62.1,No,17
1543-LLLFT,Male,1,Yes,No,Yes,Yes,Fiber optic,No,Yes,Yes,Yes,Yes,No,One year,Yes,Mailed check,98.3,No,61
1544-JJMYL,Male,0,No,No,Yes,No,DSL,Yes,No,Yes,Yes,Yes,No,One year,No,Credit card (automatic),69.35,No,27
1545-ACTAS,Female,0,Yes,Yes,Yes,No,Fiber optic,Yes,No,Yes,No,Yes,Yes,One year,Yes,Bank transfer (automatic),99.7,No,48
1545-JFUML,Male,0,Yes,No,Yes,Yes,Fiber optic,Yes,Yes,Yes,No,Yes,No,Two year,Yes,Electronic check,99.0,No,71
1548-ARAGG,Female,0,Yes,Yes,Yes,Yes,DSL,No,Yes,No,Yes,No,No,Month-to-month,Yes,Mailed check,58.5,No,4
1548-FEHVL,Male,0,Yes,No,Yes,Yes,Fiber optic,Yes,Yes,No,No,Yes,Yes,Month-to-month,Yes,Electronic check,106.2,No,61
1550-EENBN,Female,0,No,No,Yes,Yes,Fiber optic,Yes,Yes,No,No,Yes,Yes,Month-to-month,No,Electronic check,104.35,No,31
1552-TKMXS,Female,0,Yes,No,Yes,No,No,No internet service,No internet service,No internet service,No internet service,No internet service,No internet service,Month-to-month,No,Credit card (automatic),20.35,No,42
1555-DJEQW,Female,0,Yes,Yes,Yes,Yes,Fiber optic,Yes,Yes,Yes,Yes,Yes,Yes,Two year,Yes,Bank transfer (automatic),114.2,Yes,70
1555-HAPSU,Female,0,Yes,Yes,Yes,Yes,No,No internet service,No internet service,No internet service,No internet service,No internet service,No internet service,Two year,No,Credit card (automatic),23.9,No,71
1559-DTODC,Male,0,No,No,No,No phone service,DSL,No,No,No,No,No,No,Month-to-month,Yes,Bank transfer (automatic),25.15,No,19
1561-BWHIN,Male,0,Yes,Yes,Yes,No,No,No internet service,No internet service,No internet service,No internet service,No internet service,No internet service,One year,No,Mailed check,19.8,No,19
1563-IWQEX,Female,0,No,No,Yes,No,No,No internet service,No internet service,No internet service,No internet service,No internet service,No internet service,Month-to-month,No,Mailed check,19.7,No,12
1564-NTYXF,Female,1,No,No,Yes,Yes,Fiber optic,No,No,No,No,No,Yes,Month-to-month,Yes,Electronic check,82.0,Yes,13
1565-RHDJD,Female,0,No,Yes,Yes,Yes,Fiber optic,No,Yes,Yes,No,No,No,Month-to-month,No,Bank transfer (automatic),84.05,Yes,4
1567-DSCIC,Male,0,No,No,Yes,Yes,Fiber optic,No,Yes,Yes,No,Yes,No,Month-to-month,Yes,Electronic check,94.0,Yes,8
1568-BEKZM,Male,1,Yes,No,Yes,Yes,DSL,Yes,Yes,Yes,Yes,Yes,Yes,Two year,No,Credit card (automatic),90.05,No,70
1568-LJSZU,Male,0,Yes,Yes,Yes,Yes,DSL,Yes,Yes,Yes,Yes,Yes,Yes,Two year,Yes,Credit card (automatic),92.2,No,68
1569-TTNYJ,Male,0,Yes,No,Yes,Yes,Fiber optic,No,Yes,No,No,No,No,Month-to-month,Yes,Electronic check,78.75,Yes,5
1571-SAVHK,Male,0,No,No,Yes,Yes,Fiber optic,No,No,No,Yes,Yes,Yes,Month-to-month,Yes,Mailed check,99.95,Yes,12
1573-LGXBA,Male,0,Yes,Yes,Yes,No,Fiber optic,No,Yes,Yes,No,Yes,Yes,One year,Yes,Credit card (automatic),97.55,No,57
1574-DYCWE,Female,0,Yes,Yes,Yes,No,No,No internet service,No internet service,No internet service,No internet service,No internet service,No internet service,Two year,No,Mailed check,19.95,No,51
1575-KRZZE,Female,0,No,No,Yes,No,DSL,Yes,Yes,No,No,No,No,Month-to-month,No,Electronic check,55.2,No,4
1576-PFZIW,Male,1,Yes,No,Yes,No,Fiber optic,Yes,Yes,Yes,No,Yes,Yes,Two year,No,Credit card (automatic),105.35,No,70
1577-HKTFG,Female,0,Yes,No,Yes,No,No,No internet service,No internet service,No internet service,No internet service,No internet service,No internet service,Month-to-month,No,Bank transfer (automatic),19.65,Yes,30
1579-KLYDT,Male,0,No,No,Yes,Yes,Fiber optic,No,No,Yes,No,Yes,No,Month-to-month,Yes,Electronic check,90.45,Yes,7
1580-BMCMR,Male,1,No,No,Yes,No,Fiber optic,Yes,No,No,No,No,Yes,Month-to-month,Yes,Electronic check,87.3,No,19
1582-RAFML,Male,0,No,No,Yes,Yes,DSL,No,Yes,No,Yes,No,No,Month-to-month,No,Mailed check,60.1,Yes,1
1585-MQSSU,Male,0,No,No,Yes,No,DSL,No,No,No,Yes,No,No,Month-to-month,No,Mailed check,51.5,Yes,17
1587-FKLZB,Male,1,Yes,Yes,Yes,Yes,Fiber optic,No,No,Yes,No,Yes,Yes,Month-to-month,Yes,Credit card (automatic),99.5,Yes,66
1589-AGTLK,Male,0,No,No,Yes,No,DSL,No,No,No,No,No,No,Month-to-month,Yes,Electronic check,45.35,Yes,3
1591-NFNLQ,Male,0,No,No,Yes,Yes,Fiber optic,No,No,Yes,No,No,No,Month-to-month,No,Credit card (automatic),80.0,Yes,51
1591-XWLGB,Female,0,Yes,No,Yes,No,No,No internet service,No internet service,No internet service,No internet service,No internet service,No internet service,Two year,No,Credit card (automatic),19.85,No,71
1596-BBVTG,Male,0,No,No,Yes,Yes,Fiber optic,No,No,No,No,No,No,Month-to-month,No,Credit card (automatic),75.35,Yes,35
1596-OQSPS,Female,0,No,No,Yes,No,DSL,No,Yes,No,No,No,No,Month-to-month,No,Electronic check,51.1,No,11
1597-FZREH,Female,0,No,No,Yes,No,DSL,No,No,Yes,Yes,Yes,Yes,Month-to-month,No,Electronic check,76.4,Yes,2
1597-LHYNC,Female,1,No,No,Yes,Yes,Fiber optic,Yes,Yes,No,No,No,Yes,Month-to-month,Yes,Electronic check,95.0,Yes,26
1599-EAHXY,Male,0,Yes,Yes,Yes,Yes,No,No internet service,No internet service,No internet service,No internet service,No internet service,No internet service,One year,No,Credit card (automatic),23.95,No,60
1599-MMYRQ,Male,0,Yes,Yes,Yes,No,Fiber optic,Yes,Yes,No,No,No,No,One year,Yes,Credit card (automatic),81.45,No,62
1600-DILPE,Female,0,No,No,Yes,No,DSL,No,No,No,No,No,No,Month-to-month,Yes,Bank transfer (automatic),45.0,No,12
1608-GMEWB,Male,1,No,No,Yes,Yes,Fiber optic,No,No,No,No,Yes,Yes,Month-to-month,Yes,Bank transfer (automatic),93.9,No,45
1614-JBEBI,Female,0,No,No,Yes,No,No,No internet service,No internet service,No internet service,No internet service,No internet service,No internet service,Month-to-month,Yes,Mailed check,20.7,No,8
1618-CFHME,Female,0,No,No,Yes,Yes,Fiber optic,No,No,No,No,No,No,Month-to-month,Yes,Electronic check,75.9,Yes,2
1621-YNCJH,Female,0,Yes,No,Yes,Yes,Fiber optic,Yes,Yes,Yes,Yes,No,Yes,Two year,Yes,Credit card (automatic),106.05,No,36
1622-HSHSF,Female,0,No,No,Yes,No,No,No internet service,No internet service,No internet service,No internet service,No internet service,No internet service,Month-to-month,Yes,Mailed check,19.55,No,1
1623-NLDOT,Female,0,Yes,No,No,No phone service,DSL,No,Yes,No,Yes,No,No,One year,No,Mailed check,33.55,Yes,42
1624-NALOJ,Male,1,No,No,Yes,Yes,Fiber optic,No,Yes,No,No,No,Yes,Month-to-month,Yes,Electronic check,89.8,Yes,5
1624-WOIWJ,Female,0,No,No,Yes,No,Fiber optic,Yes,No,No,No,Yes,No,Month-to-month,Yes,Mailed check,84.7,Yes,10
1625-JAIIY,Female,0,Yes,Yes,Yes,Yes,Fiber optic,No,No,No,No,Yes,No,One year,Yes,Electronic check,83.0,Yes,68
1626-ERCMM,Male,1,Yes,No,Yes,Yes,Fiber optic,No,No,No,No,Yes,Yes,Month-to-month,Yes,Electronic check,94.55,Yes,20
1627-AFWVJ,Female,0,No,No,Yes,No,No,No internet service,No internet service,No internet service,No internet service,No internet service,No internet service,Two year,No,Mailed check,19.4,No,29
1628-BIZYP,Male,0,No,No,Yes,No,Fiber optic,No,Yes,No,No,No,Yes,Month-to-month,Yes,Electronic check,85.0,No,1
1635-FJFCC,Female,0,No,No,Yes,No,DSL,No,No,No,No,No,No,Month-to-month,Yes,Credit card (automatic),44.05,No,5
1635-HDGFT,Female,0,No,Yes,Yes,No,No,No internet service,No internet service,No internet service,No internet service,No internet service,No internet service,Two year,No,Mailed check,20.5,No,19
1635-NZATJ,Male,1,Yes,No,Yes,Yes,No,No internet service,No internet service,No internet service,No internet service,No internet service,No internet service,Two year,No,Credit card (automatic),25.45,No,71
1636-NTNCO,Male,1,No,No,No,No phone service,DSL,No,Yes,No,No,Yes,Yes,Month-to-month,Yes,Credit card (automatic),50.95,No,4
1640-PLFMP,Female,0,No,No,Yes,No,Fiber optic,No,No,No,No,No,No,Month-to-month,Yes,Electronic check,70.25,No,1
1641-BYBTK,Male,0,No,Yes,Yes,No,No,No internet service,No internet service,No internet service,No internet service,No internet service,No internet service,Month-to-month,Yes,Mailed check,20.2,No,6
1641-RQDAY,Female,1,Yes,Yes,Yes,Yes,Fiber optic,No,Yes,No,No,Yes,Yes,Month-to-month,Yes,Electronic check,100.4,No,32
1642-HMARX,Female,0,Yes,No,Yes,Yes,DSL,Yes,Yes,Yes,Yes,Yes,Yes,Two year,Yes,Electronic check,91.7,No,68
1656-DRSMG,Female,0,No,No,Yes,Yes,Fiber optic,No,Yes,Yes,Yes,Yes,Yes,Month-to-month,Yes,Credit card (automatic),109.85,No,63
1657-DYMBM,Male,0,Yes,No,Yes,No,No,No internet service,No internet service,No internet service,No internet service,No internet service,No internet service,Two year,No,Credit card (automatic),19.9,No,53
1658-BYGOY,Male,1,No,No,Yes,Yes,Fiber optic,No,No,No,No,Yes,Yes,Month-to-month,Yes,Electronic check,95.45,Yes,18
1658-XUHBX,Female,1,Yes,Yes,Yes,Yes,Fiber optic,No,No,Yes,No,No,Yes,Month-to-month,Yes,Credit card (automatic),88.75,No,59
1661-CZBAU,Male,0,No,No,Yes,Yes,DSL,Yes,No,No,Yes,No,Yes,One year,Yes,Bank transfer (automatic),70.95,No,48
1663-MHLHE,Male,0,No,No,Yes,No,No,No internet service,No internet service,No internet service,No internet service,No internet service,No internet service,Month-to-month,No,Mailed check,19.2,No,1
1666-JXLKU,Female,0,No,No,Yes,Yes,Fiber optic,No,No,Yes,No,Yes,Yes,Month-to-month,Yes,Electronic check,100.05,No,37
1666-JZPZT,Male,0,No,No,Yes,Yes,DSL,No,No,No,No,No,No,Month-to-month,No,Mailed check,49.0,No,27
1670-SVOWZ,Female,0,Yes,Yes,Yes,No,Fiber optic,No,Yes,No,Yes,No,Yes,Month-to-month,Yes,Credit card (automatic),89.65,Yes,14
1676-MQAOA,Male,0,No,No,Yes,No,DSL,Yes,Yes,Yes,Yes,Yes,No,Two year,Yes,Bank transfer (automatic),75.1,No,72
1678-FYZOW,Female,0,No,No,Yes,No,Fiber optic,No,No,No,No,Yes,No,Month-to-month,Yes,Electronic check,79.4,Yes,3
1679-JRFBR,Female,0,Yes,Yes,Yes,Yes,Fiber optic,Yes,Yes,Yes,No,Yes,Yes,One year,Yes,Credit card (automatic),108.15,No,70
1680-VDCWW,Male,0,Yes,No,Yes,No,No,No internet service,No internet service,No internet service,No internet service,No internet service,No internet service,One year,No,Bank transfer (automatic),19.8,No,12
1682-VCOIO,Male,0,No,No,Yes,No,No,No internet service,No internet service,No internet service,No internet service,No internet service,No internet service,One year,No,Mailed check,20.45,No,23
1684-FLBGS,Female,0,Yes,Yes,Yes,Yes,DSL,No,Yes,No,Yes,Yes,No,Month-to-month,Yes,Credit card (automatic),69.5,No,23
1685-VAYJF,Male,0,No,No,Yes,No,DSL,No,No,No,No,No,No,Month-to-month,No,Credit card (automatic),45.2,No,11
1686-STUHN,Male,0,No,No,Yes,No,No,No internet service,No internet service,No internet service,No internet service,No internet service,No internet service,One year,No,Bank transfer (automatic),19.8,No,42
1689-MRZQR,Male,0,Yes,Yes,Yes,No,Fiber optic,No,No,No,No,Yes,No,Month-to-month,No,Electronic check,78.3,Yes,34
1689-YQBYY,Female,0,No,Yes,Yes,Yes,Fiber optic,No,No,No,No,No,No,Month-to-month,Yes,Electronic check,76.6,No,12
1696-HXOWK,Female,0,Yes,No,Yes,Yes,Fiber optic,Yes,Yes,No,No,Yes,No,One year,No,Mailed check,95.65,No,71
1696-MZVAU,Male,0,Yes,Yes,No,No phone service,DSL,No,No,No,No,No,No,One year,Yes,Credit card (automatic),25.25,No,39
1697-BCSHV,Female,0,Yes,Yes,Yes,Yes,DSL,No,Yes,No,No,Yes,No,Month-to-month,Yes,Bank transfer (automatic),66.8,No,58
1697-LYYYX,Female,0,Yes,Yes,Yes,No,No,No internet service,No internet service,No internet service,No internet service,No internet service,No internet service,One year,No,Credit card (automatic),19.1,No,61
1697-NVVGY,Male,1,Yes,No,Yes,No,DSL,Yes,No,Yes,No,Yes,No,Month-to-month,No,Bank transfer (automatic),66.4,No,19
1698-XFZCI,Male,0,No,No,Yes,Yes,Fiber optic,Yes,Yes,Yes,No,Yes,Yes,One year,Yes,Electronic check,107.75,No,61
1699-HPSBG,Male,0,No,No,Yes,No,DSL,No,No,No,Yes,Yes,No,One year,Yes,Electronic check,59.8,Yes,12
1699-TLDLZ,Female,0,Yes,Yes,Yes,No,No,No internet service,No internet service,No internet service,No internet service,No internet service,No internet service,Two year,No,Mailed check,19.7,No,16
1702-CCFNJ,Male,0,Yes,No,Yes,Yes,DSL,No,Yes,No,Yes,No,No,Month-to-month,No,Bank transfer (automatic),61.35,No,52
1703-MGIAB,Female,0,No,No,Yes,Yes,DSL,No,No,Yes,Yes,Yes,No,Month-to-month,Yes,Mailed check,69.0,No,17
1704-NRWYE,Female,1,No,No,Yes,No,Fiber optic,No,No,No,No,Yes,No,Month-to-month,Yes,Electronic check,80.85,Yes,9
1705-GUHPV,Female,0,No,No,Yes,Yes,No,No internet service,No internet service,No internet service,No internet service,No internet service,No internet service,Two year,No,Mailed check,24.2,No,63
1707-HABPF,Female,1,No,No,Yes,No,Fiber optic,No,Yes,Yes,No,Yes,No,One year,Yes,Bank transfer (automatic),91.3,No,46
1708-PBBOA,Female,0,No,No,No,No phone service,DSL,Yes,Yes,Yes,Yes,No,Yes,One year,Yes,Electronic check,54.75,No,42
1709-EJDOX,Female,0,Yes,Yes,Yes,No,No,No internet service,No internet service,No internet service,No internet service,No internet service,No internet service,Two year,No,Mailed check,19.75,No,47
1710-RCXUS,Male,0,Yes,No,Yes,Yes,Fiber optic,No,Yes,No,No,No,Yes,One year,Yes,Credit card (automatic),90.35,No,51
1722-LDZJS,Male,0,Yes,Yes,Yes,No,No,No internet service,No internet service,No internet service,No internet service,No internet service,No internet service,One year,No,Credit card (automatic),20.2,No,53
1723-HKXJQ,Male,0,No,No,Yes,Yes,Fiber optic,No,Yes,No,No,Yes,Yes,Month-to-month,Yes,Electronic check,101.75,Yes,42
1724-BQUHA,Male,1,No,No,Yes,No,Fiber optic,No,No,No,No,Yes,Yes,Month-to-month,Yes,Electronic check,89.5,Yes,5
1724-IQWNM,Male,0,No,Yes,Yes,No,No,No internet service,No internet service,No internet service,No internet service,No internet service,No internet service,Month-to-month,Yes,Mailed check,19.3,No,1
1725-IQNIY,Male,0,Yes,No,Yes,No,Fiber optic,Yes,Yes,Yes,Yes,Yes,Yes,Two year,No,Bank transfer (automatic),109.75,Yes,54
1725-MIMXW,Male,0,No,Yes,Yes,No,No,No internet service,No internet service,No internet service,No internet service,No internet service,No internet service,Month-to-month,Yes,Mailed check,19.45,Yes,1
1728-BQDMA,Female,0,No,No,Yes,No,DSL,No,No,No,No,No,No,Month-to-month,No,Electronic check,44.45,No,2
1730-VFMWO,Female,0,Yes,No,Yes,No,DSL,No,No,No,Yes,No,No,Month-to-month,No,Bank transfer (automatic),50.2,No,34
1731-TVIUK,Female,0,No,No,Yes,Yes,Fiber optic,No,Yes,No,Yes,No,Yes,Month-to-month,Yes,Electronic check,93.5,Yes,4
1732-VHUBQ,Female,1,Yes,Yes,Yes,No,Fiber optic,No,No,No,No,No,No,Month-to-month,No,Bank transfer (automatic),70.55,Yes,47
1734-ZMNTZ,Female,0,Yes,Yes,Yes,Yes,No,No internet service,No internet service,No internet service,No internet service,No internet service,No internet service,Two year,No,Mailed check,25.0,No,11
1735-XMJVH,Male,0,Yes,Yes,Yes,No,No,No internet service,No internet service,No internet service,No internet service,No internet service,No internet service,Month-to-month,Yes,Mailed check,19.35,No,8
1740-CSDJP,Male,0,No,No,No,No phone service,DSL,No,No,No,No,No,Yes,Month-to-month,Yes,Bank transfer (automatic),35.25,Yes,1
1741-WTPON,Male,0,Yes,Yes,Yes,Yes,Fiber optic,Yes,Yes,Yes,Yes,Yes,Yes,Two year,No,Mailed check,115.85,No,56
1744-JHKYS,Female,0,Yes,No,Yes,Yes,No,No internet service,No internet service,No internet service,No internet service,No internet service,No internet service,Month-to-month,No,Electronic check,24.7,No,34
1746-TGTWV,Male,0,Yes,No,Yes,No,Fiber optic,No,No,Yes,No,No,No,Month-to-month,No,Credit card (automatic),75.35,No,1
1750-CSKKM,Male,0,No,Yes,Yes,No,DSL,No,No,No,No,Yes,No,Month-to-month,No,Electronic check,55.35,Yes,9
1752-OZXFY,Male,0,Yes,No,Yes,No,DSL,Yes,No,No,No,Yes,No,One year,Yes,Mailed check,59.8,No,60
1754-GKYPY,Male,1,Yes,No,Yes,No,Fiber optic,No,No,No,No,Yes,Yes,Month-to-month,Yes,Bank transfer (automatic),89.75,No,22
1755-RMCXH,Male,0,Yes,Yes,Yes,No,No,No internet service,No internet service,No internet service,No internet service,No internet service,No internet service,Month-to-month,No,Mailed check,20.3,No,2
1757-TCATG,Male,0,Yes,Yes,Yes,No,No,No internet service,No internet service,No internet service,No internet service,No internet service,No internet service,One year,No,Bank transfer (automatic),20.05,No,35
1760-CAZHT,Male,0,No,Yes,Yes,No,No,No internet service,No internet service,No internet service,No internet service,No internet service,No internet service,Month-to-month,No,Mailed check,20.8,No,25
1761-AEZZR,Male,0,No,No,Yes,No,Fiber optic,No,No,No,No,Yes,No,Month-to-month,Yes,Electronic check,79.55,Yes,1
1763-KUAAW,Female,1,No,No,Yes,No,No,No internet service,No internet service,No internet service,No internet service,No internet service,No internet service,One year,No,Bank transfer (automatic),20.35,No,18
1763-WQFUK,Male,0,No,No,Yes,No,DSL,No,No,No,Yes,No,No,Month-to-month,Yes,Mailed check,50.5,No,3
1766-GKNMI,Male,0,No,No,Yes,Yes,Fiber optic,No,No,No,No,No,Yes,Month-to-month,Yes,Electronic check,84.9,No,29
1767-CJKBA,Male,0,No,No,Yes,Yes,No,No internet service,No internet service,No internet service,No internet service,No internet service,No internet service,Two year,No,Mailed check,25.1,No,66
1767-TGTKO,Female,0,Yes,Yes,Yes,No,DSL,No,No,No,No,No,No,Month-to-month,Yes,Electronic check,45.45,No,8
1768-HNVGJ,Female,1,No,No,Yes,Yes,DSL,Yes,No,No,Yes,No,Yes,Month-to-month,Yes,Electronic check,70.05,No,45
1768-ZAIFU,Female,1,No,No,No,No phone service,DSL,No,No,No,No,No,No,Month-to-month,Yes,Electronic check,25.2,Yes,1
1769-GRUIK,Female,0,No,No,Yes,No,Fiber optic,No,No,No,No,No,No,Month-to-month,Yes,Electronic check,71.1,No,18
1771-OADNZ,Male,1,Yes,No,Yes,Yes,Fiber optic,No,Yes,Yes,No,No,Yes,Month-to-month,Yes,Electronic check,95.9,Yes,29
1775-KWJKQ,Male,0,Yes,Yes,Yes,Yes,DSL,Yes,Yes,Yes,Yes,Yes,Yes,Two year,No,Credit card (automatic),89.85,No,72
1776-SPBWV,Female,0,Yes,Yes,Yes,No,No,No internet service,No internet service,No internet service,No internet service,No internet service,No internet service,One year,Yes,Bank transfer (automatic),20.1,No,34
1779-PWPMG,Female,1,Yes,No,Yes,Yes,Fiber optic,Yes,Yes,Yes,Yes,Yes,Yes,Two year,Yes,Bank transfer (automatic),114.65,No,72
1784-BXEFA,Female,0,No,No,Yes,No,No,No internet service,No internet service,No internet service,No internet service,No internet service,No internet service,Month-to-month,Yes,Mailed check,20.55,No,10
1785-BPHTP,Male,0,Yes,Yes,Yes,No,Fiber optic,No,No,Yes,No,Yes,No,Month-to-month,No,Electronic check,85.45,No,28
1790-NESIO,Female,0,No,No,Yes,No,No,No internet service,No internet service,No internet service,No internet service,No internet service,No internet service,Two year,Yes,Mailed check,20.4,No,13
1791-PQHBB,Female,0,No,Yes,Yes,No,DSL,Yes,No,No,No,No,Yes,Month-to-month,Yes,Credit card (automatic),61.2,No,2
1792-UXAFY,Female,1,No,No,Yes,No,Fiber optic,No,Yes,Yes,No,Yes,No,Month-to-month,Yes,Electronic check,89.15,Yes,17
1794-SWWKL,Male,0,Yes,Yes,Yes,Yes,DSL,No,No,Yes,Yes,No,No,Month-to-month,Yes,Bank transfer (automatic),59.65,No,15
1796-JANOW,Female,0,No,No,Yes,No,No,No internet service,No internet service,No internet service,No internet service,No internet service,No internet service,Month-to-month,No,Mailed check,19.95,No,2
1803-BGNBD,Female,0,No,No,Yes,No,DSL,No,Yes,No,Yes,No,No,Month-to-month,Yes,Electronic check,54.3,No,12
1810-BOHSY,Male,0,Yes,No,Yes,Yes,Fiber optic,Yes,Yes,No,No,No,Yes,One year,Yes,Credit card (automatic),96.4,No,51
1813-JLKWR,Female,0,Yes,Yes,Yes,No,No,No internet service,No internet service,No internet service,No internet service,No internet service,No internet service,One year,No,Bank transfer (automatic),19.8,No,64
1813-JYWTO,Female,0,Yes,No,Yes,Yes,Fiber optic,Yes,No,No,No,No,No,Two year,No,Bank transfer (automatic),80.45,No,72
1814-DKOLC,Female,0,No,No,Yes,Yes,No,No internet service,No internet service,No internet service,No internet service,No internet service,No internet service,Month-to-month,No,Mailed check,25.45,No,5
1814-WFGVS,Male,0,Yes,Yes,No,No phone service,DSL,Yes,No,Yes,Yes,Yes,No,Two year,No,Mailed check,48.9,No,72
1816-FLZDK,Male,0,No,No,No,No phone service,DSL,No,No,No,Yes,No,No,Month-to-month,No,Mailed check,29.15,No,1
1818-ESQMW,Female,0,No,No,Yes,No,Fiber optic,No,No,Yes,Yes,No,Yes,Month-to-month,Yes,Electronic check,89.2,No,27
1820-DJFPH,Female,0,Yes,Yes,Yes,Yes,No,No internet service,No internet service,No internet service,No internet service,No internet service,No internet service,Two year,Yes,Bank transfer (automatic),24.05,No,72
1820-TQVEV,Male,0,No,No,Yes,No,Fiber optic,No,No,No,No,No,No,Month-to-month,Yes,Electronic check,69.55,Yes,1
1821-BUCWY,Male,0,No,No,Yes,No,DSL,Yes,No,Yes,No,No,No,Two year,Yes,Mailed check,55.65,No,30
1830-GGFNM,Male,0,Yes,Yes,Yes,Yes,Fiber optic,Yes,Yes,Yes,Yes,No,No,Two year,No,Credit card (automatic),94.55,No,65
1830-IPXVJ,Female,0,Yes,Yes,Yes,No,No,No internet service,No internet service,No internet service,No internet service,No internet service,No internet service,Two year,No,Credit card (automatic),19.75,No,61
1832-PEUTS,Male,0,Yes,Yes,Yes,Yes,Fiber optic,No,No,Yes,No,Yes,No,Two year,Yes,Credit card (automatic),89.1,No,62
1833-TCXKK,Male,0,Yes,No,Yes,Yes,Fiber optic,No,Yes,Yes,No,Yes,Yes,Month-to-month,Yes,Bank transfer (automatic),107.75,No,45
1833-VGRUM,Female,1,No,No,Yes,Yes,Fiber optic,No,No,No,No,No,No,Month-to-month,Yes,Electronic check,74.2,Yes,1
1834-ABKHQ,Female,0,Yes,Yes,Yes,No,DSL,No,No,Yes,No,No,No,One year,Yes,Bank transfer (automatic),50.95,No,52
1834-WULEG,Male,0,Yes,Yes,Yes,No,No,No internet service,No internet service,No internet service,No internet service,No internet service,No internet service,One year,No,Mailed check,20.25,No,24
1839-FBNFR,Female,0,Yes,Yes,Yes,No,No,No internet service,No internet service,No internet service,No internet service,No internet service,No internet service,Two year,Yes,Bank transfer (automatic),19.85,No,39
1840-BIUOG,Male,0,No,No,Yes,Yes,DSL,No,Yes,No,Yes,Yes,No,One year,Yes,Electronic check,68.7,No,20
1841-YSJGV,Male,0,Yes,No,Yes,Yes,Fiber optic,Yes,Yes,No,Yes,Yes,Yes,Two year,Yes,Credit card (automatic),109.95,No,72
1842-EZJMK,Male,0,Yes,Yes,Yes,Yes,Fiber optic,No,Yes,No,Yes,Yes,Yes,Month-to-month,No,Electronic check,103.7,Yes,50
1843-TLSGD,Female,0,Yes,Yes,Yes,No,No,No internet service,No internet service,No internet service,No internet service,No internet service,No internet service,Two year,No,Mailed check,20.85,No,13
1845-CSBRZ,Female,1,Yes,Yes,Yes,Yes,Fiber optic,No,No,No,No,Yes,No,Month-to-month,No,Bank transfer (automatic),85.35,No,22
1845-ZLLIG,Male,0,No,No,Yes,No,DSL,No,Yes,No,No,No,No,Month-to-month,Yes,Mailed check,50.15,No,1
1846-XWOQN,Female,1,No,No,Yes,No,Fiber optic,No,No,No,No,No,No,Month-to-month,Yes,Electronic check,70.15,Yes,1
1848-LBZHY,Female,0,Yes,No,Yes,No,DSL,Yes,No,No,No,No,No,Month-to-month,Yes,Bank transfer (automatic),50.3,No,7
1849-RJYIG,Female,0,No,No,Yes,No,DSL,Yes,No,No,No,Yes,No,Month-to-month,Yes,Electronic check,60.0,No,8
1850-AKQEP,Male,0,No,Yes,Yes,No,No,No internet service,No internet service,No internet service,No internet service,No internet service,No internet service,Month-to-month,No,Mailed check,20.35,No,8
1852-QSWCD,Male,0,Yes,Yes,Yes,Yes,No,No internet service,No internet service,No internet service,No internet service,No internet service,No internet service,Two year,Yes,Mailed check,24.8,No,64
1852-XEMDW,Male,0,No,No,Yes,Yes,DSL,Yes,Yes,Yes,No,No,No,Month-to-month,No,Mailed check,65.05,No,22
1853-ARAAQ,Female,0,No,No,No,No phone service,DSL,No,No,Yes,No,Yes,Yes,Month-to-month,Yes,Credit card (automatic),50.35,No,26
1853-UDXBW,Male,0,Yes,Yes,Yes,No,Fiber optic,No,No,No,No,No,No,Month-to-month,Yes,Electronic check,70.0,Yes,1
1855-CFULU,Female,1,No,No,Yes,No,No,No internet service,No internet service,No internet service,No internet service,No internet service,No internet service,Month-to-month,No,Mailed check,20.05,No,4
1862-QRWPE,Female,0,Yes,Yes,Yes,No,No,No internet service,No internet service,No internet service,No internet service,No internet service,No internet service,Two year,No,Bank transfer (automatic),20.65,No,48
1862-SKORY,Female,1,Yes,No,No,No phone service,DSL,No,Yes,No,No,Yes,No,Month-to-month,Yes,Electronic check,39.3,Yes,40
1866-DIOQZ,Female,0,Yes,No,No,No phone service,DSL,Yes,Yes,Yes,Yes,Yes,Yes,One year,No,Bank transfer (automatic),66.8,No,71
1866-NXPSP,Female,0,No,No,Yes,No,DSL,Yes,Yes,Yes,Yes,No,Yes,One year,Yes,Mailed check,75.55,No,36
1866-OBPNR,Male,0,Yes,Yes,Yes,No,Fiber optic,No,Yes,No,No,No,No,Month-to-month,No,Credit card (automatic),74.6,No,1
1866-RZZQS,Male,1,No,No,Yes,Yes,Fiber optic,No,No,Yes,No,Yes,Yes,Month-to-month,Yes,Electronic check,98.4,Yes,41
1866-ZSLJM,Male,0,No,No,Yes,No,No,No internet service,No internet service,No internet service,No internet service,No internet service,No internet service,Month-to-month,No,Credit card (automatic),20.5,No,21
1867-BDVFH,Male,0,Yes,Yes,Yes,Yes,Fiber optic,No,No,No,No,No,No,Month-to-month,Yes,Electronic check,74.35,Yes,11
1867-TJHTS,Female,0,No,No,Yes,Yes,Fiber optic,Yes,No,No,No,No,No,Month-to-month,Yes,Bank transfer (automatic),79.8,No,58
1871-MOWRM,Male,0,Yes,No,Yes,No,Fiber optic,Yes,No,No,Yes,No,No,Month-to-month,No,Bank transfer (automatic),80.85,Yes,12
1872-EBWSC,Female,0,No,No,Yes,No,No,No internet service,No internet service,No internet service,No internet service,No internet service,No internet service,One year,No,Mailed check,20.35,No,29
1877-HKBQX,Female,0,No,No,Yes,No,DSL,Yes,No,No,Yes,No,No,One year,Yes,Mailed check,54.6,No,11
1891-QRQSA,Male,1,Yes,Yes,Yes,Yes,Fiber optic,Yes,No,Yes,Yes,Yes,Yes,Two year,Yes,Bank transfer (automatic),111.6,No,64
1891-UAWWU,Female,1,Yes,No,Yes,Yes,Fiber optic,No,No,Yes,No,Yes,No,Month-to-month,No,Electronic check,90.8,Yes,20
1894-IGFSG,Female,0,No,No,Yes,No,Fiber optic,No,No,No,No,Yes,Yes,Month-to-month,No,Electronic check,89.25,Yes,22
1895-QTKDO,Female,0,No,No,Yes,No,DSL,No,No,No,No,No,No,Month-to-month,No,Credit card (automatic),43.95,No,1
1897-OKVMW,Female,0,Yes,Yes,Yes,Yes,DSL,Yes,Yes,Yes,Yes,Yes,Yes,Two year,Yes,Mailed check,90.6,No,64
1898-JSNDC,Female,0,No,No,Yes,No,DSL,No,Yes,No,No,Yes,No,One year,Yes,Credit card (automatic),58.6,No,39
1899-VXWXM,Male,0,No,No,Yes,Yes,Fiber optic,No,Yes,Yes,No,Yes,Yes,One year,Yes,Credit card (automatic),106.1,Yes,48
1902-XBTFB,Male,0,No,Yes,Yes,No,Fiber optic,No,Yes,Yes,No,Yes,No,Month-to-month,Yes,Electronic check,89.4,Yes,22
1907-UBQFC,Male,1,No,No,Yes,No,Fiber optic,No,Yes,No,No,No,No,Month-to-month,Yes,Electronic check,72.85,Yes,10
1907-YLNYW,Male,0,No,No,Yes,No,DSL,Yes,No,Yes,No,No,Yes,Month-to-month,Yes,Electronic check,66.7,No,8
1910-FMXJM,Female,0,Yes,No,Yes,No,Fiber optic,No,No,No,No,No,Yes,Month-to-month,No,Electronic check,80.4,No,36
1915-IOFGU,Female,0,No,No,Yes,No,Fiber optic,No,No,No,No,No,No,Month-to-month,No,Electronic check,70.5,Yes,1
1915-OAKWD,Female,0,No,Yes,Yes,No,No,No internet service,No internet service,No internet service,No internet service,No internet service,No internet service,One year,Yes,Bank transfer (automatic),19.3,No,16
1919-RTPQD,Male,0,Yes,Yes,Yes,No,DSL,No,No,No,No,No,No,Month-to-month,No,Electronic check,44.75,No,7
1925-LFCZZ,Male,1,No,No,No,No phone service,DSL,No,No,Yes,No,Yes,Yes,One year,Yes,Bank transfer (automatic),50.05,No,55
1925-TIBLE,Female,0,Yes,No,Yes,Yes,Fiber optic,No,No,No,No,Yes,No,Month-to-month,Yes,Electronic check,86.5,Yes,7
1927-QEWMY,Female,0,Yes,No,Yes,No,No,No internet service,No internet service,No internet service,No internet service,No internet service,No internet service,Two year,No,Credit card (automatic),20.5,No,72
1928-BXYIV,Male,0,No,No,Yes,Yes,DSL,Yes,Yes,No,No,No,No,Month-to-month,No,Electronic check,61.15,No,1
1929-ZCBHE,Male,0,Yes,Yes,No,No phone service,DSL,Yes,No,Yes,Yes,No,No,One year,No,Electronic check,40.3,No,47
1930-BZLHI,Male,0,No,No,Yes,No,No,No internet service,No internet service,No internet service,No internet service,No internet service,No internet service,One year,Yes,Mailed check,20.35,No,21
1930-QPBVZ,Male,0,Yes,Yes,Yes,No,Fiber optic,Yes,Yes,No,Yes,No,Yes,Two year,No,Bank transfer (automatic),95.1,No,68
1932-UEDCX,Male,1,Yes,No,Yes,Yes,Fiber optic,No,Yes,No,No,Yes,Yes,Month-to-month,Yes,Bank transfer (automatic),100.6,No,33
1934-MKPXS,Male,0,Yes,Yes,Yes,No,No,No internet service,No internet service,No internet service,No internet service,No internet service,No internet service,One year,No,Credit card (automatic),20.1,No,33
1934-SJVJK,Male,0,No,No,Yes,No,No,No internet service,No internet service,No internet service,No internet service,No internet service,No internet service,Month-to-month,No,Mailed check,20.15,Yes,1
1935-IMVBB,Male,0,Yes,No,Yes,No,Fiber optic,No,No,No,No,Yes,Yes,Month-to-month,No,Mailed check,89.7,No,56
1936-CZAKF,Male,0,Yes,No,No,No phone service,DSL,No,Yes,No,No,Yes,Yes,Two year,No,Credit card (automatic),49.65,No,49
1936-UAFEH,Female,0,No,No,Yes,Yes,Fiber optic,Yes,Yes,No,Yes,Yes,Yes,Two year,No,Credit card (automatic),110.25,No,68
1937-OTUKY,Female,0,Yes,No,Yes,Yes,Fiber optic,Yes,No,Yes,Yes,Yes,No,Two year,Yes,Bank transfer (automatic),98.2,No,72
1942-OQFRW,Male,0,No,No,Yes,No,DSL,No,No,No,No,No,No,Month-to-month,No,Electronic check,44.0,No,1
1950-KSVVJ,Female,0,Yes,No,Yes,Yes,Fiber optic,Yes,Yes,Yes,Yes,Yes,Yes,One year,No,Mailed check,113.3,No,45
1951-IEYXM,Male,0,Yes,Yes,Yes,Yes,DSL,Yes,Yes,Yes,Yes,Yes,Yes,Two year,Yes,Credit card (automatic),90.6,No,72
1952-DVVSW,Female,0,Yes,No,Yes,No,No,No internet service,No internet service,No internet service,No internet service,No internet service,No internet service,One year,No,Mailed check,20.1,No,10
1955-IBMMB,Male,0,No,No,Yes,No,No,No internet service,No internet service,No internet service,No internet service,No internet service,No internet service,Two year,Yes,Bank transfer (automatic),20.2,No,59
1956-YIFGE,Male,0,Yes,Yes,Yes,No,Fiber optic,No,Yes,Yes,No,Yes,Yes,One year,Yes,Mailed check,100.05,No,22
1958-RNRKS,Male,0,Yes,No,Yes,Yes,DSL,No,No,No,No,No,No,Month-to-month,No,Electronic check,49.9,No,30
1960-UOTYM,Male,0,Yes,Yes,Yes,No,DSL,Yes,Yes,Yes,No,Yes,Yes,Two year,No,Electronic check,79.2,No,52
1963-SVUCV,Male,0,No,No,Yes,No,DSL,No,No,No,No,No,No,Month-to-month,No,Electronic check,45.3,Yes,1
1964-SVLEA,Male,0,No,No,Yes,No,No,No internet service,No internet service,No internet service,No internet service,No internet service,No internet service,One year,Yes,Mailed check,19.7,No,20
1965-AKTSX,Female,1,No,No,Yes,Yes,Fiber optic,No,Yes,No,No,No,No,Month-to-month,Yes,Electronic check,78.95,Yes,14
1965-DDBWU,Male,0,No,No,Yes,Yes,Fiber optic,No,No,No,Yes,No,Yes,Month-to-month,Yes,Credit card (automatic),89.05,Yes,16
1971-DTCZB,Female,0,Yes,No,Yes,Yes,DSL,Yes,Yes,Yes,Yes,Yes,Yes,Two year,Yes,Bank transfer (automatic),90.95,No,72
1972-XMUWV,Female,0,Yes,No,Yes,No,DSL,No,No,No,Yes,Yes,No,Two year,Yes,Credit card (automatic),59.8,No,65
1976-AZZPJ,Male,0,Yes,No,No,No phone service,DSL,Yes,Yes,No,No,No,No,Month-to-month,No,Mailed check,34.2,No,7
1976-CFOCS,Female,1,Yes,No,Yes,No,DSL,No,No,No,No,No,No,Month-to-month,No,Electronic check,46.0,Yes,1
1977-STDKI,Female,1,No,No,Yes,No,Fiber optic,No,Yes,No,No,No,No,Month-to-month,Yes,Electronic check,73.0,Yes,1
1980-KXVPM,Female,1,No,No,Yes,Yes,Fiber optic,No,No,No,No,No,No,Month-to-month,Yes,Credit card (automatic),75.05,Yes,3
1981-INRFU,Female,0,No,No,Yes,No,Fiber optic,No,No,No,No,Yes,No,Month-to-month,Yes,Electronic check,79.75,Yes,2
1982-FEBTD,Female,0,Yes,Yes,Yes,Yes,No,No internet service,No internet service,No internet service,No internet service,No internet service,No internet service,Two year,Yes,Credit card (automatic),25.6,No,23
1984-FCOWB,Female,0,Yes,No,Yes,Yes,Fiber optic,No,Yes,Yes,Yes,Yes,Yes,One year,Yes,Electronic check,109.5,Yes,70
1985-MBRYP,Female,0,No,No,Yes,No,No,No internet service,No internet service,No internet service,No internet service,No internet service,No internet service,Two year,Yes,Bank transfer (automatic),19.65,No,43
1986-PHGZF,Male,1,No,No,Yes,Yes,DSL,Yes,Yes,No,No,No,No,Month-to-month,Yes,Credit card (automatic),58.4,No,18
1987-AUELQ,Female,0,Yes,No,Yes,Yes,No,No internet service,No internet service,No internet service,No internet service,No internet service,No internet service,Two year,No,Credit card (automatic),25.05,No,71
1989-PRJHP,Male,1,Yes,No,Yes,Yes,Fiber optic,No,No,No,No,No,No,Month-to-month,Yes,Electronic check,75.5,Yes,27
1991-VOPLL,Female,0,No,No,Yes,No,No,No internet service,No internet service,No internet service,No internet service,No internet service,No internet service,Month-to-month,No,Mailed check,19.05,No,9
1996-DBMUS,Female,1,Yes,No,Yes,No,Fiber optic,No,No,No,No,No,No,Month-to-month,Yes,Bank transfer (automatic),70.65,No,48
1998-VHJHK,Female,0,No,No,Yes,No,No,No internet service,No internet service,No internet service,No internet service,No internet service,No internet service,One year,No,Mailed check,19.15,No,27
2000-DHJUY,Female,1,Yes,No,Yes,Yes,DSL,Yes,Yes,Yes,Yes,Yes,Yes,Two year,Yes,Bank transfer (automatic),92.2,No,70
2001-EWBQU,Female,0,No,No,Yes,Yes,Fiber optic,No,Yes,Yes,No,Yes,Yes,Two year,No,Electronic check,104.7,No,60
2002-MZHWP,Female,0,No,No,Yes,No,No,No internet service,No internet service,No internet service,No internet service,No internet service,No internet service,Month-to-month,No,Mailed check,20.5,Yes,1
2003-CKLOR,Male,0,No,No,Yes,No,Fiber optic,No,Yes,Yes,No,Yes,Yes,Month-to-month,No,Electronic check,99.5,Yes,66
2004-OCQXK,Female,0,No,No,Yes,No,Fiber optic,No,No,No,No,No,Yes,Month-to-month,Yes,Electronic check,81.95,Yes,1
2005-DWQZJ,Female,0,Yes,Yes,Yes,No,No,No internet service,No internet service,No internet service,No internet service,No internet service,No internet service,Two year,No,Mailed check,19.05,No,8
2007-QVGAW,Female,0,Yes,Yes,Yes,No,No,No internet service,No internet service,No internet service,No internet service,No internet service,No internet service,Two year,Yes,Bank transfer (automatic),19.35,No,68
2012-NWRPA,Female,1,Yes,No,Yes,Yes,Fiber optic,No,No,Yes,No,Yes,Yes,Month-to-month,Yes,Electronic check,99.55,Yes,11
2014-MKGMH,Female,0,No,No,Yes,Yes,Fiber optic,No,No,Yes,No,Yes,Yes,One year,Yes,Electronic check,101.1,No,46
2017-CCBLH,Female,0,No,No,Yes,No,No,No internet service,No internet service,No internet service,No internet service,No internet service,No internet service,Two year,No,Mailed check,20.0,No,8
2018-QKYGT,Male,0,Yes,Yes,Yes,No,Fiber optic,No,No,No,No,No,Yes,Month-to-month,Yes,Electronic check,81.05,No,1
2019-HDCZY,Male,0,Yes,No,Yes,Yes,Fiber optic,No,No,Yes,No,Yes,Yes,Two year,No,Electronic check,102.6,No,63
2023-VQFDL,Male,0,No,No,Yes,No,No,No internet service,No internet service,No internet service,No internet service,No internet service,No internet service,Month-to-month,No,Electronic check,19.0,No,18
2024-BASKD,Female,0,No,No,Yes,No,Fiber optic,No,No,Yes,No,No,No,Month-to-month,Yes,Mailed check,74.6,Yes,1
2025-JKFWI,Male,0,No,No,Yes,Yes,Fiber optic,No,No,No,Yes,Yes,Yes,Month-to-month,Yes,Mailed check,99.0,Yes,13
2026-TGDHM,Female,0,No,No,Yes,No,Fiber optic,No,No,No,No,No,Yes,Month-to-month,Yes,Electronic check,79.3,Yes,7
2027-CWDNU,Male,0,Yes,Yes,Yes,No,Fiber optic,No,No,No,Yes,No,Yes,Month-to-month,Yes,Electronic check,85.6,No,18
2027-DNKIV,Male,0,Yes,Yes,Yes,No,DSL,Yes,No,Yes,Yes,No,No,One year,Yes,Mailed check,58.75,No,37
2027-FECZV,Male,0,No,No,Yes,Yes,Fiber optic,No,Yes,Yes,No,Yes,Yes,Month-to-month,Yes,Electronic check,106.7,Yes,12
2027-OAQQC,Female,0,No,No,No,No phone service,DSL,No,No,Yes,No,Yes,Yes,Month-to-month,Yes,Bank transfer (automatic),49.05,Yes,43
2027-WKXMW,Female,0,Yes,No,Yes,Yes,Fiber optic,No,Yes,Yes,Yes,Yes,Yes,Month-to-month,Yes,Electronic check,108.75,No,63
2030-BTZRO,Male,0,Yes,Yes,Yes,No,No,No internet service,No internet service,No internet service,No internet service,No internet service,No internet service,Two year,Yes,Credit card (automatic),20.4,No,6
2034-GDRCN,Female,0,No,No,Yes,No,Fiber optic,No,No,No,No,Yes,Yes,Month-to-month,Yes,Electronic check,90.4,Yes,2
2037-SGXHH,Male,0,Yes,Yes,Yes,Yes,Fiber optic,No,Yes,Yes,No,Yes,No,Month-to-month,Yes,Electronic check,94.65,Yes,38
2037-XJFUP,Male,0,Yes,No,Yes,No,Fiber optic,No,No,Yes,No,Yes,Yes,One year,Yes,Electronic check,95.8,Yes,33
2038-LLMLM,Female,0,No,No,Yes,Yes,Fiber optic,No,No,Yes,Yes,Yes,Yes,Month-to-month,Yes,Electronic check,103.85,No,48
2038-OEQZH,Male,0,No,No,Yes,No,Fiber optic,No,No,Yes,No,No,Yes,Month-to-month,No,Electronic check,86.05,No,4
2038-YSEZE,Female,0,No,No,Yes,Yes,DSL,Yes,Yes,No,Yes,No,No,Month-to-month,No,Mailed check,67.45,No,29
2039-JONDJ,Male,0,No,No,Yes,No,DSL,Yes,Yes,No,No,No,No,One year,No,Bank transfer (automatic),55.45,No,27
2040-LDIWQ,Male,0,Yes,Yes,Yes,Yes,DSL,No,Yes,Yes,Yes,Yes,Yes,Two year,Yes,Bank transfer (automatic),84.2,No,65
2040-OBMLJ,Male,0,No,No,Yes,Yes,Fiber optic,No,No,No,Yes,No,No,One year,No,Credit card (automatic),81.7,No,31
2040-XBAVJ,Male,0,Yes,Yes,Yes,Yes,Fiber optic,Yes,Yes,Yes,Yes,Yes,Yes,Two year,No,Bank transfer (automatic),114.45,No,72
2041-JIJCI,Female,0,No,No,Yes,Yes,DSL,No,Yes,No,No,No,Yes,Month-to-month,Yes,Electronic check,64.0,No,5
2043-WVTQJ,Male,0,Yes,No,Yes,No,DSL,Yes,No,Yes,No,No,No,Month-to-month,No,Mailed check,55.7,No,1
2045-BMBTJ,Female,1,No,No,No,No phone service,DSL,Yes,Yes,Yes,No,Yes,Yes,Month-to-month,Yes,Bank transfer (automatic),59.45,No,33
2049-BAFNW,Female,0,No,No,No,No phone service,DSL,No,No,Yes,Yes,No,No,Month-to-month,No,Mailed check,35.9,No,1
2055-BFOCC,Male,1,Yes,No,Yes,No,DSL,Yes,Yes,Yes,Yes,Yes,Yes,One year,Yes,Bank transfer (automatic),84.0,No,63
2055-SIFSS,Female,1,Yes,No,Yes,Yes,DSL,No,No,No,No,No,No,Month-to-month,No,Bank transfer (automatic),51.65,No,55
2056-EVGZL,Male,0,Yes,Yes,Yes,No,Fiber optic,No,Yes,Yes,Yes,Yes,Yes,One year,No,Credit card (automatic),105.75,No,68
2057-BOYKM,Female,1,Yes,No,Yes,Yes,Fiber optic,Yes,Yes,Yes,Yes,No,No,Two year,Yes,Bank transfer (automatic),96.6,No,72
2057-ZBLPD,Female,0,Yes,No,Yes,Yes,Fiber optic,No,No,No,No,No,Yes,Month-to-month,Yes,Electronic check,86.5,Yes,21
2058-DCJBE,Male,0,No,No,Yes,No,Fiber optic,No,No,No,No,No,No,Month-to-month,Yes,Electronic check,69.75,Yes,5
2061-VVFST,Female,0,Yes,No,Yes,No,No,No internet service,No internet service,No internet service,No internet service,No internet service,No internet service,Month-to-month,No,Bank transfer (automatic),19.5,No,37
2067-QYTCF,Female,0,Yes,No,Yes,Yes,Fiber optic,No,Yes,Yes,Yes,Yes,Yes,Month-to-month,Yes,Electronic check,111.15,No,64
2070-FNEXE,Female,1,No,No,Yes,No,Fiber optic,Yes,No,No,No,No,No,Month-to-month,No,Bank transfer (automatic),76.45,Yes,7
2070-XYMFH,Female,1,No,No,Yes,Yes,Fiber optic,No,No,Yes,No,No,No,Month-to-month,Yes,Mailed check,79.35,No,23
2072-ZVJJX,Male,0,Yes,No,Yes,Yes,No,No internet service,No internet service,No internet service,No internet service,No internet service,No internet service,Two year,No,Bank transfer (automatic),25.25,No,68
2073-QBVBI,Female,0,Yes,No,No,No phone service,DSL,No,Yes,No,Yes,No,No,One year,No,Mailed check,35.45,No,41
2074-GUHPQ,Female,0,No,Yes,Yes,Yes,Fiber optic,No,Yes,Yes,Yes,No,No,Month-to-month,Yes,Credit card (automatic),92.7,No,17
2075-PUEPR,Male,0,Yes,Yes,Yes,No,No,No internet service,No internet service,No internet service,No internet service,No internet service,No internet service,Two year,No,Bank transfer (automatic),19.35,No,55
2075-RMJIK,Female,0,Yes,Yes,Yes,No,DSL,Yes,No,No,No,No,No,Month-to-month,Yes,Mailed check,49.4,No,5
2077-DDHJK,Female,0,Yes,No,Yes,Yes,DSL,Yes,Yes,Yes,Yes,No,No,Two year,No,Credit card (automatic),70.9,No,68
2077-MPJQO,Male,1,Yes,No,Yes,Yes,Fiber optic,No,No,No,No,No,No,Month-to-month,Yes,Electronic check,75.4,No,7
2079-FBMZK,Female,0,No,No,Yes,No,Fiber optic,No,No,No,No,No,No,Month-to-month,Yes,Mailed check,69.25,Yes,6
2080-CAZNM,Female,1,No,No,Yes,Yes,Fiber optic,No,Yes,Yes,No,Yes,Yes,Month-to-month,Yes,Electronic check,104.4,No,41
2080-SRCDE,Female,0,No,Yes,Yes,Yes,No,No internet service,No internet service,No internet service,No internet service,No internet service,No internet service,Month-to-month,No,Mailed check,25.4,No,1
2082-OJVTK,Male,0,Yes,Yes,Yes,Yes,Fiber optic,No,No,Yes,No,No,Yes,Month-to-month,Yes,Electronic check,89.2,Yes,29
2085-BOJKI,Male,0,Yes,No,Yes,No,Fiber optic,No,No,Yes,No,Yes,Yes,One year,Yes,Bank transfer (automatic),96.65,No,17
2085-JVGAD,Male,0,Yes,No,Yes,No,No,No internet service,No internet service,No internet service,No internet service,No internet service,No internet service,Month-to-month,No,Bank transfer (automatic),20.35,No,37
2087-QAREY,Female,0,Yes,No,Yes,No,DSL,No,Yes,Yes,No,No,No,Month-to-month,Yes,Mailed check,54.7,No,22
2088-IEBAU,Female,0,No,No,Yes,Yes,DSL,Yes,Yes,Yes,Yes,Yes,Yes,Two year,Yes,Electronic check,88.15,No,68
2091-GPPIQ,Female,0,Yes,Yes,Yes,Yes,DSL,No,Yes,No,Yes,Yes,Yes,Two year,Yes,Electronic check,78.95,No,72
2091-MJTFX,Female,0,Yes,Yes,No,No phone service,DSL,No,No,No,Yes,Yes,Yes,Month-to-month,No,Credit card (automatic),51.2,Yes,30
2091-RFFBA,Female,1,No,No,Yes,Yes,Fiber optic,No,No,No,No,No,No,Month-to-month,Yes,Electronic check,73.9,Yes,31
2097-YVPKN,Male,0,No,No,Yes,Yes,No,No internet service,No internet service,No internet service,No internet service,No internet service,No internet service,Two year,No,Mailed check,25.75,No,65
2103-ZRXFN,Male,0,No,No,Yes,Yes,DSL,No,No,No,No,No,No,Month-to-month,No,Mailed check,50.75,No,1
2105-PHWON,Female,0,Yes,No,Yes,Yes,Fiber optic,No,No,Yes,Yes,No,Yes,Month-to-month,Yes,Credit card (automatic),95.0,No,33
2107-FBPTK,Female,1,No,No,Yes,Yes,Fiber optic,No,Yes,Yes,No,Yes,Yes,Month-to-month,Yes,Electronic check,104.1,No,30
2108-GLPQB,Male,0,Yes,No,Yes,Yes,DSL,No,No,Yes,No,No,No,Month-to-month,No,Credit card (automatic),55.55,No,25
2108-YKQTY,Female,0,No,No,Yes,No,DSL,No,Yes,No,No,No,No,Month-to-month,No,Credit card (automatic),50.7,Yes,4
2111-DWYHN,Male,0,No,No,Yes,No,No,No internet service,No internet service,No internet service,No internet service,No internet service,No internet service,Month-to-month,No,Mailed check,21.1,No,1
2114-MGINA,Female,0,No,No,Yes,No,Fiber optic,No,No,No,No,Yes,Yes,Month-to-month,Yes,Mailed check,89.8,Yes,14
2115-BFTIW,Male,0,No,No,Yes,No,Fiber optic,No,No,No,No,No,No,Month-to-month,No,Mailed check,70.95,Yes,25
2120-SMPEX,Male,0,No,No,Yes,No,No,No internet service,No internet service,No internet service,No internet service,No internet service,No internet service,Month-to-month,Yes,Mailed check,20.15,No,25
2122-YWVYA,Female,0,No,No,Yes,No,Fiber optic,Yes,No,No,No,No,No,Month-to-month,Yes,Electronic check,75.4,No,18
2123-AGEEN,Female,1,No,No,Yes,No,Fiber optic,No,No,Yes,No,Yes,No,Month-to-month,Yes,Electronic check,84.35,No,7
2123-VSCOT,Female,0,Yes,Yes,Yes,Yes,DSL,No,No,Yes,Yes,Yes,No,Two year,Yes,Bank transfer (automatic),72.1,No,59
2126-GSEGL,Female,0,Yes,No,Yes,Yes,DSL,No,Yes,Yes,Yes,Yes,Yes,Two year,Yes,Bank transfer (automatic),84.8,No,70
2129-ALKBS,Female,0,Yes,Yes,Yes,Yes,No,No internet service,No internet service,No internet service,No internet service,No internet service,No internet service,Month-to-month,Yes,Electronic check,26.2,No,40
2133-TSRRM,Female,0,No,Yes,Yes,No,Fiber optic,Yes,Yes,Yes,No,Yes,Yes,Month-to-month,Yes,Bank transfer (automatic),105.35,No,34
2135-DQWAQ,Female,0,No,No,Yes,No,Fiber optic,No,Yes,No,No,Yes,No,Month-to-month,Yes,Mailed check,85.3,No,5
2135-RXIHG,Male,0,No,No,Yes,No,DSL,No,No,No,No,No,No,Month-to-month,Yes,Electronic check,45.65,Yes,1
2137-DQMEV,Male,0,Yes,Yes,No,No phone service,DSL,Yes,Yes,No,No,Yes,No,One year,No,Mailed check,44.8,No,68
2138-VFAPZ,Female,0,Yes,Yes,Yes,No,No,No internet service,No internet service,No internet service,No internet service,No internet service,No internet service,Two year,Yes,Mailed check,19.7,No,14
2139-FQHLM,Male,0,No,No,Yes,No,Fiber optic,No,No,Yes,Yes,Yes,No,Month-to-month,No,Mailed check,89.95,No,19
2143-LJULT,Female,0,Yes,No,Yes,Yes,No,No internet service,No internet service,No internet service,No internet service,No internet service,No internet service,Two year,Yes,Credit card (automatic),25.25,No,67
2144-BFDSO,Female,1,Yes,No,Yes,Yes,Fiber optic,Yes,Yes,Yes,No,Yes,Yes,Month-to-month,No,Bank transfer (automatic),108.75,No,50
2144-ESWKO,Male,0,No,No,No,No phone service,DSL,Yes,No,Yes,No,No,No,One year,Yes,Credit card (automatic),35.2,No,43
2146-EGVDT,Male,0,Yes,Yes,Yes,No,No,No internet service,No internet service,No internet service,No internet service,No internet service,No internet service,Two year,No,Credit card (automatic),19.3,No,59
2150-OEGBV,Male,0,No,No,Yes,No,No,No internet service,No internet service,No internet service,No internet service,No internet service,No internet service,One year,No,Bank transfer (automatic),20.1,No,27
2150-UWTFY,Female,0,Yes,Yes,Yes,No,DSL,Yes,Yes,Yes,No,No,No,Month-to-month,No,Mailed check,61.15,Yes,22
2153-MREFK,Female,0,Yes,No,Yes,Yes,Fiber optic,Yes,No,Yes,Yes,No,Yes,One year,Yes,Electronic check,99.2,Yes,37
2155-AMQRX,Female,0,No,No,Yes,Yes,DSL,No,No,No,Yes,No,No,Month-to-month,Yes,Credit card (automatic),54.9,No,28
2157-MXBJS,Male,0,Yes,No,Yes,Yes,DSL,No,No,Yes,No,Yes,Yes,One year,Yes,Mailed check,75.3,Yes,13
2159-TURXX,Male,0,No,No,Yes,No,No,No internet service,No internet service,No internet service,No internet service,No internet service,No internet service,Month-to-month,No,Credit card (automatic),20.05,No,5
2164-SOQXL,Female,0,Yes,Yes,Yes,No,No,No internet service,No internet service,No internet service,No internet service,No internet service,No internet service,Month-to-month,No,Mailed check,20.05,No,20
2165-VOEGB,Female,0,No,Yes,Yes,No,Fiber optic,Yes,Yes,No,Yes,Yes,Yes,One year,Yes,Bank transfer (automatic),105.2,Yes,46
2167-FQSTQ,Female,0,Yes,No,Yes,Yes,DSL,Yes,Yes,Yes,Yes,Yes,Yes,Two year,Yes,Electronic check,92.4,No,72
2169-RRLFW,Female,0,Yes,No,Yes,Yes,No,No internet service,No internet service,No internet service,No internet service,No internet service,No internet service,Two year,No,Credit card (automatic),25.6,No,71
2172-EJXVF,Female,1,No,No,Yes,Yes,Fiber optic,No,Yes,Yes,No,Yes,Yes,One year,Yes,Electronic check,105.9,No,71
2176-LVPNX,Female,1,No,No,Yes,Yes,DSL,Yes,Yes,Yes,Yes,Yes,Yes,Two year,No,Mailed check,89.85,No,71
2176-OSJUV,Male,0,Yes,No,Yes,Yes,DSL,Yes,Yes,No,Yes,No,No,Two year,No,Bank transfer (automatic),65.15,No,71
2178-PMGCJ,Male,0,No,No,Yes,No,Fiber optic,No,No,No,No,No,No,Month-to-month,Yes,Mailed check,69.7,No,22
2181-TIDSV,Male,0,Yes,Yes,Yes,No,No,No internet service,No internet service,No internet service,No internet service,No internet service,No internet service,Two year,Yes,Bank transfer (automatic),19.95,No,68
2181-UAESM,Male,0,No,No,Yes,No,DSL,Yes,No,Yes,No,No,No,Month-to-month,No,Electronic check,53.45,No,2
2186-QZEYA,Female,1,No,No,Yes,Yes,DSL,Yes,Yes,No,No,No,No,Month-to-month,Yes,Bank transfer (automatic),58.55,No,29
2187-LZGPL,Female,0,No,No,No,No phone service,DSL,No,Yes,No,No,No,Yes,Month-to-month,Yes,Credit card (automatic),40.1,Yes,7
2189-UXTKY,Female,0,Yes,No,Yes,Yes,DSL,Yes,No,No,Yes,Yes,Yes,Month-to-month,Yes,Electronic check,79.2,Yes,22
2189-WWOEW,Female,0,No,Yes,Yes,No,Fiber optic,No,Yes,No,No,No,Yes,Month-to-month,Yes,Bank transfer (automatic),85.9,Yes,15
2190-BCXEC,Female,0,Yes,No,Yes,Yes,Fiber optic,No,No,No,Yes,No,No,Month-to-month,Yes,Credit card (automatic),78.85,No,40
2190-PHBHR,Female,0,Yes,No,Yes,Yes,Fiber optic,Yes,Yes,No,No,No,Yes,Two year,Yes,Credit card (automatic),94.45,No,72
2192-CKRLV,Female,0,Yes,No,No,No phone service,DSL,Yes,Yes,Yes,No,No,Yes,Two year,Yes,Electronic check,49.2,No,72
2193-SFWQW,Male,0,Yes,Yes,Yes,No,Fiber optic,Yes,Yes,Yes,Yes,Yes,Yes,Two year,No,Bank transfer (automatic),111.95,No,72
2194-IIQOF,Female,0,Yes,No,Yes,Yes,DSL,Yes,Yes,Yes,Yes,Yes,Yes,Two year,No,Credit card (automatic),89.3,No,71
2195-VVRJF,Male,1,Yes,No,Yes,No,DSL,Yes,No,No,No,No,Yes,Month-to-month,Yes,Credit card (automatic),59.1,No,18
2197-OMWGI,Female,1,Yes,Yes,No,No phone service,DSL,No,Yes,Yes,No,Yes,Yes,Two year,Yes,Electronic check,53.0,No,68
2200-DSAAL,Female,0,No,No,Yes,Yes,DSL,No,Yes,Yes,No,Yes,Yes,Two year,Yes,Electronic check,80.65,No,68
2202-CUYXZ,Male,0,No,No,Yes,No,Fiber optic,No,No,Yes,No,Yes,No,Month-to-month,Yes,Electronic check,84.85,Yes,1
2203-GHNWN,Female,0,Yes,No,Yes,Yes,Fiber optic,No,No,Yes,No,No,No,Month-to-month,Yes,Mailed check,79.65,No,24
2205-LPVGL,Male,1,Yes,Yes,Yes,Yes,Fiber optic,Yes,Yes,No,Yes,No,No,One year,Yes,Bank transfer (automatic),89.85,No,58
2207-NHRJK,Male,0,No,No,Yes,No,DSL,No,Yes,No,No,No,No,Month-to-month,No,Electronic check,50.8,Yes,1
2207-OBZNX,Male,0,No,No,Yes,No,DSL,Yes,No,No,No,No,No,Month-to-month,Yes,Mailed check,51.0,Yes,7
2207-QPJED,Female,1,Yes,No,Yes,No,Fiber optic,No,No,Yes,Yes,Yes,No,Month-to-month,No,Electronic check,90.0,No,37
2207-RYYRL,Male,0,Yes,Yes,Yes,Yes,No,No internet service,No internet service,No internet service,No internet service,No internet service,No internet service,Two year,No,Mailed check,24.55,No,52
2208-NKVVH,Male,0,Yes,Yes,Yes,Yes,No,No internet service,No internet service,No internet service,No internet service,No internet service,No internet service,Two year,No,Mailed check,24.25,No,43
2208-NQBCT,Female,0,Yes,Yes,Yes,No,Fiber optic,Yes,Yes,No,No,No,No,Month-to-month,No,Electronic check,81.95,No,26
2208-UGTGR,Male,0,No,No,Yes,Yes,Fiber optic,No,Yes,No,No,Yes,Yes,Month-to-month,No,Electronic check,98.6,No,56
2209-XADXF,Female,0,No,No,No,No phone service,DSL,No,No,No,No,No,No,Month-to-month,No,Bank transfer (automatic),25.25,No,1
2211-RMNHO,Female,0,Yes,Yes,Yes,Yes,DSL,No,Yes,Yes,Yes,Yes,Yes,Two year,No,Bank transfer (automatic),85.3,No,68
2212-LYASK,Male,0,Yes,Yes,No,No phone service,DSL,No,Yes,Yes,No,No,Yes,One year,Yes,Credit card (automatic),45.85,No,27
2215-ZAFGX,Male,0,No,No,Yes,Yes,Fiber optic,No,No,No,No,Yes,No,Month-to-month,Yes,Electronic check,85.5,No,9
2219-MVUSO,Male,0,No,No,Yes,No,DSL,No,No,No,No,No,No,Month-to-month,Yes,Mailed check,45.15,Yes,8
2220-IAHLS,Female,0,No,No,Yes,No,No,No internet service,No internet service,No internet service,No internet service,No internet service,No internet service,Month-to-month,No,Credit card (automatic),19.4,No,1
2223-GDSHL,Male,0,Yes,Yes,Yes,Yes,Fiber optic,Yes,Yes,Yes,Yes,Yes,Yes,Two year,Yes,Bank transfer (automatic),116.05,No,71
2223-KAGMX,Female,0,No,No,Yes,No,No,No internet service,No internet service,No internet service,No internet service,No internet service,No internet service,Month-to-month,No,Bank transfer (automatic),19.4,Yes,15
2225-ZRGSG,Female,0,Yes,Yes,Yes,Yes,Fiber optic,Yes,Yes,Yes,Yes,No,No,Two year,No,Bank transfer (automatic),93.9,Yes,70
2226-ICFDO,Female,0,Yes,Yes,Yes,Yes,DSL,Yes,No,Yes,Yes,Yes,Yes,Two year,Yes,Credit card (automatic),85.9,No,72
2227-JRSJX,Female,0,No,No,Yes,No,Fiber optic,No,Yes,No,Yes,Yes,Yes,Month-to-month,Yes,Bank transfer (automatic),99.15,No,21
2228-BZDEE,Female,0,No,No,Yes,No,No,No internet service,No internet service,No internet service,No internet service,No internet service,No internet service,Two year,No,Mailed check,20.1,No,54
2229-DPMBI,Female,0,Yes,Yes,Yes,No,No,No internet service,No internet service,No internet service,No internet service,No internet service,No internet service,Two year,No,Mailed check,19.5,No,8
2230-XTUWL,Female,0,Yes,Yes,Yes,No,No,No internet service,No internet service,No internet service,No internet service,No internet service,No internet service,Two year,No,Mailed check,19.55,No,48
2233-FAGXV,Female,0,Yes,Yes,Yes,Yes,No,No internet service,No internet service,No internet service,No internet service,No internet service,No internet service,Month-to-month,Yes,Mailed check,24.3,No,5
2234-EOFPT,Male,0,Yes,No,Yes,No,DSL,Yes,Yes,No,Yes,Yes,Yes,Two year,Yes,Bank transfer (automatic),79.35,No,72
2234-XADUH,Female,0,Yes,Yes,Yes,Yes,Fiber optic,No,Yes,Yes,No,Yes,Yes,One year,Yes,Credit card (automatic),103.2,No,72
2235-DWLJU,Female,1,No,No,No,No phone service,DSL,No,No,No,No,Yes,Yes,Month-to-month,Yes,Electronic check,44.4,No,6
2235-ZGKPT,Female,0,Yes,Yes,Yes,Yes,DSL,No,No,No,No,No,No,Month-to-month,No,Mailed check,50.85,Yes,4
2236-HILPA,Male,0,Yes,Yes,Yes,No,No,No internet service,No internet service,No internet service,No internet service,No internet service,No internet service,Two year,No,Credit card (automatic),20.65,No,62
2237-ZFSMY,Female,0,No,No,Yes,No,Fiber optic,Yes,No,Yes,Yes,Yes,No,One year,Yes,Electronic check,95.55,Yes,39
2239-CFOUJ,Male,0,Yes,Yes,Yes,No,No,No internet service,No internet service,No internet service,No internet service,No internet service,No internet service,One year,No,Mailed check,20.4,No,1
2239-JALAW,Male,0,No,No,Yes,Yes,Fiber optic,No,Yes,Yes,No,Yes,Yes,One year,Yes,Bank transfer (automatic),103.25,Yes,58
2240-HSJQD,Male,0,No,Yes,Yes,Yes,Fiber optic,No,Yes,No,No,No,No,Month-to-month,Yes,Mailed check,81.85,No,38
2242-MFOTG,Male,0,No,No,Yes,Yes,Fiber optic,Yes,No,No,No,No,No,One year,No,Bank transfer (automatic),80.1,No,33
2243-FNMMI,Male,0,No,No,Yes,No,No,No internet service,No internet service,No internet service,No internet service,No internet service,No internet service,Month-to-month,No,Mailed check,19.4,No,20
2249-YPRNG,Female,0,Yes,Yes,Yes,Yes,Fiber optic,No,Yes,Yes,No,Yes,Yes,Month-to-month,Yes,Bank transfer (automatic),105.85,Yes,20
2250-IVBWA,Male,0,Yes,Yes,Yes,No,Fiber optic,Yes,Yes,No,No,No,No,Month-to-month,No,Electronic check,81.05,No,64
2251-PYLPB,Male,0,Yes,No,Yes,Yes,DSL,Yes,Yes,Yes,Yes,No,Yes,Two year,No,Credit card (automatic),79.55,No,72
2252-JHJGE,Male,0,No,No,Yes,Yes,Fiber optic,Yes,No,Yes,No,Yes,Yes,One year,No,Electronic check,104.0,No,61
2252-NKNSI,Male,0,No,Yes,Yes,Yes,DSL,Yes,Yes,No,Yes,Yes,Yes,Two year,Yes,Mailed check,85.15,No,52
2254-DLXRI,Female,0,No,No,Yes,Yes,Fiber optic,No,Yes,No,No,No,No,Month-to-month,Yes,Mailed check,79.15,No,1
2259-OUUSZ,Male,0,No,No,No,No phone service,DSL,No,No,Yes,Yes,No,No,One year,Yes,Credit card (automatic),35.5,No,7
2260-USTRB,Female,1,No,No,Yes,No,Fiber optic,No,No,No,No,No,No,Month-to-month,Yes,Bank transfer (automatic),70.2,Yes,2
2262-SLNVK,Female,0,No,No,Yes,No,Fiber optic,No,No,No,No,No,No,Month-to-month,No,Electronic check,70.1,No,1
2263-SFSQZ,Male,0,Yes,Yes,Yes,Yes,No,No internet service,No internet service,No internet service,No internet service,No internet service,No internet service,Two year,Yes,Mailed check,24.95,No,51
2266-FUBDZ,Male,0,Yes,Yes,Yes,No,No,No internet service,No internet service,No internet service,No internet service,No internet service,No internet service,Two year,No,Mailed check,19.35,No,15
2267-FPIMA,Male,0,Yes,No,Yes,Yes,Fiber optic,Yes,Yes,No,No,No,Yes,Month-to-month,Yes,Credit card (automatic),94.4,No,50
2267-WTPYD,Female,1,Yes,No,Yes,Yes,Fiber optic,No,Yes,Yes,No,No,Yes,Month-to-month,No,Credit card (automatic),94.0,No,57
2270-CHBFN,Female,0,Yes,No,Yes,Yes,Fiber optic,Yes,Yes,Yes,Yes,No,No,Month-to-month,Yes,Credit card (automatic),95.1,No,44
2272-JKMSI,Female,0,Yes,Yes,Yes,Yes,Fiber optic,No,Yes,Yes,Yes,Yes,Yes,One year,Yes,Electronic check,110.8,No,62
2272-QAGFO,Female,1,No,No,Yes,Yes,Fiber optic,No,No,No,No,No,No,Month-to-month,Yes,Electronic check,74.3,Yes,14
2272-UOINI,Female,0,No,No,Yes,No,DSL,Yes,Yes,No,Yes,Yes,Yes,Month-to-month,Yes,Electronic check,78.5,No,7
2273-QCKXA,Male,0,No,No,Yes,No,DSL,No,No,No,Yes,No,No,Month-to-month,No,Mailed check,49.05,No,1
2274-XUATA,Male,1,Yes,No,No,No phone service,DSL,Yes,Yes,Yes,Yes,Yes,Yes,Two year,Yes,Bank transfer (automatic),63.1,No,72
2275-RBYQS,Female,0,No,No,Yes,No,DSL,No,No,No,No,No,No,Month-to-month,Yes,Mailed check,45.4,No,1
2276-YDAVZ,Female,0,No,No,Yes,Yes,Fiber optic,No,No,No,No,No,No,Month-to-month,Yes,Credit card (automatic),75.1,Yes,3
2277-AXSDC,Female,0,No,No,Yes,No,No,No internet service,No internet service,No internet service,No internet service,No internet service,No internet service,One year,No,Bank transfer (automatic),19.75,No,32
2277-DJJDL,Male,1,Yes,No,Yes,Yes,Fiber optic,No,No,No,Yes,Yes,Yes,Month-to-month,Yes,Electronic check,99.0,No,60
2277-VWCNI,Female,1,No,No,Yes,Yes,DSL,No,No,No,No,No,No,Month-to-month,No,Mailed check,48.75,No,4
2279-AXJJK,Male,0,Yes,No,Yes,Yes,Fiber optic,No,Yes,No,Yes,No,Yes,Month-to-month,Yes,Credit card (automatic),95.65,No,52
2282-YGNOR,Female,0,No,No,Yes,No,DSL,Yes,No,Yes,Yes,No,No,One year,No,Credit card (automatic),58.0,No,29
2284-VFLKH,Male,0,Yes,No,Yes,No,Fiber optic,No,No,Yes,Yes,Yes,Yes,One year,Yes,Credit card (automatic),99.25,No,49
2292-XQWSV,Male,0,Yes,Yes,No,No phone service,DSL,No,Yes,Yes,Yes,Yes,Yes,One year,No,Mailed check,60.3,No,40
2293-IJWPS,Female,0,Yes,No,Yes,Yes,Fiber optic,No,No,Yes,No,Yes,Yes,One year,Yes,Credit card (automatic),100.75,No,57
2294-DMMUS,Female,0,Yes,Yes,Yes,Yes,DSL,No,No,No,No,Yes,Yes,Month-to-month,Yes,Credit card (automatic),70.45,No,62
2294-SALNE,Male,0,Yes,Yes,Yes,No,Fiber optic,No,Yes,Yes,Yes,No,No,One year,No,Mailed check,86.8,No,23
2296-DKZFP,Female,0,Yes,No,Yes,No,DSL,Yes,Yes,Yes,No,No,Yes,Two year,No,Bank transfer (automatic),71.0,No,65
2302-ANTDP,Female,1,Yes,No,Yes,Yes,Fiber optic,Yes,Yes,Yes,Yes,Yes,Yes,Month-to-month,No,Electronic check,117.45,Yes,48
2302-OUZXB,Male,0,Yes,No,Yes,Yes,DSL,No,Yes,Yes,No,Yes,Yes,Two year,No,Bank transfer (automatic),82.15,No,72
2303-PJYHN,Female,0,Yes,No,Yes,No,No,No internet service,No internet service,No internet service,No internet service,No internet service,No internet service,Month-to-month,No,Bank transfer (automatic),19.85,No,2
2305-MRGLV,Male,0,Yes,No,Yes,No,Fiber optic,No,No,No,Yes,No,No,Month-to-month,No,Bank transfer (automatic),76.55,No,28
2307-FYNNL,Male,1,No,No,Yes,Yes,Fiber optic,Yes,No,Yes,Yes,Yes,Yes,Two year,Yes,Electronic check,109.05,No,65
2308-STERM,Female,0,No,No,Yes,No,No,No internet service,No internet service,No internet service,No internet service,No internet service,No internet service,Month-to-month,No,Mailed check,19.4,No,2
2309-OSFEU,Male,0,No,No,No,No phone service,DSL,No,No,No,No,No,Yes,Month-to-month,Yes,Mailed check,33.9,Yes,10
2311-QYMUQ,Female,0,Yes,Yes,Yes,No,Fiber optic,No,Yes,Yes,No,Yes,No,Month-to-month,Yes,Credit card (automatic),89.45,Yes,16
2314-TNDJQ,Female,0,Yes,Yes,No,No phone service,DSL,Yes,Yes,Yes,Yes,No,Yes,Two year,No,Credit card (automatic),55.65,No,72
2316-ESMLS,Female,0,Yes,Yes,No,No phone service,DSL,Yes,No,No,Yes,No,No,One year,No,Credit card (automatic),33.15,No,12
2320-SLKMB,Female,0,No,No,No,No phone service,DSL,No,No,Yes,Yes,Yes,No,Month-to-month,Yes,Credit card (automatic),44.45,No,26
2320-TZRRH,Female,0,No,No,Yes,No,No,No internet service,No internet service,No internet service,No internet service,No internet service,No internet service,One year,No,Mailed check,19.5,No,20
2320-YKQBO,Female,0,No,No,Yes,No,No,No internet service,No internet service,No internet service,No internet service,No internet service,No internet service,Month-to-month,No,Mailed check,19.3,No,7
2321-OMBXY,Female,0,Yes,Yes,Yes,No,DSL,Yes,Yes,No,Yes,Yes,Yes,One year,No,Credit card (automatic),80.3,Yes,38
2322-VCZHZ,Male,1,Yes,No,Yes,No,Fiber optic,Yes,Yes,No,No,No,Yes,Month-to-month,Yes,Electronic check,90.0,No,23
2323-ARSVR,Male,0,Yes,No,Yes,No,Fiber optic,Yes,Yes,Yes,Yes,Yes,Yes,Two year,Yes,Electronic check,111.05,No,67
2324-AALNO,Female,0,No,No,Yes,Yes,No,No internet service,No internet service,No internet service,No internet service,No internet service,No internet service,One year,No,Bank transfer (automatic),24.55,No,48
2324-EFHVG,Male,0,No,No,Yes,Yes,Fiber optic,No,Yes,Yes,No,Yes,Yes,Two year,Yes,Bank transfer (automatic),104.4,No,64
2325-WINES,Female,0,No,No,Yes,Yes,Fiber optic,No,Yes,Yes,No,Yes,Yes,One year,Yes,Credit card (automatic),104.05,No,32
2325-ZUSFD,Female,0,Yes,Yes,Yes,No,DSL,Yes,No,No,No,Yes,Yes,One year,Yes,Bank transfer (automatic),70.1,Yes,57
2330-PQGDQ,Male,0,Yes,Yes,Yes,Yes,Fiber optic,No,Yes,No,Yes,No,No,One year,No,Bank transfer (automatic),84.2,No,51
2332-EFBJY,Male,0,No,No,Yes,No,No,No internet service,No internet service,No internet service,No internet service,No internet service,No internet service,Month-to-month,Yes,Mailed check,19.7,Yes,16
2332-TODQS,Female,0,No,No,Yes,Yes,No,No internet service,No internet service,No internet service,No internet service,No internet service,No internet service,One year,No,Credit card (automatic),25.05,No,48
2333-KWEWW,Male,0,No,No,Yes,No,No,No internet service,No internet service,No internet service,No internet service,No internet service,No internet service,Two year,No,Credit card (automatic),20.05,No,18
2335-GSODA,Male,0,No,Yes,No,No phone service,DSL,Yes,No,Yes,Yes,No,No,Two year,No,Mailed check,40.1,No,23
2338-BQEZT,Female,0,No,No,Yes,No,DSL,Yes,No,No,No,No,No,Month-to-month,Yes,Credit card (automatic),50.55,No,55
2342-CKIAO,Female,0,No,No,Yes,No,No,No internet service,No internet service,No internet service,No internet service,No internet service,No internet service,Month-to-month,No,Mailed check,20.3,No,2
2344-JMOGN,Male,0,Yes,No,Yes,No,Fiber optic,No,Yes,Yes,Yes,Yes,No,Month-to-month,Yes,Mailed check,94.85,Yes,9
2346-CZYIL,Male,0,No,No,Yes,No,No,No internet service,No internet service,No internet service,No internet service,No internet service,No internet service,Two year,No,Credit card (automatic),20.35,No,27
2346-DJQTB,Female,0,No,No,No,No phone service,DSL,No,No,No,No,No,No,Month-to-month,No,Electronic check,24.15,No,35
2346-LOCWC,Female,0,Yes,Yes,Yes,No,No,No internet service,No internet service,No internet service,No internet service,No internet service,No internet service,Two year,No,Credit card (automatic),20.5,No,58
2347-WKKAE,Male,0,Yes,No,Yes,Yes,Fiber optic,Yes,No,Yes,No,No,Yes,Month-to-month,Yes,Electronic check,94.4,No,42
2348-KCJLT,Female,0,Yes,No,Yes,No,DSL,Yes,Yes,Yes,No,No,No,One year,Yes,Mailed check,61.5,No,44
2351-BKRZW,Female,0,Yes,Yes,Yes,No,DSL,Yes,No,Yes,No,Yes,Yes,Two year,No,Bank transfer (automatic),75.2,No,43
2351-RRBUE,Female,0,Yes,Yes,Yes,No,No,No internet service,No internet service,No internet service,No internet service,No internet service,No internet service,One year,No,Mailed check,20.65,No,7
2359-KLTEK,Female,0,Yes,Yes,Yes,No,Fiber optic,No,No,Yes,No,Yes,Yes,Month-to-month,Yes,Bank transfer (automatic),94.9,No,41
2359-KMGLI,Male,0,No,No,Yes,Yes,Fiber optic,No,Yes,No,No,No,No,Month-to-month,Yes,Electronic check,80.25,Yes,24
2359-QWQUL,Female,0,Yes,No,Yes,No,Fiber optic,Yes,No,Yes,Yes,Yes,Yes,One year,Yes,Credit card (automatic),104.7,Yes,39
2360-RDGRO,Male,0,Yes,No,Yes,Yes,Fiber optic,Yes,No,Yes,No,Yes,Yes,Month-to-month,Yes,Electronic check,104.25,No,65
2361-FJWNO,Male,0,No,No,No,No phone service,DSL,No,Yes,No,Yes,No,No,One year,No,Credit card (automatic),36.0,No,40
2361-UPSND,Female,0,Yes,No,Yes,No,DSL,Yes,Yes,No,Yes,No,Yes,One year,No,Mailed check,70.6,No,46
2362-IBOOY,Male,0,No,No,Yes,Yes,Fiber optic,No,No,No,No,No,Yes,Month-to-month,Yes,Electronic check,84.75,Yes,36
2363-BJLSL,Male,0,No,No,Yes,No,DSL,No,Yes,Yes,Yes,Yes,Yes,Month-to-month,Yes,Bank transfer (automatic),80.4,No,62
2364-UFROM,Male,0,No,No,Yes,No,DSL,Yes,Yes,No,Yes,Yes,No,One year,No,Electronic check,70.4,No,30
2368-GAKKQ,Female,0,No,No,Yes,Yes,Fiber optic,Yes,Yes,Yes,Yes,Yes,Yes,Two year,Yes,Bank transfer (automatic),113.65,No,70
2369-FEVNO,Male,0,No,No,Yes,No,No,No internet service,No internet service,No internet service,No internet service,No internet service,No internet service,Month-to-month,Yes,Mailed check,19.9,No,1
2369-UAPKZ,Male,0,No,No,Yes,Yes,Fiber optic,No,Yes,Yes,No,Yes,Yes,Month-to-month,No,Mailed check,104.1,Yes,5
2371-JUNGC,Male,0,No,No,Yes,No,No,No internet service,No internet service,No internet service,No internet service,No internet service,No internet service,Month-to-month,No,Mailed check,20.25,No,11
2372-HWUHI,Male,0,No,No,Yes,No,DSL,No,No,No,No,No,No,Month-to-month,No,Electronic check,44.35,Yes,2
2378-HTWFW,Male,1,No,No,Yes,Yes,Fiber optic,Yes,No,No,No,No,Yes,Month-to-month,No,Credit card (automatic),91.0,No,35
2378-VTKDH,Male,1,Yes,No,Yes,Yes,Fiber optic,No,Yes,Yes,No,Yes,Yes,Month-to-month,Yes,Electronic check,104.35,No,65
2379-ENZGV,Male,0,No,No,Yes,No,Fiber optic,No,Yes,No,No,Yes,No,Month-to-month,Yes,Electronic check,84.85,Yes,6
2380-DAMQP,Female,0,Yes,No,Yes,Yes,Fiber optic,Yes,Yes,Yes,Yes,Yes,Yes,Two year,No,Electronic check,115.15,No,72
2382-BCKQJ,Female,0,No,Yes,Yes,Yes,Fiber optic,No,No,Yes,No,Yes,Yes,One year,Yes,Electronic check,100.15,Yes,62
2384-OVPSA,Female,1,No,No,Yes,No,No,No internet service,No internet service,No internet service,No internet service,No internet service,No internet service,Two year,No,Mailed check,20.2,No,38
2386-OWURY,Female,0,No,No,Yes,No,Fiber optic,No,No,No,Yes,Yes,Yes,Month-to-month,Yes,Electronic check,95.3,No,58
2388-LAESQ,Female,1,Yes,No,Yes,Yes,Fiber optic,Yes,Yes,Yes,Yes,Yes,Yes,Two year,Yes,Bank transfer (automatic),114.85,No,72
2391-IPLOP,Male,0,Yes,Yes,Yes,Yes,DSL,No,No,Yes,Yes,Yes,No,One year,Yes,Electronic check,69.65,No,50
2393-DIVAI,Female,0,No,No,Yes,No,No,No internet service,No internet service,No internet service,No internet service,No internet service,No internet service,Month-to-month,Yes,Mailed check,20.0,No,3
2398-YPMUR,Female,1,Yes,No,Yes,No,Fiber optic,No,No,No,No,No,No,Month-to-month,Yes,Electronic check,70.15,Yes,13
2400-FEQME,Male,0,Yes,Yes,Yes,No,No,No internet service,No internet service,No internet service,No internet service,No internet service,No internet service,Two year,No,Mailed check,20.5,No,55
2400-XIWIO,Female,0,Yes,No,Yes,Yes,DSL,Yes,Yes,Yes,Yes,Yes,Yes,Two year,No,Electronic check,90.1,No,71
2402-TAIRZ,Female,0,No,No,Yes,No,Fiber optic,No,Yes,Yes,No,No,No,One year,No,Electronic check,80.05,No,37
2403-BCASL,Male,1,Yes,Yes,Yes,Yes,Fiber optic,No,Yes,Yes,Yes,Yes,Yes,One year,Yes,Electronic check,111.95,Yes,41
2404-JIBFC,Female,0,Yes,Yes,Yes,Yes,DSL,Yes,No,Yes,Yes,Yes,Yes,Two year,Yes,Bank transfer (automatic),85.1,No,55
2405-LBMUW,Female,0,Yes,Yes,No,No phone service,DSL,Yes,Yes,No,Yes,No,Yes,One year,Yes,Bank transfer (automatic),50.7,No,61
2408-PSJVE,Male,0,Yes,Yes,Yes,No,DSL,No,Yes,Yes,Yes,No,No,Month-to-month,Yes,Mailed check,61.9,No,44
2408-TZMJL,Male,0,Yes,No,Yes,Yes,Fiber optic,Yes,Yes,Yes,No,Yes,Yes,One year,Yes,Electronic check,110.15,Yes,59
2408-WITXK,Female,1,No,No,No,No phone service,DSL,No,No,No,No,No,Yes,Month-to-month,Yes,Electronic check,34.7,Yes,10
2410-CIYFZ,Male,0,No,Yes,Yes,No,No,No internet service,No internet service,No internet service,No internet service,No internet service,No internet service,Month-to-month,No,Mailed check,20.4,No,2
2418-TPEUN,Female,0,Yes,Yes,Yes,No,No,No internet service,No internet service,No internet service,No internet service,No internet service,No internet service,Two year,Yes,Credit card (automatic),19.8,No,56
2419-FSORS,Male,0,Yes,No,Yes,Yes,Fiber optic,No,Yes,Yes,Yes,Yes,Yes,Two year,Yes,Electronic check,108.4,No,72
2429-AYKKO,Male,0,No,No,Yes,No,No,No internet service,No internet service,No internet service,No internet service,No internet service,No internet service,Two year,No,Bank transfer (automatic),19.85,No,72
2430-RRYUW,Male,0,No,No,Yes,No,DSL,Yes,Yes,No,No,No,No,One year,Yes,Mailed check,54.8,No,66
2432-TFSMK,Male,0,No,No,Yes,Yes,Fiber optic,No,No,Yes,No,Yes,No,One year,Yes,Credit card (automatic),89.6,No,18
2433-KMEAS,Male,0,No,No,Yes,Yes,DSL,Yes,No,No,No,No,No,Month-to-month,Yes,Electronic check,54.45,Yes,22
2434-EEVDB,Female,0,Yes,No,Yes,Yes,Fiber optic,Yes,No,Yes,No,Yes,No,Two year,Yes,Credit card (automatic),94.6,No,64
2436-QBZFP,Female,0,Yes,Yes,No,No phone service,DSL,No,Yes,No,No,Yes,No,Month-to-month,No,Electronic check,39.2,No,22
2439-LYPMQ,Male,1,Yes,No,Yes,Yes,Fiber optic,No,Yes,Yes,No,Yes,Yes,Month-to-month,Yes,Electronic check,102.6,No,38
2439-QKJUL,Male,0,No,No,Yes,No,No,No internet service,No internet service,No internet service,No internet service,No internet service,No internet service,Month-to-month,No,Mailed check,20.25,No,5
2446-BEGGB,Female,1,No,No,Yes,Yes,Fiber optic,No,Yes,No,No,Yes,Yes,Month-to-month,Yes,Electronic check,98.25,Yes,6
2446-PLQVO,Male,0,No,No,Yes,No,Fiber optic,No,No,No,No,No,No,Month-to-month,Yes,Electronic check,70.3,Yes,1
2450-ZKEED,Female,0,No,No,Yes,No,DSL,No,No,Yes,Yes,No,No,One year,No,Bank transfer (automatic),53.8,No,11
2451-YMUXS,Male,1,No,No,Yes,Yes,DSL,Yes,Yes,No,Yes,No,No,Two year,Yes,Bank transfer (automatic),64.55,No,67
2452-KDRRH,Male,1,No,No,Yes,Yes,Fiber optic,No,No,Yes,No,Yes,Yes,Month-to-month,Yes,Credit card (automatic),101.4,No,67
2452-MRMZF,Female,1,Yes,No,Yes,Yes,No,No internet service,No internet service,No internet service,No internet service,No internet service,No internet service,Two year,Yes,Credit card (automatic),25.7,No,72
2452-SNHFZ,Female,0,No,No,Yes,No,Fiber optic,Yes,No,No,No,No,No,Month-to-month,No,Credit card (automatic),75.45,No,47
2455-USLMV,Female,0,No,No,Yes,Yes,Fiber optic,Yes,No,Yes,No,No,No,Month-to-month,Yes,Credit card (automatic),84.75,No,31
2458-EOMRE,Female,0,No,No,Yes,No,DSL,Yes,No,Yes,No,No,Yes,Month-to-month,No,Bank transfer (automatic),64.05,No,11
2460-FPSYH,Female,1,No,No,No,No phone service,DSL,Yes,Yes,No,No,Yes,Yes,Month-to-month,Yes,Electronic check,55.8,Yes,40
2460-NGXBJ,Male,1,Yes,Yes,Yes,Yes,Fiber optic,No,No,No,No,No,No,Month-to-month,Yes,Credit card (automatic),75.2,No,11
2462-XIIJB,Male,0,No,No,Yes,Yes,Fiber optic,No,No,Yes,No,Yes,No,Month-to-month,Yes,Electronic check,92.5,Yes,5
2465-BLLEU,Male,0,No,No,Yes,No,No,No internet service,No internet service,No internet service,No internet service,No internet service,No internet service,Month-to-month,Yes,Mailed check,19.75,No,1
2466-FCCPT,Female,0,Yes,Yes,Yes,No,No,No internet service,No internet service,No internet service,No internet service,No internet service,No internet service,One year,No,Bank transfer (automatic),19.7,No,20
2466-NEJOJ,Male,0,Yes,Yes,Yes,No,No,No internet service,No internet service,No internet service,No internet service,No internet service,No internet service,Month-to-month,No,Credit card (automatic),19.65,No,8
2468-SJFLM,Male,0,No,No,Yes,No,Fiber optic,No,No,No,Yes,No,No,Month-to-month,Yes,Mailed check,74.3,No,1
2469-DTSGX,Female,1,No,No,Yes,Yes,Fiber optic,No,Yes,Yes,Yes,Yes,Yes,Two year,No,Electronic check,111.65,No,72
2472-OVKUP,Male,0,Yes,No,Yes,No,Fiber optic,No,Yes,Yes,No,No,Yes,Month-to-month,Yes,Electronic check,91.0,Yes,6
2474-BRUCM,Male,1,Yes,No,Yes,Yes,Fiber optic,Yes,No,No,No,Yes,Yes,Month-to-month,No,Electronic check,101.85,Yes,40
2474-LCNUE,Female,0,Yes,No,Yes,Yes,DSL,No,No,No,Yes,Yes,Yes,Month-to-month,Yes,Credit card (automatic),73.65,No,23
2475-MROZF,Male,0,No,No,Yes,Yes,Fiber optic,Yes,Yes,Yes,Yes,No,No,Month-to-month,Yes,Credit card (automatic),95.0,No,30
2478-EEWWM,Male,0,Yes,No,No,No phone service,DSL,No,No,No,No,Yes,Yes,Month-to-month,Yes,Electronic check,44.3,No,59
2479-BRAMR,Male,1,Yes,No,Yes,Yes,Fiber optic,Yes,No,Yes,No,No,No,Month-to-month,Yes,Bank transfer (automatic),83.75,Yes,41
2480-EJWYP,Female,1,Yes,No,Yes,Yes,Fiber optic,No,Yes,No,No,Yes,Yes,One year,Yes,Bank transfer (automatic),97.8,No,58
2480-JZOSN,Female,0,Yes,No,Yes,No,No,No internet service,No internet service,No internet service,No internet service,No internet service,No internet service,Month-to-month,Yes,Mailed check,20.65,No,1
2480-SQIOB,Male,0,Yes,Yes,Yes,No,DSL,No,No,No,No,No,No,Month-to-month,No,Electronic check,44.8,No,4
2481-SBOYW,Female,0,No,Yes,Yes,Yes,No,No internet service,No internet service,No internet service,No internet service,No internet service,No internet service,Two year,Yes,Credit card (automatic),25.0,No,61
2482-CZGBB,Male,0,No,No,Yes,No,Fiber optic,No,No,No,No,No,No,Month-to-month,Yes,Electronic check,70.0,Yes,10
2483-XSSMZ,Female,0,No,No,Yes,No,DSL,Yes,No,No,No,No,No,One year,Yes,Electronic check,47.85,No,39
2484-DGXPZ,Female,0,Yes,Yes,Yes,No,No,No internet service,No internet service,No internet service,No internet service,No internet service,No internet service,Month-to-month,Yes,Mailed check,19.55,Yes,31
2485-ITVKB,Female,0,Yes,No,No,No phone service,DSL,No,No,No,No,No,Yes,Month-to-month,Yes,Electronic check,35.1,Yes,2
2486-WYVVE,Male,0,Yes,No,Yes,Yes,DSL,No,No,Yes,Yes,Yes,Yes,One year,Yes,Mailed check,79.3,No,31
2495-KZNFB,Female,0,No,No,Yes,Yes,Fiber optic,Yes,No,No,No,No,Yes,Month-to-month,Yes,Electronic check,90.65,No,33
2495-TTHBQ,Female,0,No,Yes,Yes,No,No,No internet service,No internet service,No internet service,No internet service,No internet service,No internet service,One year,Yes,Mailed check,20.4,No,4
2499-AJYUA,Female,1,Yes,No,Yes,Yes,Fiber optic,No,Yes,Yes,Yes,Yes,Yes,Two year,Yes,Credit card (automatic),110.8,No,72
2501-XWWTZ,Male,0,No,No,Yes,No,Fiber optic,No,No,No,No,No,No,Month-to-month,No,Electronic check,70.2,No,11
2504-DSHIH,Male,1,Yes,No,Yes,Yes,Fiber optic,No,No,No,No,No,Yes,Month-to-month,No,Electronic check,86.8,No,23
2506-CLAKW,Female,0,No,No,Yes,No,Fiber optic,Yes,Yes,Yes,Yes,No,Yes,Month-to-month,Yes,Bank transfer (automatic),98.15,Yes,6
2506-TNFCO,Female,1,Yes,No,Yes,No,Fiber optic,No,No,No,No,No,No,Month-to-month,Yes,Electronic check,69.55,Yes,1
2509-TFPJU,Male,0,Yes,No,Yes,Yes,No,No internet service,No internet service,No internet service,No internet service,No internet service,No internet service,Two year,No,Credit card (automatic),25.75,No,72
2511-ALLCS,Female,0,Yes,Yes,Yes,Yes,No,No internet service,No internet service,No internet service,No internet service,No internet service,No internet service,Two year,No,Bank transfer (automatic),24.3,No,35
2511-MORQY,Male,0,Yes,Yes,Yes,Yes,DSL,No,No,Yes,No,No,No,One year,No,Bank transfer (automatic),54.9,No,50
2514-GINMM,Male,0,No,No,Yes,No,Fiber optic,No,No,No,No,Yes,No,Month-to-month,Yes,Electronic check,79.5,Yes,1
2516-VQRRV,Female,1,No,No,Yes,Yes,Fiber optic,No,No,No,No,No,No,Month-to-month,Yes,Mailed check,75.45,Yes,2
2516-XSJKX,Female,0,Yes,Yes,Yes,No,DSL,Yes,Yes,No,Yes,Yes,Yes,Two year,No,Electronic check,78.45,No,41
2519-ERQOJ,Male,1,No,No,No,No phone service,DSL,No,No,Yes,Yes,Yes,Yes,Month-to-month,Yes,Electronic check,54.6,No,33
2519-FAKOD,Male,0,No,Yes,Yes,Yes,Fiber optic,No,No,Yes,No,Yes,Yes,Month-to-month,Yes,Bank transfer (automatic),99.25,Yes,38
2519-LBNQL,Male,1,Yes,No,Yes,Yes,Fiber optic,No,Yes,Yes,No,Yes,Yes,One year,Yes,Electronic check,104.35,No,60
2519-TWKFS,Male,0,Yes,Yes,Yes,Yes,DSL,No,No,No,Yes,No,No,One year,Yes,Mailed check,55.1,No,25
2520-SGTTA,Female,0,Yes,Yes,Yes,No,No,No internet service,No internet service,No internet service,No internet service,No internet service,No internet service,Two year,No,Mailed check,20.0,No,0
2521-NPUZR,Male,0,Yes,No,Yes,No,Fiber optic,Yes,Yes,Yes,Yes,No,Yes,Two year,No,Credit card (automatic),101.0,No,70
2522-WLNSF,Female,1,Yes,No,Yes,No,DSL,No,No,Yes,Yes,Yes,No,One year,No,Bank transfer (automatic),64.2,No,34
2523-EWWZL,Female,0,Yes,No,Yes,No,Fiber optic,No,Yes,No,No,No,No,Month-to-month,Yes,Electronic check,76.1,No,27
2525-GVKQU,Female,0,No,No,Yes,No,No,No internet service,No internet service,No internet service,No internet service,No internet service,No internet service,Two year,No,Mailed check,20.6,No,60
2528-HFYZX,Male,1,Yes,No,Yes,No,Fiber optic,No,Yes,No,No,No,No,Month-to-month,Yes,Electronic check,76.45,Yes,17
2530-ENDWQ,Female,0,Yes,No,Yes,Yes,Fiber optic,No,No,No,No,Yes,Yes,Two year,Yes,Bank transfer (automatic),93.7,Yes,71
2530-FMFXO,Male,0,Yes,Yes,Yes,Yes,Fiber optic,No,No,Yes,Yes,Yes,Yes,Two year,Yes,Electronic check,103.2,No,56
2533-QVMSK,Male,0,Yes,No,Yes,Yes,Fiber optic,No,Yes,No,Yes,Yes,No,Two year,Yes,Electronic check,94.1,Yes,61
2533-TIBIX,Male,0,Yes,Yes,No,No phone service,DSL,Yes,No,No,No,No,No,Month-to-month,Yes,Bank transfer (automatic),30.2,No,15
2535-PBCGC,Female,0,Yes,No,No,No phone service,DSL,Yes,Yes,Yes,Yes,Yes,Yes,Two year,No,Bank transfer (automatic),64.55,No,70
2538-OIMXF,Female,0,No,Yes,No,No phone service,DSL,No,No,No,No,No,No,Month-to-month,No,Mailed check,24.7,No,1
2541-YGPKE,Male,0,Yes,Yes,Yes,No,DSL,Yes,No,No,Yes,No,Yes,One year,No,Credit card (automatic),63.7,No,42
2542-HYGIQ,Female,0,No,No,Yes,No,No,No internet service,No internet service,No internet service,No internet service,No internet service,No internet service,Month-to-month,No,Credit card (automatic),19.95,No,1
2545-EBUPK,Female,1,No,No,Yes,Yes,Fiber optic,No,No,No,No,No,Yes,Month-to-month,Yes,Electronic check,84.05,No,2
2545-LXYVJ,Male,0,Yes,No,Yes,No,No,No internet service,No internet service,No internet service,No internet service,No internet service,No internet service,Two year,No,Bank transfer (automatic),20.7,No,72
2550-AEVRU,Female,0,Yes,Yes,Yes,No,DSL,Yes,Yes,No,No,No,No,One year,No,Electronic check,53.45,No,57
2550-QHZGP,Male,0,No,No,Yes,No,No,No internet service,No internet service,No internet service,No internet service,No internet service,No internet service,One year,No,Mailed check,19.5,No,7
2558-BUOZZ,Male,0,No,No,Yes,Yes,Fiber optic,Yes,Yes,No,No,Yes,No,One year,No,Bank transfer (automatic),94.8,No,47
2560-PPCHE,Female,0,No,No,Yes,Yes,Fiber optic,No,Yes,No,Yes,Yes,Yes,One year,Yes,Bank transfer (automatic),105.05,No,65
2560-QTSBS,Female,0,Yes,Yes,Yes,Yes,No,No internet service,No internet service,No internet service,No internet service,No internet service,No internet service,One year,Yes,Bank transfer (automatic),23.3,No,72
2565-JSLRY,Male,0,No,No,Yes,Yes,No,No internet service,No internet service,No internet service,No internet service,No internet service,No internet service,Month-to-month,Yes,Mailed check,24.05,Yes,1
2568-BRGYX,Male,0,No,No,Yes,No,Fiber optic,No,No,No,No,No,No,Month-to-month,Yes,Electronic check,70.2,Yes,4
2568-OIADY,Female,0,Yes,No,Yes,Yes,Fiber optic,No,No,Yes,No,Yes,Yes,Month-to-month,Yes,Electronic check,99.5,Yes,37
2569-WGERO,Female,0,No,No,Yes,No,No,No internet service,No internet service,No internet service,No internet service,No internet service,No internet service,Two year,Yes,Bank transfer (automatic),21.15,No,72
2573-GYRUU,Male,1,Yes,No,Yes,Yes,Fiber optic,No,No,Yes,No,No,Yes,Month-to-month,Yes,Credit card (automatic),91.05,No,48
2576-HXMPA,Female,0,No,No,Yes,No,No,No internet service,No internet service,No internet service,No internet service,No internet service,No internet service,Month-to-month,No,Credit card (automatic),19.55,No,1
2577-GVSIL,Male,0,Yes,Yes,Yes,Yes,DSL,No,No,No,Yes,Yes,Yes,One year,Yes,Bank transfer (automatic),73.45,No,35
2578-JQPHZ,Male,0,No,No,Yes,No,Fiber optic,No,No,Yes,Yes,Yes,Yes,Two year,No,Bank transfer (automatic),100.1,No,44
2580-ASVVY,Female,0,Yes,No,No,No phone service,DSL,Yes,No,No,Yes,Yes,No,Two year,No,Electronic check,45.4,No,37
2580-ATZSQ,Female,0,Yes,Yes,Yes,No,DSL,Yes,Yes,Yes,No,No,No,One year,No,Bank transfer (automatic),61.35,No,65
2581-VKIRT,Female,0,Yes,Yes,Yes,Yes,DSL,Yes,Yes,No,Yes,No,No,One year,No,Mailed check,65.5,No,59
2582-FFFZR,Female,0,No,No,No,No phone service,DSL,No,No,Yes,No,Yes,Yes,Month-to-month,Yes,Electronic check,50.6,No,22
2586-CWXVV,Male,0,Yes,No,No,No phone service,DSL,No,Yes,No,No,No,No,Month-to-month,No,Electronic check,30.4,No,54
2587-EKXTS,Male,0,No,No,Yes,Yes,Fiber optic,Yes,Yes,Yes,No,Yes,Yes,Month-to-month,Yes,Electronic check,111.5,No,44
2587-YNLES,Female,0,Yes,Yes,Yes,No,No,No internet service,No internet service,No internet service,No internet service,No internet service,No internet service,Two year,No,Mailed check,20.1,No,6
2592-HODOV,Male,0,No,No,Yes,No,No,No internet service,No internet service,No internet service,No internet service,No internet service,No internet service,One year,No,Credit card (automatic),19.3,No,13
2592-SEIFQ,Male,0,No,No,No,No phone service,DSL,No,No,No,No,No,No,Month-to-month,No,Electronic check,24.75,Yes,3
2592-YKDIF,Female,0,No,No,Yes,No,No,No internet service,No internet service,No internet service,No internet service,No internet service,No internet service,Month-to-month,No,Mailed check,20.35,No,1
2595-KIWPV,Male,0,No,Yes,Yes,No,No,No internet service,No internet service,No internet service,No internet service,No internet service,No internet service,Two year,No,Credit card (automatic),19.7,No,27
2603-HVKCG,Male,0,No,No,Yes,No,Fiber optic,No,Yes,Yes,No,Yes,Yes,Month-to-month,Yes,Electronic check,101.4,No,31
2604-IJPDU,Female,0,Yes,No,Yes,No,Fiber optic,Yes,Yes,No,Yes,Yes,No,Month-to-month,Yes,Electronic check,96.55,No,20
2604-XVDAM,Female,0,No,No,Yes,No,DSL,No,No,No,No,No,No,Month-to-month,No,Bank transfer (automatic),43.8,No,12
2606-PKWJB,Male,0,No,Yes,No,No phone service,DSL,Yes,Yes,No,Yes,No,No,One year,No,Mailed check,40.25,No,40
2606-RMDHZ,Male,0,No,No,No,No phone service,DSL,No,Yes,No,No,No,No,Month-to-month,Yes,Credit card (automatic),30.5,Yes,6
2607-DHDAK,Male,0,Yes,Yes,Yes,No,No,No internet service,No internet service,No internet service,No internet service,No internet service,No internet service,Two year,Yes,Credit card (automatic),19.8,No,72
2607-FBDFF,Male,0,No,No,Yes,No,DSL,No,No,No,Yes,No,No,Month-to-month,No,Credit card (automatic),49.0,No,1
2608-BHKFN,Female,0,No,No,Yes,No,Fiber optic,No,No,No,No,No,No,Month-to-month,Yes,Credit card (automatic),70.05,Yes,4
2612-PHGOX,Male,0,Yes,No,Yes,Yes,DSL,No,Yes,Yes,Yes,Yes,No,Two year,Yes,Bank transfer (automatic),76.1,No,64
2612-RANWT,Female,0,No,No,Yes,Yes,Fiber optic,No,No,Yes,No,Yes,Yes,Month-to-month,Yes,Bank transfer (automatic),100.15,Yes,12
2612-RRIDN,Male,0,No,No,Yes,No,Fiber optic,No,No,No,No,Yes,No,Month-to-month,Yes,Electronic check,81.0,Yes,4
2615-YVMYX,Male,1,Yes,No,Yes,Yes,Fiber optic,Yes,Yes,Yes,No,Yes,Yes,Month-to-month,Yes,Electronic check,107.5,No,71
2616-FLVQC,Male,0,No,No,Yes,No,No,No internet service,No internet service,No internet service,No internet service,No internet service,No internet service,Two year,No,Mailed check,19.55,No,64
2616-UUTFK,Male,0,Yes,No,Yes,Yes,DSL,Yes,Yes,Yes,No,Yes,No,Month-to-month,Yes,Bank transfer (automatic),72.75,No,33
2621-UDNLU,Female,0,Yes,No,Yes,No,No,No internet service,No internet service,No internet service,No internet service,No internet service,No internet service,Month-to-month,No,Mailed check,20.85,No,3
2623-DRYAM,Female,0,Yes,No,Yes,Yes,Fiber optic,No,No,Yes,No,Yes,Yes,One year,Yes,Electronic check,101.75,No,70
2625-TRCZQ,Female,0,Yes,No,No,No phone service,DSL,No,Yes,No,No,Yes,Yes,Month-to-month,Yes,Electronic check,49.65,No,51
2626-URJFX,Male,0,Yes,Yes,Yes,Yes,DSL,No,No,No,No,No,No,Month-to-month,Yes,Electronic check,50.9,Yes,4
2626-VEEWG,Male,0,Yes,Yes,Yes,No,No,No internet service,No internet service,No internet service,No internet service,No internet service,No internet service,Two year,Yes,Credit card (automatic),19.4,No,67
2632-IVXVF,Female,0,Yes,Yes,Yes,Yes,Fiber optic,Yes,No,Yes,Yes,Yes,Yes,Two year,No,Credit card (automatic),111.75,No,68
2632-TACXW,Female,0,Yes,No,Yes,Yes,No,No internet service,No internet service,No internet service,No internet service,No internet service,No internet service,Two year,No,Bank transfer (automatic),23.65,No,62
2632-UCGVD,Male,1,Yes,No,Yes,Yes,Fiber optic,No,No,No,Yes,Yes,Yes,Month-to-month,Yes,Credit card (automatic),100.05,Yes,66
2634-HCZGT,Male,1,Yes,No,Yes,Yes,DSL,Yes,No,No,Yes,No,No,One year,Yes,Electronic check,60.05,Yes,53
2636-OHFMN,Male,0,Yes,No,No,No phone service,DSL,No,Yes,No,No,Yes,Yes,Month-to-month,Yes,Electronic check,48.55,Yes,4
2637-FKFSY,Female,0,Yes,No,Yes,No,DSL,No,No,No,No,No,No,Month-to-month,Yes,Mailed check,46.1,No,3
2640-LYMOV,Male,0,No,No,Yes,No,No,No internet service,No internet service,No internet service,No internet service,No internet service,No internet service,Month-to-month,Yes,Mailed check,19.65,No,2
2640-PMGFL,Male,0,No,Yes,Yes,Yes,Fiber optic,No,No,No,Yes,No,No,Month-to-month,Yes,Electronic check,79.5,Yes,27
2642-DTVCO,Male,1,No,No,Yes,Yes,Fiber optic,No,No,No,No,No,Yes,Month-to-month,Yes,Electronic check,85.05,Yes,9
2642-MAWLJ,Female,0,Yes,Yes,Yes,No,No,No internet service,No internet service,No internet service,No internet service,No internet service,No internet service,Two year,No,Bank transfer (automatic),20.25,No,36
2645-QTLMB,Male,0,No,No,Yes,No,Fiber optic,No,Yes,No,No,Yes,Yes,Month-to-month,Yes,Electronic check,94.25,Yes,7
2649-HWLYB,Male,0,Yes,No,Yes,Yes,DSL,Yes,No,Yes,Yes,No,Yes,Two year,No,Bank transfer (automatic),76.15,No,65
2651-ZCBXV,Male,0,No,No,Yes,Yes,Fiber optic,Yes,Yes,No,Yes,Yes,Yes,Two year,Yes,Credit card (automatic),108.0,No,54
2654-VBVPB,Female,0,No,No,Yes,No,No,No internet service,No internet service,No internet service,No internet service,No internet service,No internet service,Month-to-month,No,Bank transfer (automatic),19.9,No,1
2656-FMOKZ,Female,1,No,No,Yes,Yes,Fiber optic,No,No,No,No,No,No,Month-to-month,Yes,Mailed check,74.45,Yes,15
2656-TABEH,Male,0,Yes,No,Yes,Yes,Fiber optic,No,Yes,No,No,Yes,Yes,Month-to-month,Yes,Electronic check,100.2,Yes,4
2657-VPXTA,Female,0,Yes,Yes,Yes,No,Fiber optic,No,No,No,No,Yes,Yes,Month-to-month,Yes,Electronic check,88.85,No,10
2659-VXMWZ,Male,0,Yes,Yes,Yes,Yes,Fiber optic,Yes,Yes,Yes,No,Yes,Yes,One year,Yes,Electronic check,111.3,Yes,67
2661-GKBTK,Male,0,Yes,Yes,Yes,No,DSL,No,Yes,No,Yes,Yes,Yes,Two year,No,Bank transfer (automatic),76.95,No,60
2664-XJZNO,Male,0,Yes,Yes,Yes,No,Fiber optic,Yes,No,Yes,Yes,Yes,Yes,Two year,Yes,Credit card (automatic),104.9,No,72
2665-NPTGL,Female,1,Yes,No,Yes,Yes,Fiber optic,No,No,Yes,No,Yes,Yes,Month-to-month,Yes,Bank transfer (automatic),98.1,No,26
2667-WYLWJ,Female,0,Yes,Yes,Yes,No,No,No internet service,No internet service,No internet service,No internet service,No internet service,No internet service,One year,Yes,Mailed check,19.75,Yes,8
2668-TZSPS,Male,0,No,No,Yes,No,No,No internet service,No internet service,No internet service,No internet service,No internet service,No internet service,Month-to-month,No,Mailed check,20.45,No,1
2669-OIDSD,Female,0,Yes,No,Yes,No,Fiber optic,No,No,Yes,Yes,Yes,Yes,Month-to-month,Yes,Credit card (automatic),100.05,No,48
2669-QVCRG,Female,0,No,No,Yes,Yes,Fiber optic,Yes,No,No,No,No,No,Month-to-month,Yes,Credit card (automatic),81.3,No,41
2672-DZUOY,Male,0,No,No,No,No phone service,DSL,No,No,No,No,No,No,Month-to-month,Yes,Electronic check,25.15,Yes,1
2672-HUYVI,Female,0,No,No,Yes,No,Fiber optic,No,No,No,No,Yes,Yes,Month-to-month,Yes,Electronic check,91.1,Yes,6
2672-OJQZP,Female,0,No,No,Yes,No,DSL,No,No,No,No,No,No,Month-to-month,No,Mailed check,44.75,No,1
2673-ZALNP,Female,0,No,No,Yes,No,No,No internet service,No internet service,No internet service,No internet service,No internet service,No internet service,One year,No,Mailed check,19.9,No,7
2674-MLXMN,Female,1,No,No,Yes,Yes,Fiber optic,No,Yes,No,No,Yes,Yes,Month-to-month,Yes,Credit card (automatic),99.65,No,71
2675-OTVVJ,Male,1,Yes,No,Yes,Yes,Fiber optic,Yes,No,No,No,Yes,No,Month-to-month,No,Electronic check,89.45,No,31
2676-OXPPQ,Male,0,No,No,Yes,No,DSL,Yes,Yes,No,No,No,No,Month-to-month,Yes,Bank transfer (automatic),55.7,No,6
2680-XKKNJ,Female,0,No,No,Yes,No,DSL,Yes,Yes,No,Yes,No,No,One year,No,Bank transfer (automatic),58.2,No,8
2683-BPJSO,Male,0,Yes,No,Yes,Yes,Fiber optic,Yes,Yes,No,No,No,No,Month-to-month,Yes,Electronic check,84.45,Yes,29
2683-JXWQQ,Male,0,Yes,Yes,No,No phone service,DSL,Yes,No,Yes,No,No,No,Month-to-month,No,Bank transfer (automatic),33.6,No,61
2684-EIWEO,Female,1,No,No,Yes,Yes,Fiber optic,Yes,Yes,Yes,No,No,No,Month-to-month,No,Credit card (automatic),91.7,Yes,30
2685-SREOM,Female,0,Yes,Yes,Yes,Yes,Fiber optic,No,No,Yes,No,No,Yes,Month-to-month,Yes,Electronic check,89.1,Yes,25
2688-BHGOG,Male,1,No,No,Yes,No,Fiber optic,No,No,No,No,No,Yes,Month-to-month,Yes,Electronic check,79.55,No,9
2690-DVRVK,Male,0,Yes,Yes,Yes,No,No,No internet service,No internet service,No internet service,No internet service,No internet service,No internet service,One year,No,Electronic check,20.55,No,5
2691-NZETQ,Male,0,No,No,Yes,Yes,Fiber optic,No,No,No,No,Yes,No,Month-to-month,Yes,Electronic check,85.35,Yes,9
2692-AQCPF,Female,0,Yes,No,Yes,Yes,Fiber optic,No,Yes,Yes,Yes,Yes,Yes,One year,Yes,Credit card (automatic),108.05,No,65
2692-BUCFV,Male,1,No,No,Yes,No,Fiber optic,No,Yes,Yes,No,Yes,Yes,Month-to-month,Yes,Bank transfer (automatic),101.45,No,29
2694-CIUMO,Female,0,No,No,Yes,Yes,Fiber optic,No,No,No,Yes,No,No,Month-to-month,Yes,Credit card (automatic),79.55,No,12
2696-NARTR,Male,0,No,No,Yes,No,Fiber optic,No,No,No,Yes,No,No,Month-to-month,Yes,Electronic check,73.85,Yes,11
2696-RZVZW,Male,0,Yes,No,Yes,Yes,No,No internet service,No internet service,No internet service,No internet service,No internet service,No internet service,Two year,No,Credit card (automatic),25.05,No,68
2703-AMTUL,Male,0,Yes,Yes,Yes,No,DSL,Yes,Yes,No,No,No,No,One year,No,Mailed check,53.65,No,36
2709-UQGNP,Male,0,No,No,Yes,No,DSL,Yes,No,No,No,No,No,Month-to-month,Yes,Mailed check,51.65,No,10
2710-WYVXG,Female,0,No,No,Yes,No,DSL,Yes,Yes,No,Yes,No,Yes,Two year,No,Mailed check,71.1,No,3
2712-SYWAY,Female,0,No,No,Yes,Yes,No,No internet service,No internet service,No internet service,No internet service,No internet service,No internet service,Month-to-month,Yes,Electronic check,25.7,No,1
2716-GFZOR,Male,0,Yes,No,Yes,No,Fiber optic,Yes,Yes,Yes,No,No,No,Month-to-month,Yes,Credit card (automatic),86.1,No,43
2717-HVIZY,Female,0,No,Yes,Yes,No,No,No internet service,No internet service,No internet service,No internet service,No internet service,No internet service,Month-to-month,No,Mailed check,20.05,No,8
2718-GAXQD,Female,1,Yes,Yes,Yes,No,DSL,No,No,No,No,No,No,Month-to-month,No,Electronic check,46.0,Yes,4
2718-YSKCS,Male,0,Yes,Yes,Yes,No,No,No internet service,No internet service,No internet service,No internet service,No internet service,No internet service,Two year,Yes,Bank transfer (automatic),19.6,No,71
2719-BDAQO,Male,0,No,No,Yes,No,Fiber optic,Yes,No,No,No,Yes,Yes,Month-to-month,No,Electronic check,93.85,Yes,17
2720-WGKHP,Male,1,No,No,Yes,Yes,Fiber optic,No,No,No,No,Yes,Yes,Month-to-month,Yes,Electronic check,94.0,Yes,2
2722-JMONI,Female,1,Yes,No,Yes,No,DSL,Yes,No,No,No,No,No,Month-to-month,Yes,Electronic check,49.55,Yes,1
2724-FJDYW,Male,0,No,Yes,No,No phone service,DSL,No,No,Yes,Yes,Yes,Yes,One year,No,Bank transfer (automatic),54.85,No,39
2725-KXXWT,Male,0,Yes,No,Yes,No,Fiber optic,No,No,No,No,Yes,Yes,Month-to-month,Yes,Electronic check,90.75,Yes,1
2729-VNVAP,Female,0,Yes,Yes,Yes,No,No,No internet service,No internet service,No internet service,No internet service,No internet service,No internet service,Two year,No,Credit card (automatic),19.8,No,33
2732-ISEZX,Female,0,No,No,Yes,No,No,No internet service,No internet service,No internet service,No internet service,No internet service,No internet service,Month-to-month,Yes,Mailed check,20.5,No,5
2737-WFVYW,Female,0,No,No,No,No phone service,DSL,No,No,No,No,Yes,Yes,Month-to-month,Yes,Electronic check,45.25,Yes,2
2740-JFBOK,Male,0,No,No,Yes,Yes,No,No internet service,No internet service,No internet service,No internet service,No internet service,No internet service,Month-to-month,Yes,Electronic check,24.0,No,10
2740-TVLFN,Male,0,No,No,Yes,Yes,DSL,No,No,No,No,No,No,Month-to-month,Yes,Electronic check,50.15,No,1
2746-DIJLO,Female,0,No,No,Yes,Yes,DSL,No,Yes,No,No,No,No,One year,Yes,Credit card (automatic),56.3,No,41
2749-CTKAJ,Male,0,Yes,Yes,Yes,No,No,No internet service,No internet service,No internet service,No internet service,No internet service,No internet service,One year,No,Mailed check,20.15,No,22
2750-BJLSB,Female,0,No,No,Yes,No,Fiber optic,Yes,No,Yes,Yes,Yes,Yes,One year,Yes,Electronic check,103.7,No,47
2753-JMMCV,Male,0,No,No,Yes,Yes,DSL,No,Yes,Yes,Yes,No,Yes,Two year,Yes,Credit card (automatic),74.2,No,65
2754-SDJRD,Female,1,No,No,Yes,Yes,Fiber optic,No,No,No,Yes,Yes,Yes,Month-to-month,Yes,Credit card (automatic),100.15,No,8
2754-XBHTB,Female,0,No,No,Yes,No,Fiber optic,No,No,No,No,Yes,No,Month-to-month,Yes,Bank transfer (automatic),77.65,Yes,9
2761-OCIAX,Male,1,No,No,Yes,No,Fiber optic,No,Yes,No,No,No,No,Month-to-month,Yes,Electronic check,74.7,Yes,2
2773-MADBQ,Female,0,No,No,No,No phone service,DSL,Yes,Yes,Yes,Yes,No,Yes,Two year,Yes,Mailed check,53.1,No,36
2773-OVBPK,Male,0,Yes,No,Yes,Yes,Fiber optic,No,Yes,Yes,Yes,Yes,Yes,Two year,Yes,Bank transfer (automatic),111.3,No,67
2775-SEFEE,Male,0,No,Yes,Yes,Yes,DSL,Yes,Yes,No,Yes,No,No,Two year,Yes,Bank transfer (automatic),61.9,No,0
2777-PHDEI,Female,0,No,No,Yes,No,Fiber optic,No,No,No,No,Yes,No,Month-to-month,No,Electronic check,78.05,Yes,1
2782-JEEBU,Male,0,No,No,No,No phone service,DSL,No,Yes,No,Yes,No,No,Month-to-month,Yes,Mailed check,36.0,No,21
2786-GCDPI,Female,1,No,No,Yes,Yes,Fiber optic,No,No,Yes,Yes,Yes,Yes,Month-to-month,Yes,Electronic check,104.95,No,50
2788-CJQAQ,Male,0,No,No,Yes,No,No,No internet service,No internet service,No internet service,No internet service,No internet service,No internet service,One year,No,Mailed check,19.45,No,13
2789-CZANW,Female,0,Yes,Yes,Yes,Yes,Fiber optic,Yes,Yes,No,Yes,Yes,Yes,Two year,No,Bank transfer (automatic),110.3,No,64
2789-HQBOU,Male,0,No,No,Yes,No,Fiber optic,No,No,No,No,No,Yes,Month-to-month,Yes,Electronic check,80.35,No,3
2790-XUYMV,Male,0,No,Yes,Yes,Yes,Fiber optic,Yes,Yes,No,No,No,No,One year,Yes,Credit card (automatic),85.45,No,71
2791-SFVEW,Female,0,No,No,Yes,No,No,No internet service,No internet service,No internet service,No internet service,No internet service,No internet service,Month-to-month,No,Bank transfer (automatic),20.15,No,9
2792-VPPET,Male,0,No,No,Yes,No,No,No internet service,No internet service,No internet service,No internet service,No internet service,No internet service,Month-to-month,Yes,Electronic check,20.5,No,3
2794-XIMMO,Male,0,Yes,No,No,No phone service,DSL,No,Yes,Yes,Yes,Yes,Yes,One year,Yes,Electronic check,60.45,Yes,53
2796-NNUFI,Female,0,Yes,Yes,Yes,No,No,No internet service,No internet service,No internet service,No internet service,No internet service,No internet service,Two year,Yes,Mailed check,19.95,No,46
2796-UUZZO,Male,0,Yes,Yes,Yes,No,Fiber optic,No,Yes,Yes,No,No,No,Month-to-month,Yes,Credit card (automatic),80.3,No,63
2798-NYLMZ,Male,0,Yes,No,Yes,Yes,Fiber optic,Yes,No,Yes,Yes,Yes,Yes,Two year,Yes,Credit card (automatic),108.55,No,71
2799-TSLAG,Female,0,Yes,Yes,Yes,Yes,No,No internet service,No internet service,No internet service,No internet service,No internet service,No internet service,Two year,Yes,Bank transfer (automatic),25.3,No,65
2800-QQUSO,Male,0,No,No,Yes,Yes,Fiber optic,No,No,No,Yes,Yes,Yes,Month-to-month,Yes,Electronic check,100.3,No,42
2800-VEQXM,Female,0,No,No,Yes,No,Fiber optic,No,No,Yes,No,No,No,Month-to-month,Yes,Mailed check,74.75,No,3
2804-ETQDK,Male,0,No,Yes,Yes,No,No,No internet service,No internet service,No internet service,No internet service,No internet service,No internet service,Two year,No,Mailed check,20.55,No,66
2805-AUFQN,Female,0,No,No,Yes,No,No,No internet service,No internet service,No internet service,No internet service,No internet service,No internet service,Two year,No,Credit card (automatic),19.8,No,25
2805-EDJPQ,Female,0,Yes,Yes,Yes,Yes,Fiber optic,No,Yes,Yes,Yes,No,Yes,One year,Yes,Credit card (automatic),99.75,No,56
2806-MLNTI,Male,1,Yes,No,Yes,Yes,Fiber optic,No,Yes,Yes,No,Yes,Yes,One year,Yes,Bank transfer (automatic),105.1,No,52
2808-CHTDM,Female,0,Yes,Yes,Yes,Yes,No,No internet service,No internet service,No internet service,No internet service,No internet service,No internet service,Two year,No,Mailed check,25.1,No,23
2809-ILCYT,Female,0,Yes,No,Yes,Yes,No,No internet service,No internet service,No internet service,No internet service,No internet service,No internet service,One year,Yes,Mailed check,26.8,No,25
2809-ZMYOQ,Female,0,No,No,Yes,Yes,Fiber optic,No,No,Yes,No,Yes,Yes,Month-to-month,Yes,Electronic check,101.35,No,32
2810-FTLEM,Female,0,No,No,Yes,No,DSL,Yes,No,No,No,No,No,Month-to-month,Yes,Electronic check,50.15,Yes,16
2811-POVEX,Female,1,Yes,Yes,Yes,No,Fiber optic,No,Yes,Yes,No,No,Yes,Month-to-month,Yes,Bank transfer (automatic),88.45,No,23
2812-ENYMO,Male,0,No,No,No,No phone service,DSL,Yes,No,No,Yes,Yes,Yes,One year,No,Credit card (automatic),54.55,No,26
2812-REYAT,Female,0,Yes,No,Yes,No,No,No internet service,No internet service,No internet service,No internet service,No internet service,No internet service,One year,Yes,Bank transfer (automatic),20.05,No,49
2812-SFXMJ,Male,0,No,Yes,Yes,No,No,No internet service,No internet service,No internet service,No internet service,No internet service,No internet service,Month-to-month,No,Mailed check,20.05,No,1
2815-CPTUL,Male,1,No,No,Yes,No,Fiber optic,No,No,No,No,No,No,Month-to-month,Yes,Mailed check,70.25,Yes,5
2817-LVCPP,Female,0,No,No,Yes,No,No,No internet service,No internet service,No internet service,No internet service,No internet service,No internet service,Two year,No,Credit card (automatic),19.4,No,50
2817-NTQDO,Male,0,No,No,No,No phone service,DSL,Yes,No,No,Yes,Yes,No,Month-to-month,Yes,Credit card (automatic),45.55,Yes,13
2823-LKABH,Female,0,No,No,Yes,Yes,Fiber optic,No,No,Yes,Yes,No,Yes,Month-to-month,Yes,Bank transfer (automatic),95.05,No,18
2824-MYYBN,Female,0,Yes,Yes,Yes,Yes,Fiber optic,No,No,No,No,Yes,Yes,Month-to-month,Yes,Electronic check,95.25,No,37
2826-DXLQO,Male,1,Yes,No,No,No phone service,DSL,Yes,No,No,No,No,No,Month-to-month,No,Bank transfer (automatic),29.8,No,7
2826-UWHIS,Male,0,Yes,No,Yes,Yes,Fiber optic,No,Yes,No,No,No,No,Month-to-month,No,Bank transfer (automatic),81.4,No,45
2829-HYVZP,Male,0,No,No,Yes,No,No,No internet service,No internet service,No internet service,No internet service,No internet service,No internet service,One year,Yes,Mailed check,19.8,No,29
2830-LEWOA,Male,0,Yes,Yes,Yes,No,Fiber optic,No,Yes,Yes,Yes,Yes,Yes,One year,No,Credit card (automatic),103.9,No,61
2831-EBWRN,Male,0,No,No,Yes,No,DSL,No,No,No,No,No,No,Month-to-month,Yes,Electronic check,45.9,No,4
2832-KJCRD,Female,0,No,No,Yes,Yes,Fiber optic,No,No,Yes,Yes,Yes,Yes,Month-to-month,Yes,Electronic check,103.65,No,38
2832-SCUCO,Female,0,No,No,Yes,No,No,No internet service,No internet service,No internet service,No internet service,No internet service,No internet service,Month-to-month,No,Electronic check,19.9,No,2
2833-SLKDQ,Male,0,No,No,Yes,No,DSL,No,No,No,No,No,No,Month-to-month,No,Mailed check,45.05,Yes,1
2834-JKOOW,Female,0,No,No,No,No phone service,DSL,Yes,Yes,Yes,Yes,No,No,One year,No,Mailed check,45.9,No,15
2834-JRTUA,Male,0,No,No,Yes,Yes,Fiber optic,Yes,No,Yes,Yes,Yes,Yes,Two year,Yes,Electronic check,108.05,Yes,71
2834-SPCJV,Male,0,Yes,No,Yes,No,Fiber optic,Yes,No,No,No,Yes,No,Month-to-month,No,Electronic check,84.1,Yes,52
2840-XANRC,Male,1,Yes,No,Yes,No,Fiber optic,No,No,Yes,No,Yes,Yes,Month-to-month,Yes,Electronic check,93.15,Yes,24
2842-BCQGE,Male,0,No,No,Yes,Yes,Fiber optic,No,No,No,No,No,No,Month-to-month,Yes,Credit card (automatic),75.35,No,43
2842-JTCCU,Male,0,No,No,Yes,No,DSL,No,No,No,No,No,No,Month-to-month,No,Bank transfer (automatic),46.05,Yes,2
2843-CQMEG,Male,0,No,No,Yes,No,DSL,No,Yes,No,No,No,No,Month-to-month,Yes,Mailed check,49.7,No,24
2845-AFFTX,Male,1,Yes,No,Yes,Yes,Fiber optic,No,No,Yes,No,Yes,Yes,Month-to-month,Yes,Electronic check,99.8,Yes,41
2845-KDHVX,Female,0,Yes,No,Yes,No,DSL,No,Yes,Yes,Yes,No,Yes,Two year,Yes,Mailed check,68.3,No,64
2848-YXSMW,Male,0,Yes,Yes,Yes,No,No,No internet service,No internet service,No internet service,No internet service,No internet service,No internet service,Two year,No,Credit card (automatic),19.4,No,72
2851-MMUTZ,Female,0,No,No,Yes,No,DSL,No,Yes,No,Yes,No,No,Month-to-month,Yes,Mailed check,56.15,No,27
2851-STERV,Male,1,No,No,Yes,No,DSL,No,No,Yes,Yes,Yes,Yes,One year,Yes,Electronic check,73.0,No,35
2856-HYAPG,Female,0,No,No,Yes,No,Fiber optic,No,No,No,No,No,No,Month-to-month,No,Electronic check,68.65,Yes,1
2856-NNASM,Male,1,No,No,Yes,No,Fiber optic,No,No,No,No,Yes,Yes,Month-to-month,Yes,Mailed check,89.55,Yes,43
2858-EIMXH,Female,1,Yes,No,Yes,Yes,Fiber optic,No,No,No,No,Yes,Yes,One year,Yes,Credit card (automatic),95.85,No,53
2858-MOFSQ,Female,0,No,Yes,Yes,Yes,DSL,No,No,Yes,No,No,No,One year,Yes,Mailed check,55.85,Yes,17
2860-RANUS,Female,1,No,No,Yes,Yes,Fiber optic,No,No,No,No,No,Yes,Month-to-month,Yes,Credit card (automatic),85.8,Yes,20
2862-JVEOY,Male,0,No,No,Yes,No,No,No internet service,No internet service,No internet service,No internet service,No internet service,No internet service,One year,No,Mailed check,19.15,No,6
2862-PFNIK,Male,0,No,Yes,No,No phone service,DSL,No,No,No,No,No,No,Month-to-month,Yes,Electronic check,24.7,No,1
2863-IMQDR,Female,0,No,No,Yes,Yes,DSL,Yes,Yes,Yes,Yes,Yes,Yes,Two year,No,Electronic check,89.65,No,61
2865-TCHJW,Female,1,No,No,Yes,Yes,Fiber optic,No,No,Yes,No,Yes,No,Month-to-month,Yes,Electronic check,89.2,Yes,4
2866-IKBTM,Female,0,No,No,Yes,No,No,No internet service,No internet service,No internet service,No internet service,No internet service,No internet service,Month-to-month,No,Mailed check,19.55,No,1
2867-UIMSS,Male,0,No,No,Yes,No,Fiber optic,No,No,No,No,No,Yes,Month-to-month,No,Electronic check,80.5,Yes,1
2868-LLSKM,Female,0,Yes,Yes,Yes,Yes,Fiber optic,No,Yes,No,Yes,No,No,One year,Yes,Bank transfer (automatic),83.65,No,68
2868-MZAGQ,Male,0,No,No,Yes,No,Fiber optic,No,No,No,No,No,Yes,Month-to-month,Yes,Electronic check,79.25,Yes,1
2868-SNELZ,Female,0,No,No,Yes,Yes,Fiber optic,No,No,Yes,No,No,No,Month-to-month,No,Mailed check,80.6,Yes,2
2869-ADAWR,Female,0,No,No,Yes,Yes,Fiber optic,No,Yes,No,No,Yes,No,Month-to-month,Yes,Credit card (automatic),89.3,Yes,45
2873-ZLIWT,Female,0,Yes,Yes,Yes,Yes,Fiber optic,No,No,Yes,Yes,No,No,Month-to-month,Yes,Electronic check,84.85,Yes,40
2874-YXVVA,Female,0,No,No,Yes,No,Fiber optic,No,Yes,Yes,Yes,Yes,Yes,Month-to-month,Yes,Electronic check,105.1,No,34
2876-VBBBL,Female,0,No,No,Yes,No,No,No internet service,No internet service,No internet service,No internet service,No internet service,No internet service,Month-to-month,Yes,Mailed check,20.25,Yes,1
2877-VDUER,Female,0,Yes,Yes,No,No phone service,DSL,No,No,No,Yes,Yes,No,One year,No,Mailed check,40.9,No,35
2878-DHMIN,Male,0,Yes,Yes,Yes,No,No,No internet service,No internet service,No internet service,No internet service,No internet service,No internet service,One year,No,Electronic check,19.9,No,35
2878-RMWXY,Male,1,Yes,No,Yes,Yes,Fiber optic,Yes,Yes,Yes,No,No,Yes,Two year,Yes,Credit card (automatic),102.65,No,72
2880-FPNAE,Male,1,Yes,No,Yes,No,Fiber optic,No,No,Yes,No,No,No,Month-to-month,Yes,Electronic check,74.2,No,2
2882-WDTBA,Male,0,Yes,Yes,Yes,No,DSL,Yes,Yes,Yes,Yes,Yes,No,Two year,Yes,Bank transfer (automatic),75.75,No,69
2883-ILGWO,Male,1,No,No,Yes,Yes,Fiber optic,No,Yes,No,Yes,Yes,Yes,Month-to-month,Yes,Bank transfer (automatic),104.9,No,57
2884-GBPFB,Female,0,Yes,No,Yes,No,Fiber optic,No,No,No,No,No,No,Month-to-month,Yes,Electronic check,70.3,Yes,35
2885-HIJDH,Male,0,Yes,Yes,Yes,Yes,DSL,Yes,No,Yes,Yes,Yes,Yes,Two year,No,Bank transfer (automatic),86.9,No,69
2886-KEFUM,Female,0,Yes,No,Yes,Yes,Fiber optic,No,Yes,Yes,No,Yes,Yes,One year,Yes,Electronic check,107.5,Yes,63
2889-FPWRM,Male,0,Yes,No,Yes,Yes,Fiber optic,Yes,Yes,Yes,Yes,Yes,Yes,One year,Yes,Bank transfer (automatic),117.8,Yes,72
2892-GESUL,Female,0,Yes,Yes,Yes,No,No,No internet service,No internet service,No internet service,No internet service,No internet service,No internet service,Two year,No,Mailed check,19.35,No,18
2894-QOJRX,Female,0,Yes,No,No,No phone service,DSL,No,No,No,No,Yes,No,Month-to-month,Yes,Bank transfer (automatic),34.0,Yes,25
2897-DOVND,Male,0,No,No,Yes,No,Fiber optic,No,No,No,No,No,No,Month-to-month,Yes,Electronic check,69.8,No,2
2898-LSJGD,Female,0,Yes,Yes,No,No phone service,DSL,Yes,No,Yes,No,Yes,Yes,One year,Yes,Electronic check,55.95,Yes,21
2898-MRKPI,Male,0,Yes,Yes,Yes,Yes,Fiber optic,No,Yes,No,No,Yes,Yes,One year,Yes,Credit card (automatic),101.05,No,68
2900-PHPLN,Female,1,Yes,No,Yes,No,No,No internet service,No internet service,No internet service,No internet service,No internet service,No internet service,Two year,Yes,Credit card (automatic),19.55,No,70
2903-YYTBW,Male,0,Yes,Yes,Yes,No,DSL,No,No,No,No,No,No,Month-to-month,No,Electronic check,44.55,No,1
2904-GGUAZ,Female,0,Yes,No,Yes,Yes,Fiber optic,Yes,Yes,No,No,No,No,Two year,Yes,Bank transfer (automatic),84.05,No,72
2905-KFQUV,Female,0,Yes,No,Yes,No,Fiber optic,No,No,No,No,No,No,Month-to-month,Yes,Credit card (automatic),70.4,No,2
2907-ILJBN,Female,0,Yes,Yes,Yes,No,No,No internet service,No internet service,No internet service,No internet service,No internet service,No internet service,One year,No,Mailed check,20.6,No,11
2908-WGAXL,Female,0,Yes,Yes,Yes,Yes,No,No internet service,No internet service,No internet service,No internet service,No internet service,No internet service,Two year,Yes,Credit card (automatic),24.95,No,56
2911-IJORQ,Male,0,No,No,Yes,Yes,DSL,Yes,Yes,Yes,Yes,Yes,Yes,One year,Yes,Bank transfer (automatic),90.6,No,37
2911-WDXMV,Male,0,No,Yes,Yes,Yes,Fiber optic,No,No,Yes,No,No,No,Month-to-month,Yes,Credit card (automatic),80.55,No,18
2916-BQZLN,Male,0,No,No,Yes,Yes,Fiber optic,Yes,No,Yes,No,No,No,Month-to-month,Yes,Electronic check,84.75,No,19
2919-HBCJO,Female,0,No,No,Yes,No,Fiber optic,No,Yes,No,No,No,No,Month-to-month,Yes,Bank transfer (automatic),76.65,Yes,4
2920-RNCEZ,Male,0,Yes,Yes,Yes,No,Fiber optic,No,No,No,No,No,No,Month-to-month,Yes,Credit card (automatic),69.95,No,1
2924-KHUVI,Male,0,Yes,No,Yes,Yes,Fiber optic,Yes,No,No,No,Yes,Yes,One year,Yes,Electronic check,100.55,No,56
2925-MXLSX,Female,0,No,No,Yes,Yes,DSL,No,Yes,Yes,No,Yes,No,One year,Yes,Credit card (automatic),68.95,No,30
2925-VDZHY,Male,0,Yes,Yes,Yes,Yes,DSL,Yes,Yes,Yes,Yes,Yes,Yes,Two year,No,Credit card (automatic),88.7,No,72
2926-JEJJC,Female,0,No,No,Yes,No,No,No internet service,No internet service,No internet service,No internet service,No internet service,No internet service,One year,Yes,Bank transfer (automatic),20.2,No,8
2927-CVULT,Female,0,Yes,Yes,Yes,Yes,Fiber optic,Yes,Yes,Yes,Yes,No,Yes,Two year,Yes,Bank transfer (automatic),104.05,No,53
2927-QRRQV,Male,0,Yes,No,Yes,Yes,Fiber optic,No,Yes,Yes,No,Yes,No,One year,Yes,Electronic check,94.65,No,46
2928-HLDBA,Female,0,No,No,Yes,No,No,No internet service,No internet service,No internet service,No internet service,No internet service,No internet service,Month-to-month,No,Mailed check,20.7,No,6
2929-ERCFZ,Female,0,Yes,Yes,Yes,No,Fiber optic,No,No,Yes,No,Yes,Yes,Month-to-month,Yes,Electronic check,94.2,Yes,8
2929-QNSRW,Female,0,Yes,No,Yes,Yes,Fiber optic,No,Yes,No,No,Yes,Yes,One year,Yes,Electronic check,98.25,Yes,56
2930-UOTMB,Female,0,No,No,Yes,Yes,DSL,Yes,No,Yes,Yes,No,No,Month-to-month,No,Credit card (automatic),65.25,Yes,31
2931-FSOHN,Male,1,No,No,Yes,No,DSL,No,Yes,No,No,Yes,No,Month-to-month,Yes,Electronic check,59.9,No,13
2931-SVLTV,Male,0,Yes,Yes,Yes,Yes,Fiber optic,Yes,Yes,No,Yes,Yes,Yes,Month-to-month,Yes,Credit card (automatic),110.1,No,40
2931-VUVJN,Female,1,Yes,No,Yes,Yes,Fiber optic,Yes,Yes,Yes,Yes,No,No,One year,Yes,Electronic check,94.05,No,59
2931-XIQBR,Female,0,Yes,Yes,Yes,No,Fiber optic,No,No,Yes,Yes,Yes,Yes,One year,No,Mailed check,103.05,No,50
2933-FILNV,Female,0,Yes,Yes,No,No phone service,DSL,No,No,No,No,No,No,Month-to-month,Yes,Mailed check,24.4,Yes,2
2937-FTHUR,Female,0,No,Yes,Yes,Yes,DSL,Yes,No,No,No,No,Yes,Month-to-month,No,Electronic check,64.8,No,18
2946-KIQSP,Female,0,No,No,No,No phone service,DSL,No,No,Yes,Yes,No,No,Month-to-month,Yes,Mailed check,33.45,No,35
2947-DOMLJ,Male,0,No,Yes,Yes,No,DSL,Yes,No,No,No,No,No,Month-to-month,No,Mailed check,50.6,Yes,1
2951-QOQTK,Male,0,No,Yes,Yes,Yes,Fiber optic,No,No,No,Yes,No,No,Month-to-month,No,Credit card (automatic),80.8,Yes,4
2952-QAYZF,Male,0,No,No,Yes,Yes,Fiber optic,No,Yes,Yes,No,No,No,Month-to-month,Yes,Electronic check,85.3,Yes,5
2954-PIBKO,Female,0,Yes,Yes,Yes,Yes,DSL,Yes,No,Yes,Yes,No,No,Two year,Yes,Credit card (automatic),64.15,No,69
2955-BJZHG,Male,0,Yes,Yes,Yes,No,Fiber optic,No,No,No,No,Yes,No,Month-to-month,No,Electronic check,80.85,Yes,17
2955-PSXOE,Female,0,No,No,Yes,No,No,No internet service,No internet service,No internet service,No internet service,No internet service,No internet service,Month-to-month,Yes,Bank transfer (automatic),20.2,Yes,1
2956-GGUCQ,Male,1,Yes,No,Yes,Yes,Fiber optic,Yes,No,No,No,No,No,Month-to-month,Yes,Electronic check,78.85,Yes,24
2957-JIRMN,Female,1,No,No,Yes,Yes,Fiber optic,No,No,No,No,Yes,No,One year,No,Electronic check,84.45,No,62
2957-LOLHO,Male,0,No,No,Yes,No,DSL,No,No,No,No,No,No,Month-to-month,Yes,Bank transfer (automatic),45.4,Yes,12
2958-NHPPS,Male,0,No,No,Yes,No,No,No internet service,No internet service,No internet service,No internet service,No internet service,No internet service,Month-to-month,No,Electronic check,20.85,No,23
2959-EEXWB,Female,0,Yes,Yes,No,No phone service,DSL,Yes,No,No,No,Yes,Yes,Month-to-month,Yes,Bank transfer (automatic),50.9,No,45
2959-MJHIC,Male,0,Yes,No,Yes,No,Fiber optic,No,No,No,No,Yes,No,Month-to-month,Yes,Electronic check,80.35,Yes,4
2960-NKRSO,Male,0,No,No,Yes,No,Fiber optic,No,Yes,Yes,Yes,No,No,Month-to-month,Yes,Electronic check,85.95,No,24
2968-SSGAA,Female,0,No,No,Yes,Yes,Fiber optic,No,No,Yes,No,Yes,Yes,Month-to-month,Yes,Electronic check,100.6,Yes,10
2969-VAPYH,Female,0,No,No,Yes,No,DSL,Yes,Yes,No,Yes,No,No,One year,No,Credit card (automatic),60.5,No,67
2969-WGHQO,Female,0,Yes,Yes,Yes,No,DSL,Yes,Yes,Yes,No,Yes,No,One year,No,Electronic check,69.45,No,7
2971-SGAFL,Female,0,No,No,Yes,Yes,DSL,Yes,No,Yes,No,Yes,Yes,Month-to-month,Yes,Electronic check,78.75,No,13
2974-GGUXS,Female,1,Yes,No,Yes,Yes,Fiber optic,No,Yes,No,No,Yes,No,Month-to-month,Yes,Credit card (automatic),91.95,No,36
2977-CEBSX,Female,0,No,No,Yes,Yes,DSL,Yes,Yes,Yes,Yes,Yes,Yes,Two year,Yes,Credit card (automatic),90.05,No,66
2978-XXSOG,Female,0,No,No,Yes,Yes,DSL,Yes,No,No,Yes,No,No,Month-to-month,Yes,Mailed check,59.05,No,22
2979-SXESE,Female,0,Yes,Yes,Yes,Yes,Fiber optic,Yes,No,Yes,No,Yes,No,Month-to-month,No,Electronic check,94.4,Yes,17
2982-IHMFT,Female,1,No,No,Yes,Yes,Fiber optic,No,No,No,No,No,No,Month-to-month,Yes,Mailed check,74.45,Yes,1
2982-VPSGI,Female,0,Yes,No,Yes,Yes,Fiber optic,No,No,No,No,Yes,Yes,Month-to-month,Yes,Electronic check,94.0,Yes,11
2983-ZANRP,Female,0,Yes,Yes,Yes,No,Fiber optic,No,Yes,No,No,No,No,Month-to-month,Yes,Bank transfer (automatic),73.55,Yes,2
2984-AFWNC,Female,0,No,No,Yes,No,Fiber optic,No,Yes,No,No,Yes,Yes,Month-to-month,No,Electronic check,95.4,No,3
2984-MIIZL,Male,0,No,No,Yes,No,Fiber optic,No,No,Yes,No,No,No,Month-to-month,Yes,Bank transfer (automatic),74.8,Yes,4
2984-RGEYA,Female,0,Yes,Yes,Yes,No,No,No internet service,No internet service,No internet service,No internet service,No internet service,No internet service,Two year,No,Bank transfer (automatic),19.75,No,69
2984-TBYKU,Male,0,Yes,Yes,Yes,Yes,Fiber optic,Yes,Yes,Yes,Yes,No,Yes,Two year,Yes,Credit card (automatic),104.9,No,72
2985-FMWYF,Female,0,No,No,Yes,Yes,Fiber optic,No,No,No,No,Yes,Yes,Month-to-month,Yes,Electronic check,93.5,No,23
2985-JUUBZ,Male,0,Yes,Yes,Yes,Yes,DSL,No,No,Yes,No,Yes,Yes,Month-to-month,Yes,Electronic check,74.55,No,40
2987-BJXIK,Female,0,No,No,Yes,Yes,DSL,Yes,Yes,Yes,No,Yes,Yes,Two year,No,Mailed check,84.7,No,70
2988-GBIVW,Female,1,Yes,No,Yes,Yes,Fiber optic,Yes,No,No,No,No,Yes,Month-to-month,Yes,Electronic check,90.85,No,70
2988-PLAHS,Female,0,No,No,Yes,No,DSL,No,No,Yes,No,Yes,Yes,One year,Yes,Electronic check,69.95,No,3
2988-QRAJY,Male,0,No,No,Yes,Yes,Fiber optic,Yes,Yes,Yes,No,Yes,Yes,Two year,Yes,Credit card (automatic),110.05,No,69
2990-IAJSV,Male,0,No,No,Yes,Yes,DSL,Yes,Yes,Yes,Yes,Yes,Yes,Two year,No,Bank transfer (automatic),92.0,No,72
2990-OGYTD,Female,0,Yes,No,Yes,Yes,DSL,No,Yes,Yes,Yes,Yes,Yes,Two year,No,Bank transfer (automatic),86.15,No,67
2999-AANRQ,Female,0,No,No,Yes,No,DSL,Yes,Yes,No,Yes,Yes,No,Two year,No,Credit card (automatic),71.05,No,21
3001-CBHLQ,Male,1,Yes,No,Yes,Yes,Fiber optic,No,No,Yes,Yes,Yes,Yes,Month-to-month,Yes,Electronic check,104.9,Yes,32
3001-UNBTL,Male,1,Yes,Yes,Yes,Yes,Fiber optic,No,No,Yes,No,Yes,Yes,Month-to-month,Yes,Electronic check,103.95,No,29
3002-WQZWT,Female,0,No,No,Yes,Yes,Fiber optic,No,No,No,No,No,No,Month-to-month,Yes,Electronic check,74.2,No,29
3003-CMDUU,Female,0,Yes,No,Yes,No,Fiber optic,No,No,No,Yes,Yes,Yes,Month-to-month,Yes,Electronic check,95.15,No,25
3005-NFMTA,Male,1,No,No,Yes,Yes,Fiber optic,Yes,No,No,No,Yes,Yes,Month-to-month,Yes,Electronic check,98.8,Yes,55
3005-TYFRD,Female,0,Yes,No,Yes,Yes,Fiber optic,No,Yes,Yes,No,Yes,Yes,Month-to-month,Yes,Credit card (automatic),103.65,No,55
3006-XIMLN,Female,0,No,Yes,Yes,Yes,Fiber optic,No,No,No,No,Yes,Yes,Month-to-month,Yes,Bank transfer (automatic),94.2,Yes,2
3007-FDPEA,Female,0,No,No,Yes,No,No,No internet service,No internet service,No internet service,No internet service,No internet service,No internet service,Month-to-month,Yes,Bank transfer (automatic),20.7,No,2
3011-WQKSZ,Male,0,No,Yes,Yes,No,No,No internet service,No internet service,No internet service,No internet service,No internet service,No internet service,Month-to-month,Yes,Electronic check,20.0,No,19
3012-VFFMN,Female,0,Yes,Yes,Yes,No,No,No internet service,No internet service,No internet service,No internet service,No internet service,No internet service,Month-to-month,No,Mailed check,20.65,No,7
3016-KSVCP,Male,0,Yes,No,No,No phone service,DSL,No,No,No,No,Yes,No,Month-to-month,No,Mailed check,33.75,No,29
3021-VLNRJ,Female,0,No,Yes,Yes,No,DSL,Yes,No,Yes,Yes,Yes,No,One year,Yes,Credit card (automatic),70.8,No,50
3022-BEXHZ,Male,0,Yes,Yes,Yes,Yes,Fiber optic,No,Yes,Yes,Yes,Yes,Yes,Two year,Yes,Bank transfer (automatic),111.2,No,67
3023-GFLBR,Female,0,Yes,Yes,Yes,Yes,Fiber optic,No,No,No,No,No,Yes,Month-to-month,No,Credit card (automatic),86.15,Yes,33
3026-ATZYV,Female,0,Yes,Yes,Yes,No,DSL,Yes,Yes,No,No,Yes,Yes,One year,No,Bank transfer (automatic),75.1,No,37
3030-YDNRM,Male,0,No,No,Yes,Yes,Fiber optic,No,No,No,No,No,No,Month-to-month,Yes,Electronic check,74.85,No,8
3030-ZKIWL,Male,0,No,No,Yes,No,No,No internet service,No internet service,No internet service,No internet service,No internet service,No internet service,Month-to-month,No,Mailed check,20.05,No,1
3034-ZBEQN,Female,0,Yes,No,No,No phone service,DSL,No,Yes,Yes,No,No,No,One year,No,Mailed check,34.7,Yes,48
3038-PQIUY,Female,0,No,No,Yes,Yes,DSL,Yes,Yes,Yes,No,No,No,Month-to-month,Yes,Bank transfer (automatic),66.15,No,38
3043-TYBNO,Male,0,No,No,Yes,No,DSL,No,No,No,Yes,No,Yes,Month-to-month,No,Mailed check,60.65,No,3
3045-XETSH,Female,0,No,No,Yes,Yes,Fiber optic,No,Yes,Yes,No,No,Yes,Month-to-month,Yes,Electronic check,94.85,Yes,10
3049-SOLAY,Female,0,Yes,No,Yes,Yes,Fiber optic,No,No,No,No,Yes,Yes,Month-to-month,Yes,Electronic check,95.2,Yes,3
3050-GBUSH,Female,0,No,No,No,No phone service,DSL,No,No,No,No,Yes,No,Month-to-month,Yes,Credit card (automatic),34.8,No,3
3050-RLLXC,Female,0,Yes,Yes,Yes,Yes,DSL,Yes,Yes,Yes,Yes,Yes,No,Two year,No,Credit card (automatic),81.25,No,56
3055-OYMSE,Female,1,No,No,Yes,No,Fiber optic,No,Yes,No,No,No,No,Month-to-month,Yes,Credit card (automatic),73.8,No,53
3055-VTCGS,Female,0,No,No,Yes,No,DSL,No,No,Yes,No,No,Yes,One year,No,Credit card (automatic),58.55,No,63
3057-VJJQE,Male,0,No,No,Yes,Yes,DSL,Yes,No,No,No,No,No,Two year,No,Mailed check,55.25,No,35
3058-HJCUY,Male,0,Yes,Yes,Yes,Yes,Fiber optic,No,No,Yes,Yes,Yes,Yes,One year,Yes,Electronic check,102.6,Yes,41
3058-WQDRE,Male,0,No,No,No,No phone service,DSL,No,No,No,No,No,No,Month-to-month,Yes,Bank transfer (automatic),25.15,No,13
3059-NGMXB,Male,0,Yes,Yes,Yes,Yes,DSL,Yes,Yes,No,No,No,Yes,Month-to-month,No,Mailed check,69.2,No,14
3061-BCKYI,Male,0,No,No,Yes,No,No,No internet service,No internet service,No internet service,No internet service,No internet service,No internet service,Month-to-month,No,Mailed check,19.9,No,14
3063-QFSZL,Female,0,No,No,Yes,No,DSL,No,No,No,No,No,Yes,Month-to-month,Yes,Electronic check,55.4,Yes,1
3066-RRJIO,Female,0,No,No,Yes,No,Fiber optic,No,No,No,No,No,No,Month-to-month,Yes,Mailed check,69.95,Yes,1
3067-SVMTC,Female,0,Yes,No,Yes,No,DSL,Yes,No,No,Yes,No,No,One year,No,Bank transfer (automatic),55.9,No,68
3068-OMWZA,Male,1,No,No,Yes,Yes,Fiber optic,No,No,Yes,No,Yes,No,Month-to-month,Yes,Electronic check,88.8,Yes,1
3069-SSVSN,Female,0,No,No,No,No phone service,DSL,No,No,No,No,No,No,One year,No,Mailed check,25.85,No,1
3070-BDOQC,Female,0,No,No,Yes,No,Fiber optic,No,Yes,Yes,No,Yes,Yes,Two year,Yes,Electronic check,99.65,No,60
3074-GQWYX,Male,0,No,No,Yes,Yes,Fiber optic,No,No,No,No,No,No,Month-to-month,Yes,Bank transfer (automatic),75.9,Yes,5
3077-RSNTJ,Female,0,Yes,Yes,Yes,No,No,No internet service,No internet service,No internet service,No internet service,No internet service,No internet service,Month-to-month,No,Mailed check,19.7,No,6
3079-BCHLN,Male,0,Yes,No,Yes,No,No,No internet service,No internet service,No internet service,No internet service,No internet service,No internet service,One year,No,Bank transfer (automatic),19.9,No,47
3082-WQRVY,Male,1,Yes,No,Yes,No,No,No internet service,No internet service,No internet service,No internet service,No internet service,No internet service,One year,No,Mailed check,19.65,No,14
3082-YVEKW,Female,0,Yes,Yes,Yes,Yes,DSL,Yes,No,Yes,Yes,Yes,No,Two year,Yes,Bank transfer (automatic),77.15,No,23
3084-DOWLE,Female,0,Yes,No,Yes,Yes,DSL,Yes,Yes,Yes,Yes,Yes,Yes,Two year,No,Bank transfer (automatic),92.0,No,72
3085-QUOZK,Female,0,No,No,Yes,No,DSL,No,No,No,No,No,No,Month-to-month,No,Mailed check,43.95,Yes,1
3086-RUCRN,Female,0,No,No,Yes,Yes,Fiber optic,Yes,Yes,Yes,Yes,No,Yes,Month-to-month,Yes,Bank transfer (automatic),103.1,No,66
3090-HAWSU,Male,0,No,No,Yes,Yes,Fiber optic,Yes,No,Yes,Yes,Yes,Yes,Two year,Yes,Credit card (automatic),111.6,Yes,61
3090-QFUVD,Female,0,No,No,Yes,No,No,No internet service,No internet service,No internet service,No internet service,No internet service,No internet service,Month-to-month,No,Credit card (automatic),20.3,No,1
3091-FYHKI,Male,0,No,No,No,No phone service,DSL,No,No,No,No,No,Yes,Month-to-month,Yes,Electronic check,35.45,Yes,1
3094-JOJAI,Male,0,No,No,Yes,Yes,Fiber optic,No,No,No,No,No,No,Month-to-month,No,Mailed check,74.15,No,18
3096-GKWEB,Male,0,Yes,No,Yes,Yes,Fiber optic,No,No,No,No,Yes,Yes,Month-to-month,Yes,Electronic check,94.75,No,18
3096-IZETN,Female,0,No,No,Yes,No,Fiber optic,No,No,No,No,No,Yes,Month-to-month,No,Bank transfer (automatic),78.1,Yes,12
3096-JRDSO,Female,1,Yes,No,Yes,Yes,Fiber optic,Yes,No,No,Yes,Yes,Yes,Month-to-month,Yes,Bank transfer (automatic),104.3,Yes,27
3097-IDVPU,Male,0,Yes,Yes,Yes,Yes,DSL,No,No,No,No,No,No,Month-to-month,No,Credit card (automatic),50.1,No,19
3097-NNSPB,Female,0,No,No,Yes,No,DSL,No,Yes,No,No,No,No,Month-to-month,Yes,Credit card (automatic),49.05,Yes,2
3097-PYWXL,Female,0,Yes,Yes,Yes,No,No,No internet service,No internet service,No internet service,No internet service,No internet service,No internet service,Month-to-month,Yes,Electronic check,19.95,No,4
3104-OWCGK,Male,0,Yes,Yes,Yes,No,Fiber optic,No,Yes,Yes,No,Yes,No,One year,No,Electronic check,90.95,Yes,60
3106-ULWFW,Female,0,Yes,No,Yes,Yes,Fiber optic,No,No,No,No,No,Yes,Month-to-month,Yes,Credit card (automatic),85.2,Yes,8
3108-PCCGG,Male,1,Yes,No,Yes,Yes,DSL,Yes,Yes,Yes,No,Yes,Yes,Two year,No,Credit card (automatic),84.45,No,72
3113-IWHLC,Male,0,No,No,Yes,No,DSL,Yes,No,Yes,No,No,No,Month-to-month,Yes,Mailed check,55.8,No,5
3115-CZMZD,Male,0,No,Yes,Yes,No,No,No internet service,No internet service,No internet service,No internet service,No internet service,No internet service,Two year,No,Mailed check,20.25,No,0
3115-JPJDD,Female,0,Yes,No,Yes,No,Fiber optic,Yes,No,Yes,No,No,No,One year,Yes,Credit card (automatic),81.25,No,59
3118-UHVVQ,Female,0,Yes,No,Yes,Yes,No,No internet service,No internet service,No internet service,No internet service,No internet service,No internet service,Two year,No,Credit card (automatic),25.8,No,68
3125-RAHBV,Male,0,No,No,Yes,No,No,No internet service,No internet service,No internet service,No internet service,No internet service,No internet service,One year,No,Credit card (automatic),20.3,No,22
3126-WQMGH,Female,0,Yes,No,Yes,Yes,DSL,No,No,No,No,No,No,Month-to-month,Yes,Credit card (automatic),52.15,No,49
3128-YOVTD,Female,0,Yes,Yes,Yes,No,Fiber optic,Yes,Yes,No,No,No,No,Month-to-month,Yes,Bank transfer (automatic),79.15,No,51
3129-AAQOU,Female,0,Yes,Yes,Yes,Yes,No,No internet service,No internet service,No internet service,No internet service,No internet service,No internet service,Two year,No,Mailed check,25.6,No,19
3130-ICDUP,Female,0,No,Yes,Yes,Yes,Fiber optic,Yes,No,No,No,No,No,Month-to-month,No,Credit card (automatic),80.55,No,2
3131-NWVFJ,Female,0,Yes,Yes,Yes,No,No,No internet service,No internet service,No internet service,No internet service,No internet service,No internet service,One year,No,Mailed check,19.55,No,14
3132-TVFDZ,Male,1,Yes,No,No,No phone service,DSL,No,No,No,No,Yes,Yes,Month-to-month,Yes,Electronic check,44.85,Yes,57
3133-PZNSR,Male,0,Yes,Yes,Yes,Yes,Fiber optic,Yes,Yes,No,Yes,No,Yes,Two year,Yes,Credit card (automatic),97.75,No,72
3134-DSHVC,Female,0,No,No,Yes,Yes,Fiber optic,Yes,Yes,Yes,No,Yes,No,Two year,No,Credit card (automatic),98.0,No,63
3137-NYQQI,Male,0,Yes,No,Yes,No,DSL,Yes,Yes,No,No,No,Yes,One year,No,Mailed check,64.8,No,17
3138-BKYAV,Male,0,No,No,Yes,No,Fiber optic,No,Yes,No,No,Yes,No,Month-to-month,Yes,Electronic check,85.35,Yes,6
3143-ILDAL,Male,0,No,No,Yes,Yes,Fiber optic,No,Yes,No,Yes,No,Yes,Month-to-month,Yes,Electronic check,94.45,Yes,56
3144-AUDBS,Female,0,Yes,No,Yes,No,DSL,No,No,No,Yes,No,No,Month-to-month,Yes,Electronic check,49.15,Yes,6
3144-KMTWZ,Male,0,Yes,No,Yes,Yes,Fiber optic,No,Yes,Yes,No,No,Yes,Month-to-month,Yes,Bank transfer (automatic),93.25,No,71
3148-BLQJT,Male,0,No,No,Yes,No,No,No internet service,No internet service,No internet service,No internet service,No internet service,No internet service,Month-to-month,No,Mailed check,20.1,Yes,1
3154-CFSZG,Male,0,Yes,Yes,Yes,No,Fiber optic,Yes,No,Yes,No,No,Yes,Month-to-month,No,Electronic check,90.05,No,47
3154-HMWUU,Male,0,Yes,No,Yes,No,No,No internet service,No internet service,No internet service,No internet service,No internet service,No internet service,Two year,Yes,Bank transfer (automatic),20.5,No,60
3156-QLHBO,Male,0,No,Yes,Yes,No,No,No internet service,No internet service,No internet service,No internet service,No internet service,No internet service,Month-to-month,No,Mailed check,19.25,No,2
3158-MOERK,Female,0,No,No,Yes,Yes,Fiber optic,No,No,No,No,Yes,Yes,Month-to-month,Yes,Electronic check,96.0,Yes,2
3160-TYXLT,Male,0,No,No,No,No phone service,DSL,Yes,Yes,No,No,No,Yes,Month-to-month,Yes,Bank transfer (automatic),46.3,No,53
3161-GETRM,Male,0,Yes,Yes,Yes,Yes,Fiber optic,No,No,Yes,No,No,Yes,Month-to-month,Yes,Credit card (automatic),90.05,No,34
3161-ONRWK,Male,0,Yes,Yes,Yes,No,DSL,Yes,Yes,Yes,Yes,No,No,One year,Yes,Bank transfer (automatic),65.85,No,60
3162-KKZXO,Female,1,No,No,Yes,Yes,Fiber optic,No,No,Yes,No,Yes,Yes,One year,Yes,Electronic check,100.15,No,55
3162-ZJZFU,Male,0,Yes,Yes,Yes,No,Fiber optic,No,Yes,No,Yes,Yes,No,Month-to-month,Yes,Electronic check,92.55,No,53
3164-AALRN,Male,0,No,No,Yes,No,DSL,No,No,Yes,No,Yes,Yes,One year,Yes,Mailed check,70.0,Yes,5
3164-YAXFY,Male,0,No,No,No,No phone service,DSL,Yes,No,Yes,No,Yes,Yes,Month-to-month,Yes,Electronic check,53.75,No,57
3165-HDOEW,Male,0,Yes,Yes,Yes,No,DSL,No,No,No,No,No,No,Month-to-month,Yes,Mailed check,45.85,Yes,1
3166-PNEOF,Female,0,No,No,Yes,Yes,DSL,Yes,No,Yes,Yes,Yes,Yes,Two year,No,Credit card (automatic),86.45,No,61
3167-SNQPL,Male,1,Yes,Yes,Yes,Yes,Fiber optic,No,Yes,No,No,Yes,Yes,Month-to-month,No,Electronic check,101.15,No,38
3170-GWYKC,Female,0,No,No,Yes,No,Fiber optic,Yes,No,Yes,Yes,Yes,Yes,Month-to-month,Yes,Bank transfer (automatic),104.95,No,60
3170-NMYVV,Female,0,Yes,Yes,Yes,No,No,No internet service,No internet service,No internet service,No internet service,No internet service,No internet service,Two year,No,Bank transfer (automatic),20.15,No,50
3173-NVMPX,Female,0,Yes,Yes,Yes,Yes,DSL,No,Yes,No,No,No,No,Month-to-month,Yes,Mailed check,55.3,No,9
3173-WSSUE,Female,0,Yes,Yes,Yes,No,No,No internet service,No internet service,No internet service,No internet service,No internet service,No internet service,Two year,No,Credit card (automatic),19.7,No,71
3174-AKMAS,Female,0,Yes,No,Yes,No,DSL,No,Yes,No,Yes,Yes,No,Two year,Yes,Credit card (automatic),64.2,No,46
3177-LASXD,Female,0,No,No,Yes,No,Fiber optic,No,No,No,No,No,No,Month-to-month,No,Electronic check,71.35,Yes,1
3178-CIFOT,Female,0,No,No,Yes,No,No,No internet service,No internet service,No internet service,No internet service,No internet service,No internet service,One year,Yes,Credit card (automatic),19.65,No,23
3178-FESZO,Female,0,No,No,Yes,Yes,Fiber optic,No,Yes,No,No,Yes,Yes,Month-to-month,Yes,Credit card (automatic),100.25,Yes,1
3179-GBRWV,Male,1,Yes,No,Yes,No,DSL,Yes,Yes,No,No,No,Yes,Month-to-month,Yes,Bank transfer (automatic),64.95,No,21
3181-VTHOE,Male,0,Yes,No,No,No phone service,DSL,No,Yes,Yes,Yes,No,Yes,One year,Yes,Bank transfer (automatic),51.05,No,70
3186-AJIEK,Male,0,No,No,Yes,No,Fiber optic,Yes,No,Yes,Yes,Yes,Yes,Two year,Yes,Bank transfer (automatic),105.65,No,66
3186-BAXNB,Female,0,No,No,Yes,No,Fiber optic,No,Yes,No,Yes,Yes,No,Month-to-month,No,Electronic check,91.7,Yes,1
3190-FZATL,Male,0,No,Yes,Yes,No,No,No internet service,No internet service,No internet service,No internet service,No internet service,No internet service,Month-to-month,No,Mailed check,19.95,No,14
3190-ITQXP,Female,0,Yes,Yes,Yes,No,No,No internet service,No internet service,No internet service,No internet service,No internet service,No internet service,Two year,No,Bank transfer (automatic),20.25,No,46
3190-XFANI,Male,0,No,Yes,Yes,Yes,Fiber optic,No,No,No,Yes,Yes,Yes,One year,Yes,Bank transfer (automatic),100.6,Yes,49
3191-CSNMG,Female,0,Yes,Yes,Yes,No,Fiber optic,No,No,No,No,Yes,No,Month-to-month,Yes,Electronic check,80.7,No,3
3192-LNKRK,Male,0,Yes,Yes,Yes,No,Fiber optic,No,No,Yes,No,Yes,No,Month-to-month,Yes,Mailed check,84.05,No,34
3194-ORPIK,Female,0,Yes,Yes,Yes,Yes,Fiber optic,No,No,No,No,Yes,No,Month-to-month,Yes,Bank transfer (automatic),84.4,Yes,50
3195-TQDZX,Male,0,No,No,Yes,No,No,No internet service,No internet service,No internet service,No internet service,No internet service,No internet service,Month-to-month,Yes,Electronic check,20.25,No,3
3197-ARFOY,Female,1,No,No,Yes,No,Fiber optic,Yes,Yes,No,Yes,Yes,Yes,Month-to-month,Yes,Mailed check,105.0,No,19
3197-NNYNB,Male,0,No,No,Yes,Yes,Fiber optic,No,Yes,Yes,No,Yes,Yes,Two year,No,Credit card (automatic),105.1,No,65
3198-VELRD,Female,0,Yes,Yes,Yes,Yes,Fiber optic,No,No,No,No,No,Yes,Month-to-month,Yes,Bank transfer (automatic),84.75,Yes,3
3199-NPKCN,Female,0,Yes,No,Yes,Yes,Fiber optic,Yes,No,Yes,Yes,Yes,Yes,One year,Yes,Electronic check,111.25,No,67
3199-XGZCY,Female,0,No,No,Yes,Yes,Fiber optic,No,No,No,No,No,No,Month-to-month,Yes,Electronic check,75.25,No,8
3200-MNQTF,Male,0,Yes,No,Yes,Yes,DSL,Yes,Yes,Yes,Yes,No,No,Two year,No,Credit card (automatic),70.9,No,67
3207-OYBWH,Male,1,Yes,No,Yes,Yes,Fiber optic,No,Yes,Yes,No,No,Yes,Month-to-month,Yes,Bank transfer (automatic),95.25,Yes,57
3208-YPIOE,Male,0,No,No,Yes,Yes,Fiber optic,No,No,No,No,No,No,Month-to-month,No,Electronic check,75.25,Yes,39
3209-ZPKFI,Male,0,Yes,Yes,Yes,Yes,DSL,No,Yes,No,No,No,No,Month-to-month,No,Electronic check,54.25,No,47
3211-AAPKX,Male,0,No,No,Yes,Yes,Fiber optic,No,No,No,Yes,Yes,Yes,Month-to-month,Yes,Mailed check,98.55,No,20
3213-VVOLG,Male,0,Yes,Yes,Yes,Yes,No,No internet service,No internet service,No internet service,No internet service,No internet service,No internet service,Two year,No,Mailed check,25.35,No,0
3214-IYUUQ,Female,0,Yes,No,Yes,No,Fiber optic,Yes,Yes,No,Yes,No,Yes,One year,No,Bank transfer (automatic),93.7,No,61
3217-FZDMN,Female,1,No,No,Yes,No,Fiber optic,No,No,Yes,No,Yes,Yes,Month-to-month,Yes,Credit card (automatic),94.45,Yes,8
3221-CJMSG,Male,0,No,No,Yes,No,DSL,No,No,No,Yes,No,No,Month-to-month,Yes,Credit card (automatic),51.1,No,24
3223-DWFIO,Male,1,No,No,Yes,No,Fiber optic,No,No,No,No,No,No,Month-to-month,No,Electronic check,69.35,No,4
3223-WZWJM,Male,0,No,No,Yes,Yes,Fiber optic,No,No,No,No,No,Yes,Month-to-month,Yes,Electronic check,83.95,Yes,26
3224-DFQNQ,Female,0,Yes,No,Yes,Yes,Fiber optic,Yes,Yes,No,Yes,No,No,One year,No,Electronic check,89.0,No,66
3227-WLKLI,Female,0,Yes,Yes,Yes,Yes,DSL,Yes,Yes,Yes,Yes,Yes,Yes,Two year,No,Bank transfer (automatic),91.55,No,65
3229-USWAR,Female,0,No,No,Yes,No,DSL,Yes,No,Yes,Yes,Yes,Yes,One year,Yes,Bank transfer (automatic),79.95,No,34
3230-IUALN,Female,0,Yes,Yes,Yes,No,DSL,Yes,No,Yes,Yes,Yes,Yes,Two year,Yes,Mailed check,81.0,No,45
3230-JCNZS,Female,0,Yes,Yes,Yes,Yes,Fiber optic,Yes,Yes,Yes,No,Yes,No,Two year,Yes,Credit card (automatic),99.0,No,71
3230-WYKIR,Male,0,No,No,Yes,Yes,DSL,No,No,Yes,Yes,Yes,Yes,One year,Yes,Credit card (automatic),82.0,Yes,18
3235-ETOOB,Male,0,Yes,No,Yes,No,Fiber optic,Yes,No,No,No,No,No,Month-to-month,Yes,Electronic check,74.5,Yes,8
3239-TPHPZ,Female,0,Yes,No,Yes,No,No,No internet service,No internet service,No internet service,No internet service,No internet service,No internet service,Two year,Yes,Electronic check,20.05,No,12
3243-ZHOHY,Female,0,No,No,Yes,No,No,No internet service,No internet service,No internet service,No internet service,No internet service,No internet service,One year,No,Mailed check,20.1,No,16
3244-CQPHU,Female,1,No,No,Yes,Yes,Fiber optic,Yes,Yes,No,Yes,Yes,Yes,Two year,Yes,Bank transfer (automatic),110.1,No,72
3244-DCJWY,Female,0,No,No,Yes,No,Fiber optic,No,No,No,No,No,No,Month-to-month,Yes,Electronic check,70.25,Yes,1
3247-ZVOUO,Male,1,Yes,No,Yes,Yes,Fiber optic,No,No,No,No,No,Yes,Month-to-month,No,Electronic check,85.55,Yes,10
3249-VHRIP,Female,0,No,No,No,No phone service,DSL,No,Yes,Yes,No,No,Yes,Two year,Yes,Credit card (automatic),43.6,No,62
3249-ZPQRG,Male,0,No,No,Yes,Yes,Fiber optic,No,Yes,No,No,No,No,Month-to-month,No,Electronic check,78.45,Yes,4
3253-HKOKL,Female,0,Yes,Yes,Yes,No,Fiber optic,Yes,No,Yes,No,Yes,Yes,One year,No,Electronic check,100.3,No,52
3254-YRILK,Male,1,No,No,Yes,Yes,Fiber optic,No,Yes,No,No,Yes,No,Month-to-month,Yes,Electronic check,88.2,Yes,19
3255-GRXMG,Male,0,No,Yes,Yes,No,DSL,No,No,No,No,No,No,Month-to-month,Yes,Credit card (automatic),45.65,No,18
3256-EZDBI,Male,1,Yes,No,No,No phone service,DSL,No,Yes,No,No,No,No,Month-to-month,Yes,Credit card (automatic),29.45,No,51
3258-SANFR,Male,1,No,No,Yes,No,DSL,No,No,No,No,No,No,Month-to-month,No,Credit card (automatic),44.7,No,6
3258-SYSWS,Male,1,No,No,Yes,Yes,Fiber optic,Yes,Yes,Yes,Yes,Yes,Yes,Two year,No,Bank transfer (automatic),113.8,No,72
3259-KNMRR,Male,1,No,No,Yes,Yes,DSL,No,Yes,Yes,No,Yes,Yes,Two year,Yes,Bank transfer (automatic),79.75,No,57
3259-QMXUN,Male,0,Yes,No,Yes,Yes,DSL,Yes,Yes,Yes,No,Yes,Yes,Two year,Yes,Electronic check,86.1,No,58
3261-CQXOL,Female,0,Yes,Yes,Yes,Yes,No,No internet service,No internet service,No internet service,No internet service,No internet service,No internet service,Two year,No,Bank transfer (automatic),25.45,No,71
3262-EIDHV,Female,0,Yes,Yes,Yes,Yes,DSL,Yes,No,Yes,Yes,Yes,Yes,Two year,No,Credit card (automatic),84.7,No,72
3266-FTKHB,Male,0,No,No,Yes,No,No,No internet service,No internet service,No internet service,No internet service,No internet service,No internet service,Two year,No,Mailed check,19.15,No,17
3269-ATYWD,Male,1,No,No,Yes,Yes,Fiber optic,No,No,No,No,Yes,Yes,Month-to-month,Yes,Bank transfer (automatic),95.65,Yes,39
3272-VUHPV,Female,0,Yes,Yes,Yes,No,DSL,No,Yes,No,Yes,No,No,Month-to-month,No,Bank transfer (automatic),56.3,No,8
3274-NSDWE,Female,0,No,No,Yes,No,No,No internet service,No internet service,No internet service,No internet service,No internet service,No internet service,Two year,No,Credit card (automatic),19.6,No,68
3275-RHRNE,Male,0,Yes,Yes,No,No phone service,DSL,No,Yes,Yes,Yes,Yes,Yes,One year,Yes,Credit card (automatic),60.0,No,28
3276-HDUEG,Female,0,No,No,Yes,Yes,Fiber optic,No,No,No,No,No,No,Month-to-month,Yes,Mailed check,75.05,Yes,1
3279-DYZQM,Male,0,Yes,Yes,Yes,No,No,No internet service,No internet service,No internet service,No internet service,No internet service,No internet service,Two year,No,Mailed check,19.45,No,71
3280-MRDOF,Male,1,No,No,Yes,Yes,DSL,No,No,Yes,Yes,Yes,No,Two year,Yes,Credit card (automatic),69.1,No,30
3280-NMUVX,Male,0,Yes,Yes,Yes,No,No,No internet service,No internet service,No internet service,No internet service,No internet service,No internet service,One year,No,Credit card (automatic),19.6,No,34
3283-WCWXT,Male,0,Yes,Yes,Yes,Yes,No,No internet service,No internet service,No internet service,No internet service,No internet service,No internet service,Two year,No,Mailed check,25.4,No,6
3284-SVCRO,Female,0,Yes,No,Yes,Yes,No,No internet service,No internet service,No internet service,No internet service,No internet service,No internet service,Two year,No,Mailed check,25.5,No,45
3285-UCQVC,Female,0,No,No,No,No phone service,DSL,No,No,No,Yes,No,No,Month-to-month,No,Credit card (automatic),28.6,Yes,37
3292-PBZEJ,Male,1,No,No,Yes,Yes,Fiber optic,No,Yes,Yes,Yes,Yes,Yes,Month-to-month,Yes,Electronic check,111.4,No,11
3295-YVUSR,Male,1,No,No,Yes,Yes,Fiber optic,No,No,No,No,No,No,Month-to-month,Yes,Mailed check,72.6,No,2
3296-SILRA,Female,1,Yes,No,Yes,No,Fiber optic,No,Yes,No,No,No,No,Month-to-month,Yes,Mailed check,76.4,Yes,1
3298-QEICA,Female,0,Yes,Yes,No,No phone service,DSL,Yes,No,No,Yes,No,No,Two year,No,Mailed check,34.6,No,23
3301-LSLWQ,Female,0,No,No,Yes,Yes,DSL,Yes,No,No,No,No,Yes,Month-to-month,Yes,Electronic check,66.1,No,29
3301-VKTGC,Male,0,Yes,Yes,Yes,Yes,Fiber optic,Yes,Yes,No,No,No,No,One year,Yes,Bank transfer (automatic),85.5,No,68
3307-TLCUD,Male,0,Yes,No,No,No phone service,DSL,Yes,No,Yes,No,No,No,Month-to-month,No,Mailed check,34.4,No,17
3308-DGHKL,Male,0,No,No,Yes,No,No,No internet service,No internet service,No internet service,No internet service,No internet service,No internet service,Two year,Yes,Bank transfer (automatic),19.3,No,69
3308-JSGML,Male,1,Yes,No,No,No phone service,DSL,Yes,No,Yes,Yes,Yes,Yes,Two year,Yes,Credit card (automatic),64.05,No,59
3308-MHOOC,Male,0,No,Yes,Yes,No,No,No internet service,No internet service,No internet service,No internet service,No internet service,No internet service,Month-to-month,Yes,Mailed check,19.2,No,1
3312-UUMZW,Male,0,Yes,No,Yes,Yes,Fiber optic,No,Yes,No,No,Yes,Yes,Month-to-month,Yes,Credit card (automatic),98.85,No,32
3313-QKNKB,Male,0,Yes,No,Yes,Yes,Fiber optic,No,No,No,No,No,Yes,One year,No,Electronic check,85.55,Yes,59
3315-IKYZQ,Male,0,Yes,Yes,No,No phone service,DSL,Yes,No,Yes,Yes,Yes,No,One year,No,Mailed check,50.8,No,28
3315-TOTBP,Male,0,No,No,Yes,Yes,Fiber optic,No,No,No,No,No,No,Month-to-month,Yes,Mailed check,76.0,Yes,15
3317-HRTNN,Female,1,No,No,No,No phone service,DSL,No,No,No,No,Yes,Yes,Month-to-month,No,Electronic check,45.7,Yes,5
3317-VLGQT,Female,0,Yes,No,Yes,No,Fiber optic,No,No,No,No,No,Yes,Month-to-month,Yes,Electronic check,78.1,No,14
3318-ISQFQ,Female,0,No,No,Yes,No,No,No internet service,No internet service,No internet service,No internet service,No internet service,No internet service,Month-to-month,Yes,Bank transfer (automatic),19.5,No,20
3318-NMQXL,Male,0,No,No,Yes,No,Fiber optic,No,No,No,No,Yes,Yes,Month-to-month,Yes,Electronic check,92.0,No,3
3318-OSATS,Male,1,No,No,Yes,Yes,Fiber optic,No,No,No,No,Yes,Yes,Month-to-month,Yes,Electronic check,95.45,Yes,35
3319-DWOEP,Male,1,Yes,No,Yes,No,Fiber optic,No,No,Yes,No,Yes,Yes,Month-to-month,Yes,Electronic check,95.75,Yes,6
3320-VEOYC,Male,1,No,No,Yes,Yes,Fiber optic,No,No,No,No,Yes,Yes,Month-to-month,Yes,Electronic check,95.6,No,14
3324-OIRTO,Male,0,Yes,Yes,Yes,No,Fiber optic,Yes,Yes,Yes,No,Yes,Yes,One year,Yes,Bank transfer (automatic),104.65,No,71
3325-FUYCG,Male,0,Yes,Yes,Yes,Yes,Fiber optic,Yes,Yes,No,No,Yes,Yes,One year,No,Electronic check,106.1,Yes,28
3327-YBAKM,Female,0,Yes,No,Yes,No,Fiber optic,Yes,No,No,Yes,Yes,Yes,One year,Yes,Mailed check,96.9,No,64
3329-WDIOK,Female,0,No,No,No,No phone service,DSL,No,Yes,No,No,Yes,Yes,Month-to-month,Yes,Electronic check,50.6,Yes,3
3331-HQDTW,Female,0,No,No,Yes,Yes,Fiber optic,Yes,Yes,Yes,No,Yes,Yes,Month-to-month,Yes,Mailed check,109.8,Yes,34
3334-CTHOL,Female,0,No,No,Yes,Yes,DSL,No,No,No,No,No,No,Month-to-month,Yes,Bank transfer (automatic),49.95,Yes,1
3336-JORSO,Female,1,No,No,Yes,Yes,Fiber optic,No,Yes,Yes,Yes,Yes,Yes,Month-to-month,Yes,Electronic check,110.45,Yes,33
3338-CVVEH,Male,0,No,No,Yes,Yes,Fiber optic,No,No,No,No,Yes,Yes,Month-to-month,No,Electronic check,94.55,No,12
3339-EAQNV,Male,1,Yes,No,Yes,Yes,Fiber optic,No,Yes,No,No,Yes,Yes,One year,Yes,Credit card (automatic),97.25,No,72
3340-QBBFM,Male,1,Yes,No,Yes,No,DSL,No,No,Yes,Yes,No,No,One year,No,Credit card (automatic),54.1,No,36
3345-PBBFH,Male,0,Yes,No,Yes,No,DSL,No,Yes,No,No,No,No,Month-to-month,Yes,Bank transfer (automatic),49.55,No,8
3346-BRMIS,Female,1,Yes,No,No,No phone service,DSL,No,No,Yes,No,Yes,Yes,Month-to-month,Yes,Electronic check,48.35,Yes,18
3347-YJZZE,Male,0,Yes,Yes,Yes,Yes,DSL,No,Yes,Yes,No,Yes,Yes,Month-to-month,No,Credit card (automatic),80.1,No,29
3348-CFRNX,Female,0,Yes,No,Yes,No,Fiber optic,Yes,No,No,No,Yes,Yes,Month-to-month,Yes,Mailed check,92.35,Yes,28
3349-ANQNH,Female,1,No,No,Yes,Yes,Fiber optic,No,No,Yes,No,Yes,Yes,One year,Yes,Electronic check,99.5,No,59
3351-NGXYI,Female,1,No,No,Yes,Yes,DSL,Yes,No,No,No,No,No,Month-to-month,Yes,Electronic check,54.1,No,16
3352-ALMCK,Male,0,No,No,Yes,Yes,Fiber optic,No,Yes,Yes,No,Yes,Yes,Month-to-month,Yes,Mailed check,102.65,No,40
3352-RICWQ,Female,0,Yes,Yes,Yes,No,No,No internet service,No internet service,No internet service,No internet service,No internet service,No internet service,Two year,No,Mailed check,19.75,No,9
3359-DSRKA,Female,0,Yes,Yes,Yes,No,No,No internet service,No internet service,No internet service,No internet service,No internet service,No internet service,Two year,Yes,Mailed check,19.85,No,58
3363-DTIVD,Male,0,Yes,Yes,Yes,Yes,Fiber optic,Yes,No,Yes,No,Yes,Yes,Two year,No,Electronic check,105.55,No,71
3363-EWLGO,Female,0,No,No,Yes,No,No,No internet service,No internet service,No internet service,No internet service,No internet service,No internet service,Month-to-month,No,Mailed check,19.95,No,5
3370-GQEAL,Male,0,Yes,Yes,Yes,Yes,Fiber optic,No,No,No,No,Yes,No,Month-to-month,No,Electronic check,85.45,No,30
3370-HXOPH,Female,0,No,No,Yes,Yes,Fiber optic,No,No,No,No,No,No,Month-to-month,No,Electronic check,76.1,No,3
3372-CDXFJ,Male,0,Yes,Yes,Yes,Yes,No,No internet service,No internet service,No internet service,No internet service,No internet service,No internet service,One year,No,Bank transfer (automatic),24.5,No,13
3373-DIUUN,Male,0,Yes,Yes,Yes,No,No,No internet service,No internet service,No internet service,No internet service,No internet service,No internet service,Two year,No,Mailed check,21.25,No,30
3373-YZZYM,Male,0,Yes,Yes,Yes,No,No,No internet service,No internet service,No internet service,No internet service,No internet service,No internet service,Month-to-month,No,Mailed check,19.2,No,1
3374-LXDEV,Female,0,No,No,Yes,Yes,Fiber optic,No,Yes,Yes,Yes,No,No,Month-to-month,No,Electronic check,89.4,Yes,13
3374-PZLXD,Male,0,No,No,Yes,No,No,No internet service,No internet service,No internet service,No internet service,No internet service,No internet service,Month-to-month,No,Mailed check,19.7,No,34
3374-TTZTK,Male,0,Yes,No,Yes,No,Fiber optic,Yes,Yes,Yes,Yes,Yes,Yes,Two year,Yes,Electronic check,106.3,No,52
3376-BMGFE,Female,0,No,No,Yes,No,Fiber optic,No,No,No,No,No,No,Month-to-month,Yes,Bank transfer (automatic),70.9,Yes,4
3384-CTMSF,Male,0,Yes,No,Yes,Yes,Fiber optic,No,Yes,Yes,No,Yes,Yes,Month-to-month,Yes,Electronic check,104.1,No,47
3387-PLKUI,Female,0,Yes,Yes,Yes,No,No,No internet service,No internet service,No internet service,No internet service,No internet service,No internet service,Month-to-month,No,Mailed check,18.8,No,13
3389-KTRXV,Female,0,Yes,Yes,Yes,Yes,No,No internet service,No internet service,No internet service,No internet service,No internet service,No internet service,Two year,No,Mailed check,23.85,No,23
3389-YGYAI,Female,1,No,No,Yes,Yes,Fiber optic,No,Yes,Yes,No,Yes,Yes,Month-to-month,Yes,Electronic check,105.5,Yes,8
3391-JSQEW,Male,0,Yes,No,Yes,No,DSL,No,Yes,No,No,No,No,Month-to-month,Yes,Mailed check,50.15,No,40
3392-EHMNK,Female,0,Yes,Yes,Yes,Yes,Fiber optic,No,Yes,No,Yes,Yes,No,Two year,No,Credit card (automatic),94.1,No,67
3393-FMZPV,Female,0,No,No,Yes,Yes,Fiber optic,No,Yes,No,No,Yes,Yes,Month-to-month,Yes,Electronic check,100.25,Yes,25
3396-DKDEL,Female,0,Yes,Yes,Yes,Yes,Fiber optic,Yes,Yes,Yes,Yes,Yes,Yes,Two year,Yes,Credit card (automatic),115.15,No,70
3397-AVTKU,Male,0,No,No,Yes,No,DSL,No,Yes,No,No,No,Yes,Two year,Yes,Electronic check,60.0,No,43
3398-FSHON,Female,1,No,No,Yes,Yes,Fiber optic,No,Yes,No,No,Yes,No,Month-to-month,Yes,Electronic check,91.3,Yes,12
3398-ZOUAA,Male,1,Yes,No,Yes,No,Fiber optic,No,No,No,No,No,No,Month-to-month,Yes,Electronic check,69.1,Yes,21
3399-BMLVW,Male,0,Yes,Yes,Yes,No,DSL,Yes,Yes,No,Yes,No,No,Two year,No,Credit card (automatic),60.5,No,51
3400-ESFUW,Male,0,Yes,Yes,Yes,No,DSL,Yes,Yes,No,Yes,No,No,Two year,No,Bank transfer (automatic),57.55,Yes,55
3401-URHDA,Male,0,No,No,Yes,Yes,DSL,Yes,No,No,Yes,No,No,One year,No,Credit card (automatic),59.9,No,51
3402-XRIUO,Female,1,Yes,No,Yes,Yes,DSL,Yes,Yes,No,Yes,No,No,Month-to-month,Yes,Mailed check,63.55,No,22
3407-JMJQQ,Female,0,Yes,Yes,Yes,Yes,Fiber optic,Yes,Yes,Yes,No,Yes,Yes,Two year,Yes,Bank transfer (automatic),109.0,No,71
3407-QGWLG,Male,0,No,Yes,Yes,No,No,No internet service,No internet service,No internet service,No internet service,No internet service,No internet service,Month-to-month,Yes,Mailed check,20.05,No,3
3410-YOQBQ,Female,0,No,No,Yes,No,DSL,No,Yes,Yes,Yes,Yes,Yes,Two year,No,Mailed check,79.2,No,31
3411-WLRSQ,Female,1,Yes,No,Yes,No,Fiber optic,No,Yes,No,No,No,No,Month-to-month,Yes,Bank transfer (automatic),74.6,No,3
3413-BMNZE,Male,1,No,No,Yes,No,DSL,No,No,No,No,No,No,Month-to-month,No,Bank transfer (automatic),45.25,No,1
3413-CSSTH,Male,0,No,No,Yes,Yes,DSL,No,No,Yes,No,No,No,Month-to-month,Yes,Bank transfer (automatic),55.7,No,41
3415-TAILE,Female,0,Yes,Yes,Yes,No,DSL,No,No,No,No,Yes,Yes,Month-to-month,No,Mailed check,65.7,Yes,2
3417-TSCIC,Male,0,No,No,No,No phone service,DSL,No,No,No,No,No,No,One year,Yes,Mailed check,24.85,No,29
3419-SNJJD,Female,1,Yes,No,Yes,Yes,Fiber optic,Yes,No,Yes,No,Yes,Yes,Month-to-month,No,Bank transfer (automatic),105.25,Yes,65
3420-YJLQT,Female,0,No,No,Yes,Yes,Fiber optic,No,Yes,No,No,No,No,Month-to-month,No,Electronic check,79.55,No,2
3420-ZDBMA,Male,1,No,No,Yes,No,Fiber optic,No,No,No,No,No,No,Month-to-month,Yes,Mailed check,71.45,No,5
3422-GALYP,Male,0,No,No,Yes,Yes,Fiber optic,No,Yes,No,No,No,No,Month-to-month,Yes,Electronic check,79.45,No,2
3422-LYEPQ,Male,0,Yes,Yes,Yes,No,Fiber optic,No,No,No,No,No,No,Month-to-month,Yes,Electronic check,71.0,Yes,1
3422-WJOYD,Male,0,Yes,No,Yes,No,DSL,Yes,No,No,Yes,No,No,One year,No,Mailed check,54.35,No,28
3424-NMNBO,Male,1,Yes,No,Yes,Yes,Fiber optic,Yes,Yes,Yes,No,Yes,Yes,One year,Yes,Electronic check,108.85,Yes,58
3426-NIYYL,Male,0,No,No,Yes,Yes,DSL,No,No,No,No,No,No,Month-to-month,No,Electronic check,51.55,Yes,15
3427-GGZZI,Female,0,Yes,No,Yes,Yes,Fiber optic,No,Yes,No,No,No,Yes,Month-to-month,Yes,Electronic check,89.1,No,19
3429-IFLEM,Female,0,No,No,Yes,No,DSL,Yes,Yes,Yes,Yes,Yes,No,Two year,No,Credit card (automatic),77.35,No,71
3439-GVUSX,Male,0,No,No,No,No phone service,DSL,No,No,No,No,No,No,Month-to-month,No,Mailed check,24.4,No,1
3440-JPSCL,Female,0,No,No,Yes,No,Fiber optic,No,No,Yes,Yes,Yes,Yes,Month-to-month,Yes,Mailed check,99.95,Yes,6
3441-CGZJH,Female,0,Yes,Yes,No,No phone service,DSL,Yes,No,Yes,Yes,Yes,Yes,One year,Yes,Credit card (automatic),60.4,No,43
3442-ZHHCC,Male,0,No,No,Yes,Yes,DSL,Yes,Yes,Yes,No,No,Yes,One year,Yes,Credit card (automatic),76.9,No,68
3445-HXXGF,Male,1,Yes,No,No,No phone service,DSL,No,Yes,Yes,No,No,Yes,Month-to-month,Yes,Electronic check,45.3,Yes,58
3450-WXOAT,Male,0,No,No,Yes,No,DSL,No,No,No,No,No,No,Month-to-month,Yes,Credit card (automatic),45.2,No,46
3451-VAWLI,Female,0,Yes,Yes,Yes,No,No,No internet service,No internet service,No internet service,No internet service,No internet service,No internet service,Two year,No,Credit card (automatic),19.7,No,35
3452-ABWRL,Male,1,No,No,Yes,Yes,Fiber optic,No,No,No,No,Yes,No,Month-to-month,Yes,Credit card (automatic),86.05,No,47
3452-FLHYD,Male,0,Yes,No,Yes,No,No,No internet service,No internet service,No internet service,No internet service,No internet service,No internet service,One year,Yes,Bank transfer (automatic),20.95,No,25
3452-SRFEG,Male,0,No,No,Yes,Yes,Fiber optic,No,No,No,No,No,No,Month-to-month,Yes,Bank transfer (automatic),74.6,No,49
3453-RTHJQ,Male,0,No,No,Yes,No,Fiber optic,No,No,No,No,No,No,Month-to-month,Yes,Electronic check,69.1,No,6
3454-JFUBC,Male,1,No,No,Yes,No,No,No internet service,No internet service,No internet service,No internet service,No internet service,No internet service,Two year,Yes,Credit card (automatic),20.0,No,68
3460-TJBWI,Male,0,Yes,Yes,Yes,Yes,No,No internet service,No internet service,No internet service,No internet service,No internet service,No internet service,Two year,No,Mailed check,24.2,No,24
3462-BJQQA,Female,0,No,No,Yes,Yes,Fiber optic,No,Yes,No,No,Yes,No,Month-to-month,Yes,Electronic check,89.75,No,6
3466-BYAVD,Male,0,Yes,Yes,Yes,No,DSL,No,Yes,Yes,Yes,No,Yes,Month-to-month,Yes,Mailed check,69.5,No,15
3466-RITXD,Male,0,No,No,Yes,Yes,Fiber optic,Yes,Yes,No,No,Yes,No,Month-to-month,Yes,Credit card (automatic),92.4,No,26
3466-WAESX,Male,0,No,Yes,Yes,Yes,DSL,Yes,Yes,No,No,No,Yes,Month-to-month,Yes,Electronic check,69.1,No,16
3468-DRVQJ,Female,0,Yes,Yes,Yes,Yes,DSL,Yes,Yes,No,No,Yes,No,One year,No,Electronic check,70.3,No,10
3470-BTGQO,Male,0,No,Yes,Yes,No,DSL,No,No,No,No,No,No,Month-to-month,No,Mailed check,45.65,No,21
3470-OBUET,Female,0,Yes,Yes,Yes,Yes,DSL,Yes,Yes,No,Yes,Yes,No,Two year,No,Credit card (automatic),74.0,No,67
3472-OAOOR,Male,0,Yes,Yes,No,No phone service,DSL,Yes,Yes,No,No,No,No,Month-to-month,Yes,Mailed check,34.95,No,19
3472-QPRCH,Male,0,Yes,Yes,Yes,Yes,No,No internet service,No internet service,No internet service,No internet service,No internet service,No internet service,Two year,No,Credit card (automatic),25.25,No,40
3473-XIIIT,Female,0,Yes,No,Yes,Yes,Fiber optic,No,Yes,No,No,Yes,Yes,Month-to-month,Yes,Electronic check,100.0,Yes,16
3474-BAFSJ,Male,0,Yes,No,No,No phone service,DSL,No,Yes,Yes,Yes,Yes,Yes,Two year,Yes,Bank transfer (automatic),57.5,No,57
3481-JHUZH,Male,0,Yes,No,Yes,Yes,Fiber optic,No,Yes,No,No,No,No,Month-to-month,Yes,Electronic check,80.25,No,41
3482-ABPKK,Female,0,No,No,Yes,No,DSL,Yes,No,No,Yes,No,No,One year,No,Mailed check,54.3,No,28
3486-HOOGQ,Female,0,Yes,Yes,Yes,Yes,DSL,Yes,Yes,Yes,Yes,Yes,No,Two year,No,Bank transfer (automatic),79.7,No,70
3486-KHMLI,Male,0,No,Yes,Yes,Yes,No,No internet service,No internet service,No internet service,No internet service,No internet service,No internet service,Month-to-month,No,Mailed check,24.7,No,21
3486-NPGST,Female,0,No,No,Yes,No,No,No internet service,No internet service,No internet service,No internet service,No internet service,No internet service,One year,No,Mailed check,19.55,No,36
3489-HHPFY,Female,0,Yes,No,Yes,Yes,Fiber optic,No,No,No,No,Yes,No,Month-to-month,Yes,Electronic check,84.05,No,2
3489-VSFRD,Female,0,No,No,Yes,No,DSL,Yes,No,Yes,Yes,No,No,One year,Yes,Credit card (automatic),60.25,No,56
3494-JCHRQ,Male,0,No,No,Yes,No,Fiber optic,No,No,No,No,No,No,Month-to-month,Yes,Electronic check,70.05,Yes,1
3496-LFSZU,Male,0,Yes,No,Yes,No,Fiber optic,No,No,No,No,No,No,Month-to-month,No,Electronic check,70.5,No,4
3503-TYDAY,Female,0,Yes,No,Yes,Yes,Fiber optic,No,Yes,No,No,No,No,Month-to-month,No,Electronic check,80.45,No,43
3506-LCJDC,Male,0,Yes,Yes,Yes,No,No,No internet service,No internet service,No internet service,No internet service,No internet service,No internet service,Month-to-month,No,Bank transfer (automatic),19.95,Yes,1
3507-GASNP,Male,0,No,Yes,Yes,No,No,No internet service,No internet service,No internet service,No internet service,No internet service,No internet service,Two year,No,Mailed check,19.95,No,60
3508-CFVZL,Female,0,No,No,Yes,Yes,Fiber optic,Yes,Yes,Yes,Yes,Yes,Yes,Two year,No,Mailed check,111.3,No,71
3508-VLHCZ,Female,0,Yes,Yes,Yes,Yes,DSL,Yes,Yes,Yes,Yes,Yes,Yes,Two year,Yes,Credit card (automatic),90.55,No,71
3509-GWQGF,Male,1,No,No,Yes,No,Fiber optic,No,No,No,No,No,No,Month-to-month,No,Credit card (automatic),70.0,No,24
3511-APPBJ,Male,0,No,No,Yes,No,Fiber optic,Yes,No,Yes,No,Yes,Yes,One year,Yes,Credit card (automatic),99.95,No,23
3511-BFTJW,Male,0,Yes,Yes,No,No phone service,DSL,Yes,Yes,Yes,No,No,No,Two year,No,Credit card (automatic),38.5,No,72
3518-FSTWG,Male,1,Yes,No,Yes,Yes,Fiber optic,Yes,Yes,Yes,No,Yes,Yes,Two year,Yes,Bank transfer (automatic),109.55,No,72
3518-PZXZQ,Female,0,Yes,No,Yes,No,DSL,No,No,No,No,Yes,No,Month-to-month,Yes,Mailed check,55.3,No,1
3520-FJGCV,Male,0,Yes,Yes,Yes,Yes,Fiber optic,Yes,Yes,Yes,Yes,Yes,Yes,Two year,Yes,Credit card (automatic),112.6,No,72
3521-HTQTV,Male,0,No,No,Yes,Yes,No,No internet service,No internet service,No internet service,No internet service,No internet service,No internet service,Two year,No,Bank transfer (automatic),26.1,No,34
3521-MNKLV,Male,0,No,No,Yes,No,DSL,No,No,Yes,No,No,No,Month-to-month,Yes,Mailed check,49.7,No,24
3521-SYVOR,Female,0,No,No,Yes,No,DSL,No,No,No,No,Yes,Yes,Month-to-month,Yes,Electronic check,64.75,Yes,37
3522-CDKHF,Female,0,Yes,No,Yes,No,Fiber optic,Yes,No,No,No,No,No,Month-to-month,Yes,Bank transfer (automatic),75.5,No,32
3523-BRGUW,Male,1,No,No,Yes,No,No,No internet service,No internet service,No internet service,No internet service,No internet service,No internet service,One year,No,Credit card (automatic),19.3,No,26
3525-DVKFN,Female,0,No,No,Yes,No,No,No internet service,No internet service,No internet service,No internet service,No internet service,No internet service,Two year,No,Mailed check,19.4,No,17
3528-HFRIQ,Male,1,Yes,No,No,No phone service,DSL,No,Yes,Yes,No,Yes,Yes,Month-to-month,Yes,Bank transfer (automatic),52.3,No,71
3530-CRZSB,Female,0,No,No,Yes,No,No,No internet service,No internet service,No internet service,No internet service,No internet service,No internet service,Month-to-month,No,Mailed check,20.65,No,7
3533-UVMOM,Male,0,Yes,No,Yes,No,DSL,Yes,Yes,Yes,No,No,Yes,Two year,No,Bank transfer (automatic),70.95,No,68
3536-IQCTX,Male,1,Yes,No,Yes,Yes,Fiber optic,No,No,No,No,No,Yes,Month-to-month,No,Electronic check,85.3,Yes,32
3537-HPKQT,Female,0,Yes,No,Yes,Yes,Fiber optic,No,Yes,No,No,No,No,Month-to-month,Yes,Credit card (automatic),77.75,No,55
3537-RYBHH,Female,1,Yes,No,Yes,Yes,DSL,Yes,Yes,Yes,No,No,No,Month-to-month,Yes,Credit card (automatic),67.45,No,47
3538-WZPHD,Male,0,No,No,No,No phone service,DSL,No,Yes,No,No,No,No,Month-to-month,Yes,Electronic check,29.6,Yes,3
3540-RZJYU,Female,0,No,No,Yes,No,Fiber optic,Yes,No,No,No,Yes,No,Month-to-month,No,Electronic check,86.2,Yes,15
3541-ZNUHK,Female,0,Yes,Yes,Yes,Yes,Fiber optic,Yes,Yes,No,No,No,No,Month-to-month,Yes,Electronic check,85.1,No,55
3545-CNWRG,Female,0,Yes,Yes,Yes,Yes,Fiber optic,No,Yes,No,No,Yes,Yes,Month-to-month,Yes,Electronic check,98.35,No,49
3546-GHEAE,Male,0,No,No,Yes,No,No,No internet service,No internet service,No internet service,No internet service,No internet service,No internet service,Two year,No,Mailed check,19.45,No,7
3547-LQRIK,Female,0,Yes,No,Yes,Yes,No,No internet service,No internet service,No internet service,No internet service,No internet service,No internet service,One year,No,Electronic check,26.9,No,47
3550-SAHFP,Female,0,No,No,Yes,Yes,Fiber optic,No,No,No,No,No,Yes,Month-to-month,Yes,Electronic check,83.35,Yes,33
3551-GAEGL,Male,0,Yes,Yes,No,No phone service,DSL,Yes,No,No,No,No,No,One year,No,Bank transfer (automatic),30.4,No,34
3551-HUAZH,Male,1,No,No,Yes,Yes,Fiber optic,No,No,No,No,No,No,Month-to-month,Yes,Electronic check,74.4,Yes,1
3552-CTCYF,Male,0,Yes,Yes,Yes,Yes,Fiber optic,No,Yes,Yes,No,Yes,Yes,Two year,Yes,Bank transfer (automatic),104.8,No,63
3556-BVQGL,Female,0,Yes,No,Yes,No,No,No internet service,No internet service,No internet service,No internet service,No internet service,No internet service,One year,Yes,Mailed check,20.0,No,20
3563-SVYLG,Male,0,Yes,Yes,Yes,No,DSL,Yes,Yes,Yes,Yes,No,No,Two year,No,Credit card (automatic),62.65,No,68
3565-UNOCC,Female,1,Yes,No,Yes,Yes,Fiber optic,No,No,Yes,No,Yes,Yes,Month-to-month,Yes,Bank transfer (automatic),99.05,Yes,29
3566-HJGPK,Male,0,No,No,Yes,No,DSL,No,No,No,No,No,No,Month-to-month,Yes,Mailed check,45.55,No,1
3566-VVORZ,Female,0,Yes,No,Yes,No,DSL,No,No,No,No,No,No,Month-to-month,No,Bank transfer (automatic),45.9,No,12
3569-EDBPQ,Female,0,No,No,Yes,Yes,Fiber optic,Yes,No,No,Yes,No,No,Month-to-month,Yes,Electronic check,84.35,No,24
3569-JFODW,Female,0,Yes,Yes,Yes,Yes,DSL,Yes,Yes,Yes,Yes,Yes,Yes,Two year,No,Credit card (automatic),90.95,No,72
3569-VLDHH,Male,0,Yes,Yes,Yes,No,DSL,Yes,Yes,Yes,Yes,Yes,No,One year,Yes,Electronic check,75.1,No,66
3570-YUEKJ,Female,0,No,No,Yes,No,DSL,No,Yes,No,No,No,No,Month-to-month,Yes,Electronic check,49.55,No,42
3571-DPYUH,Male,0,Yes,Yes,Yes,Yes,Fiber optic,No,Yes,No,Yes,Yes,No,One year,Yes,Credit card (automatic),94.7,No,58
3571-RFHAR,Male,0,No,No,Yes,Yes,Fiber optic,No,Yes,Yes,Yes,Yes,Yes,Month-to-month,Yes,Electronic check,109.15,Yes,65
3572-UOLYZ,Female,0,No,Yes,Yes,Yes,Fiber optic,No,No,Yes,Yes,No,No,Month-to-month,Yes,Bank transfer (automatic),84.8,No,46
3572-UUHRS,Male,0,No,No,Yes,No,No,No internet service,No internet service,No internet service,No internet service,No internet service,No internet service,One year,No,Bank transfer (automatic),18.85,No,45
3577-AMVUX,Male,0,No,No,Yes,No,DSL,No,No,Yes,Yes,No,No,Month-to-month,No,Mailed check,55.05,No,1
3580-GICBM,Female,0,Yes,Yes,Yes,Yes,No,No internet service,No internet service,No internet service,No internet service,No internet service,No internet service,Two year,Yes,Mailed check,24.2,No,61
3580-HYCSP,Male,0,Yes,Yes,Yes,Yes,Fiber optic,Yes,Yes,Yes,No,Yes,Yes,Two year,Yes,Bank transfer (automatic),110.3,No,72
3583-EKAPL,Male,0,No,No,Yes,No,DSL,No,No,No,No,No,Yes,Month-to-month,Yes,Electronic check,55.0,Yes,1
3583-KRKMD,Male,0,No,No,Yes,No,Fiber optic,No,No,No,Yes,No,No,Month-to-month,Yes,Bank transfer (automatic),75.9,No,18
3587-PMCOY,Male,0,No,No,Yes,No,Fiber optic,Yes,No,Yes,No,Yes,Yes,One year,Yes,Electronic check,98.9,No,10
3588-WSTTJ,Female,1,No,No,Yes,Yes,Fiber optic,Yes,No,No,No,Yes,Yes,Month-to-month,Yes,Electronic check,99.05,No,35
3594-BDSOA,Female,0,Yes,No,Yes,No,No,No internet service,No internet service,No internet service,No internet service,No internet service,No internet service,One year,No,Credit card (automatic),20.4,No,24
3594-KADLU,Male,0,Yes,No,No,No phone service,DSL,Yes,No,No,Yes,No,No,Month-to-month,No,Mailed check,35.1,No,3
3597-MVHJT,Female,0,No,No,Yes,Yes,Fiber optic,No,No,No,No,Yes,Yes,Month-to-month,Yes,Bank transfer (automatic),95.6,No,27
3597-YASZG,Female,1,Yes,No,Yes,Yes,Fiber optic,No,Yes,No,Yes,Yes,Yes,Two year,Yes,Bank transfer (automatic),104.45,No,70
3604-WLABM,Female,0,No,No,Yes,No,DSL,No,No,Yes,Yes,No,No,Month-to-month,No,Electronic check,54.25,No,10
3605-JISKB,Male,1,Yes,No,Yes,Yes,DSL,Yes,Yes,No,No,No,No,One year,No,Credit card (automatic),60.0,No,55
3606-SBKRY,Male,0,No,No,No,No phone service,DSL,No,No,Yes,No,Yes,Yes,One year,Yes,Electronic check,50.05,No,31
3606-TWKGI,Male,1,No,No,Yes,Yes,Fiber optic,No,Yes,Yes,No,Yes,Yes,Month-to-month,Yes,Electronic check,106.9,Yes,13
3612-YUNGG,Male,0,Yes,Yes,Yes,Yes,Fiber optic,No,Yes,Yes,Yes,Yes,Yes,Two year,Yes,Credit card (automatic),109.2,No,64
3612-YVGSJ,Female,0,Yes,No,Yes,Yes,No,No internet service,No internet service,No internet service,No internet service,No internet service,No internet service,Two year,Yes,Credit card (automatic),24.45,No,71
3617-XLSGQ,Female,0,Yes,Yes,Yes,Yes,Fiber optic,Yes,Yes,Yes,No,Yes,Yes,Two year,No,Bank transfer (automatic),109.25,No,66
3620-EHIMZ,Female,0,Yes,Yes,Yes,No,No,No internet service,No internet service,No internet service,No internet service,No internet service,No internet service,Two year,No,Mailed check,19.35,No,52
3620-MWJNE,Male,0,No,No,Yes,No,DSL,Yes,No,No,Yes,No,No,Month-to-month,Yes,Mailed check,54.45,No,2
3621-CEOVK,Female,1,Yes,No,Yes,Yes,Fiber optic,No,Yes,No,No,Yes,Yes,Month-to-month,Yes,Electronic check,100.2,Yes,14
3621-CHYVB,Female,0,Yes,No,No,No phone service,DSL,Yes,No,Yes,Yes,No,Yes,Month-to-month,Yes,Bank transfer (automatic),49.9,No,57
3623-FQBOX,Male,0,No,No,Yes,No,No,No internet service,No internet service,No internet service,No internet service,No internet service,No internet service,Month-to-month,Yes,Mailed check,19.95,No,21
3627-FCRDW,Female,0,No,No,Yes,No,Fiber optic,No,No,No,No,No,No,Month-to-month,No,Electronic check,71.0,Yes,9
3627-FHKBK,Female,0,No,No,Yes,No,Fiber optic,Yes,No,No,No,No,No,Month-to-month,No,Mailed check,75.3,Yes,1
3629-WEAAM,Female,0,No,No,Yes,No,DSL,No,No,Yes,Yes,No,Yes,Month-to-month,No,Mailed check,64.1,No,8
3629-ZNKXA,Male,1,No,No,Yes,No,Fiber optic,No,Yes,Yes,No,Yes,Yes,Month-to-month,Yes,Electronic check,101.8,No,17
3633-CDBUW,Male,0,No,Yes,Yes,No,DSL,No,Yes,Yes,Yes,Yes,Yes,One year,No,Electronic check,80.85,No,17
3638-VBZTA,Male,0,No,Yes,Yes,Yes,DSL,Yes,Yes,No,Yes,Yes,Yes,Two year,Yes,Bank transfer (automatic),86.5,No,68
3638-WEABW,Female,0,Yes,No,Yes,Yes,DSL,No,Yes,No,Yes,No,No,Two year,Yes,Credit card (automatic),59.9,No,58
3640-JQGJG,Male,0,Yes,Yes,Yes,No,DSL,No,No,No,No,No,No,Month-to-month,No,Bank transfer (automatic),44.8,No,13
3640-PHQXK,Female,0,No,No,Yes,Yes,Fiber optic,No,No,Yes,No,No,Yes,Month-to-month,Yes,Electronic check,89.9,Yes,31
3642-BYHDO,Female,0,Yes,Yes,Yes,No,No,No internet service,No internet service,No internet service,No internet service,No internet service,No internet service,Two year,No,Bank transfer (automatic),19.9,No,71
3642-GKTCT,Female,0,No,No,Yes,Yes,Fiber optic,Yes,Yes,Yes,Yes,Yes,Yes,One year,Yes,Mailed check,115.1,No,61
3643-AHCFP,Male,1,Yes,No,Yes,Yes,Fiber optic,No,No,No,No,Yes,Yes,Month-to-month,Yes,Bank transfer (automatic),95.6,Yes,7
3644-QXEHN,Male,0,Yes,Yes,Yes,No,Fiber optic,No,No,Yes,No,Yes,Yes,Month-to-month,No,Electronic check,97.0,No,13
3645-DEYGF,Male,0,No,Yes,Yes,No,No,No internet service,No internet service,No internet service,No internet service,No internet service,No internet service,Month-to-month,No,Mailed check,20.75,No,1
3646-ITDGM,Female,0,No,No,Yes,No,No,No internet service,No internet service,No internet service,No internet service,No internet service,No internet service,Two year,No,Bank transfer (automatic),19.7,No,56
3648-GZPHF,Male,0,Yes,Yes,No,No phone service,DSL,No,No,Yes,Yes,No,No,One year,Yes,Mailed check,36.25,No,32
3649-JPUGY,Male,0,No,No,Yes,Yes,DSL,No,Yes,Yes,Yes,Yes,Yes,Two year,Yes,Bank transfer (automatic),88.6,No,72
3653-NCRDJ,Male,0,Yes,Yes,Yes,No,No,No internet service,No internet service,No internet service,No internet service,No internet service,No internet service,One year,Yes,Mailed check,19.2,No,43
3654-ARMGP,Female,0,No,No,Yes,Yes,DSL,No,Yes,Yes,Yes,Yes,Yes,Two year,No,Credit card (automatic),88.65,No,61
3655-SNQYZ,Female,0,Yes,Yes,Yes,Yes,Fiber optic,Yes,Yes,Yes,Yes,Yes,Yes,Two year,No,Credit card (automatic),113.25,No,69
3656-TKRVZ,Female,0,No,No,Yes,No,DSL,Yes,Yes,No,No,No,No,Month-to-month,No,Electronic check,55.35,Yes,3
3658-KIBGF,Female,0,No,No,Yes,No,DSL,Yes,Yes,No,No,No,No,Month-to-month,Yes,Electronic check,54.9,Yes,1
3658-QQJYD,Male,0,No,No,Yes,No,DSL,Yes,Yes,No,No,Yes,Yes,One year,Yes,Credit card (automatic),74.3,No,62
3662-FXJFO,Female,0,No,No,Yes,No,No,No internet service,No internet service,No internet service,No internet service,No internet service,No internet service,Two year,Yes,Mailed check,20.5,No,54
3665-JATSN,Female,0,No,No,No,No phone service,DSL,No,Yes,No,No,No,Yes,Month-to-month,Yes,Electronic check,39.7,No,19
3668-QPYBK,Male,0,No,No,Yes,No,DSL,Yes,Yes,No,No,No,No,Month-to-month,Yes,Mailed check,53.85,Yes,2
3669-LVWZB,Male,0,No,No,No,No phone service,DSL,No,Yes,No,No,Yes,Yes,Month-to-month,Yes,Mailed check,51.0,Yes,5
3671-SHRSP,Male,0,Yes,No,Yes,No,Fiber optic,No,No,Yes,Yes,No,No,Month-to-month,Yes,Mailed check,80.6,Yes,4
3672-YITQD,Male,1,Yes,No,Yes,Yes,Fiber optic,No,No,No,No,No,Yes,Month-to-month,Yes,Electronic check,84.1,Yes,36
3675-EQOZA,Male,0,No,No,Yes,No,No,No internet service,No internet service,No internet service,No internet service,No internet service,No internet service,Month-to-month,No,Bank transfer (automatic),20.65,No,5
3677-IYRBF,Female,1,No,No,No,No phone service,DSL,No,No,Yes,No,No,No,Month-to-month,Yes,Electronic check,30.4,Yes,2
3677-TNKIO,Female,0,No,No,Yes,No,Fiber optic,No,No,No,No,No,No,Month-to-month,Yes,Credit card (automatic),71.0,Yes,14
3678-MNGZX,Male,0,Yes,Yes,Yes,No,No,No internet service,No internet service,No internet service,No internet service,No internet service,No internet service,Two year,No,Bank transfer (automatic),19.95,No,68
3679-XASPY,Female,0,Yes,Yes,Yes,No,No,No internet service,No internet service,No internet service,No internet service,No internet service,No internet service,Month-to-month,No,Electronic check,19.45,No,1
3680-CTHUH,Male,0,No,No,Yes,Yes,Fiber optic,Yes,Yes,Yes,Yes,Yes,Yes,One year,Yes,Credit card (automatic),116.6,No,60
3682-YEUWS,Male,0,Yes,Yes,Yes,Yes,No,No internet service,No internet service,No internet service,No internet service,No internet service,No internet service,Month-to-month,Yes,Mailed check,24.4,No,10
3685-YLCMQ,Male,0,No,No,Yes,Yes,Fiber optic,No,No,Yes,Yes,Yes,Yes,One year,Yes,Electronic check,104.65,Yes,58
3688-FTHLT,Female,0,No,No,Yes,Yes,DSL,No,No,No,No,No,Yes,Month-to-month,Yes,Bank transfer (automatic),63.05,No,16
3689-MOZGR,Female,0,No,No,No,No phone service,DSL,No,No,No,Yes,No,No,Month-to-month,Yes,Electronic check,31.2,No,29
3692-JHONH,Female,1,Yes,No,Yes,Yes,Fiber optic,No,Yes,Yes,No,Yes,Yes,One year,Yes,Electronic check,106.5,No,52
3694-DELSO,Male,0,Yes,Yes,No,No phone service,DSL,Yes,No,No,No,Yes,No,Month-to-month,No,Credit card (automatic),38.55,No,4
3696-DFHHB,Female,0,No,No,Yes,Yes,No,No internet service,No internet service,No internet service,No internet service,No internet service,No internet service,Two year,No,Bank transfer (automatic),25.5,No,68
3696-XRIEN,Female,0,No,No,Yes,Yes,DSL,Yes,No,Yes,Yes,Yes,Yes,One year,Yes,Credit card (automatic),82.5,No,50
3701-SFMUH,Male,0,Yes,Yes,Yes,No,DSL,Yes,No,No,No,Yes,Yes,Month-to-month,No,Credit card (automatic),69.7,No,7
3704-IEAXF,Female,0,Yes,Yes,No,No phone service,DSL,No,Yes,No,Yes,Yes,Yes,Two year,No,Credit card (automatic),53.65,No,72
3705-PSNGL,Male,0,No,No,Yes,No,No,No internet service,No internet service,No internet service,No internet service,No internet service,No internet service,One year,Yes,Electronic check,20.4,Yes,45
3707-LRWZD,Female,0,No,No,Yes,Yes,Fiber optic,No,No,No,No,Yes,No,One year,No,Electronic check,84.05,Yes,32
3709-OIJEA,Male,0,No,No,Yes,No,Fiber optic,No,Yes,Yes,Yes,No,No,One year,Yes,Electronic check,85.2,No,26
3712-PKXZA,Male,0,Yes,No,Yes,No,No,No internet service,No internet service,No internet service,No internet service,No internet service,No internet service,One year,Yes,Credit card (automatic),20.55,No,61
3714-JTVOV,Female,1,Yes,No,Yes,No,Fiber optic,Yes,No,No,No,No,No,Month-to-month,Yes,Credit card (automatic),74.15,Yes,42
3714-XPXBW,Female,0,No,No,Yes,Yes,DSL,Yes,Yes,Yes,Yes,Yes,No,Month-to-month,Yes,Credit card (automatic),78.9,No,37
3716-BDVDB,Male,0,No,No,Yes,No,Fiber optic,No,No,No,No,No,No,Month-to-month,Yes,Electronic check,69.1,Yes,1
3716-LRGXK,Male,0,Yes,No,Yes,Yes,Fiber optic,No,No,Yes,No,Yes,Yes,Two year,No,Credit card (automatic),101.15,No,60
3716-UVSPD,Male,0,No,No,Yes,No,DSL,No,No,No,Yes,No,No,Month-to-month,Yes,Electronic check,49.3,No,1
3717-LNXKW,Male,0,Yes,No,Yes,Yes,Fiber optic,Yes,No,No,No,Yes,No,Month-to-month,No,Bank transfer (automatic),91.7,No,38
3717-OEAUQ,Male,0,No,No,Yes,No,Fiber optic,No,No,No,No,No,No,Month-to-month,No,Mailed check,70.7,No,2
3717-OFRTN,Male,0,No,No,Yes,No,No,No internet service,No internet service,No internet service,No internet service,No internet service,No internet service,Month-to-month,No,Bank transfer (automatic),19.75,No,1
3719-TDVQB,Female,1,Yes,No,Yes,No,No,No internet service,No internet service,No internet service,No internet service,No internet service,No internet service,Two year,Yes,Mailed check,18.95,No,54
3720-DBRWL,Male,0,Yes,No,Yes,No,DSL,Yes,Yes,Yes,Yes,Yes,Yes,Two year,Yes,Credit card (automatic),83.85,No,51
3721-CNEYS,Female,0,No,No,Yes,No,Fiber optic,No,No,No,No,No,No,Month-to-month,Yes,Electronic check,70.95,Yes,2
3722-WPXTK,Male,0,No,No,Yes,No,Fiber optic,No,No,No,No,Yes,Yes,Month-to-month,Yes,Electronic check,88.35,Yes,1
3723-BFBGR,Male,1,No,No,Yes,Yes,DSL,No,Yes,No,No,No,No,Month-to-month,No,Credit card (automatic),54.8,No,24
3724-BSCVH,Male,0,Yes,Yes,Yes,No,No,No internet service,No internet service,No internet service,No internet service,No internet service,No internet service,One year,No,Mailed check,20.45,No,10
3726-TBHQT,Male,0,Yes,Yes,Yes,Yes,Fiber optic,Yes,Yes,Yes,Yes,Yes,Yes,Two year,Yes,Bank transfer (automatic),114.0,No,71
3727-JEZTU,Female,0,No,No,Yes,No,No,No internet service,No internet service,No internet service,No internet service,No internet service,No internet service,Month-to-month,No,Mailed check,20.4,No,1
3727-OWVYD,Male,0,No,No,Yes,No,DSL,Yes,Yes,Yes,No,No,No,One year,No,Mailed check,61.2,No,35
3727-RJMEO,Male,0,Yes,No,Yes,Yes,Fiber optic,No,No,No,No,Yes,No,Month-to-month,Yes,Electronic check,82.85,Yes,6
3729-OWRVL,Male,1,No,No,Yes,Yes,Fiber optic,Yes,No,Yes,Yes,Yes,Yes,Two year,Yes,Electronic check,110.35,No,65
3733-LSYCE,Female,0,Yes,No,Yes,No,Fiber optic,No,Yes,No,No,No,No,Month-to-month,No,Bank transfer (automatic),75.35,No,15
3733-UOCWF,Male,1,Yes,No,Yes,Yes,Fiber optic,No,Yes,No,Yes,No,No,One year,Yes,Bank transfer (automatic),85.55,No,61
3733-ZEECP,Male,0,Yes,Yes,Yes,No,DSL,No,No,No,Yes,No,No,Month-to-month,Yes,Electronic check,51.1,No,22
3736-BLEPA,Male,0,No,No,Yes,No,Fiber optic,No,Yes,No,Yes,Yes,No,One year,Yes,Bank transfer (automatic),91.25,No,28
3737-GCSPV,Female,0,Yes,No,Yes,Yes,Fiber optic,Yes,No,No,Yes,Yes,No,Month-to-month,Yes,Credit card (automatic),96.2,Yes,11
3737-XBQDD,Male,0,No,No,Yes,Yes,Fiber optic,No,Yes,Yes,No,No,No,Month-to-month,Yes,Bank transfer (automatic),84.85,No,24
3739-YBWAB,Male,0,Yes,No,No,No phone service,DSL,Yes,No,Yes,No,No,No,One year,No,Mailed check,35.35,No,36
3740-RLMVT,Male,1,Yes,No,Yes,No,DSL,Yes,Yes,No,Yes,No,No,One year,Yes,Bank transfer (automatic),60.95,No,67
3744-ZBHON,Female,0,No,No,Yes,No,No,No internet service,No internet service,No internet service,No internet service,No internet service,No internet service,Month-to-month,No,Electronic check,20.2,No,3
3744-ZRRDZ,Male,0,No,No,Yes,Yes,Fiber optic,No,Yes,No,No,No,No,Month-to-month,Yes,Electronic check,82.35,Yes,21
3745-HRPHI,Male,0,Yes,Yes,No,No phone service,DSL,No,No,Yes,Yes,Yes,Yes,Two year,No,Bank transfer (automatic),54.65,No,66
3746-EUBYR,Male,0,Yes,No,Yes,Yes,Fiber optic,No,No,No,No,No,No,Month-to-month,Yes,Bank transfer (automatic),74.6,Yes,1
3748-FVMZZ,Male,0,No,No,No,No phone service,DSL,No,No,No,Yes,No,Yes,Month-to-month,Yes,Electronic check,40.05,No,4
3750-RNQKR,Female,0,No,No,Yes,No,No,No internet service,No internet service,No internet service,No internet service,No internet service,No internet service,Month-to-month,No,Mailed check,19.45,No,12
3752-CQSJI,Female,0,Yes,Yes,Yes,No,No,No internet service,No internet service,No internet service,No internet service,No internet service,No internet service,Month-to-month,Yes,Mailed check,20.45,No,13
3755-JBMNH,Male,1,Yes,No,Yes,No,Fiber optic,No,No,No,No,No,No,Month-to-month,Yes,Bank transfer (automatic),71.8,Yes,16
3756-VNWDH,Male,1,Yes,No,Yes,Yes,Fiber optic,Yes,No,No,No,Yes,Yes,One year,Yes,Electronic check,100.75,No,65
3757-NJYBX,Male,1,Yes,No,Yes,Yes,Fiber optic,No,Yes,Yes,No,Yes,Yes,Month-to-month,No,Bank transfer (automatic),106.35,Yes,32
3761-FLYZI,Female,1,Yes,No,Yes,Yes,Fiber optic,No,Yes,Yes,No,Yes,Yes,Month-to-month,Yes,Bank transfer (automatic),108.8,No,65
3765-JXVKY,Female,0,No,No,Yes,No,Fiber optic,No,Yes,No,No,No,No,Month-to-month,Yes,Electronic check,74.7,Yes,1
3766-EJLFL,Female,0,Yes,Yes,Yes,Yes,Fiber optic,Yes,No,Yes,Yes,Yes,Yes,Two year,Yes,Bank transfer (automatic),109.05,No,68
3768-NLUBH,Male,1,Yes,No,Yes,Yes,Fiber optic,No,No,Yes,No,Yes,Yes,Month-to-month,No,Electronic check,100.6,Yes,57
3768-VHXQO,Male,0,Yes,No,Yes,Yes,No,No internet service,No internet service,No internet service,No internet service,No internet service,No internet service,Two year,No,Credit card (automatic),24.85,No,67
3769-MHZNV,Female,0,Yes,Yes,Yes,No,No,No internet service,No internet service,No internet service,No internet service,No internet service,No internet service,Two year,No,Mailed check,20.1,No,33
3774-VBNXY,Female,0,Yes,Yes,Yes,No,No,No internet service,No internet service,No internet service,No internet service,No internet service,No internet service,Two year,No,Mailed check,20.2,No,64
3776-EKTKM,Female,1,No,No,No,No phone service,DSL,No,No,No,No,Yes,No,Month-to-month,Yes,Electronic check,36.45,Yes,1
3777-XROBG,Female,0,Yes,Yes,Yes,No,No,No internet service,No internet service,No internet service,No internet service,No internet service,No internet service,Two year,No,Credit card (automatic),19.55,No,58
3779-OSWCF,Female,0,Yes,No,Yes,Yes,DSL,Yes,Yes,Yes,Yes,Yes,Yes,Two year,No,Credit card (automatic),93.2,No,71
3780-DDGSE,Male,1,Yes,Yes,Yes,No,DSL,No,Yes,No,Yes,Yes,Yes,Month-to-month,Yes,Electronic check,76.05,No,35
3780-YVMFA,Female,0,Yes,Yes,Yes,No,DSL,No,No,No,Yes,Yes,Yes,Month-to-month,Yes,Electronic check,68.55,No,8
3785-KTYSH,Male,0,No,No,Yes,Yes,No,No internet service,No internet service,No internet service,No internet service,No internet service,No internet service,Two year,No,Mailed check,24.6,No,53
3785-NRHYR,Male,0,No,No,Yes,No,No,No internet service,No internet service,No internet service,No internet service,No internet service,No internet service,Month-to-month,No,Mailed check,19.65,No,1
3787-TRIAL,Male,0,Yes,Yes,No,No phone service,DSL,No,No,No,No,No,No,Month-to-month,Yes,Electronic check,26.05,No,21
3791-LGQCY,Female,1,Yes,No,Yes,Yes,Fiber optic,No,No,Yes,No,Yes,Yes,Month-to-month,Yes,Bank transfer (automatic),100.65,Yes,56
3793-MMFUH,Female,1,No,No,Yes,Yes,Fiber optic,No,No,No,No,Yes,Yes,Month-to-month,Yes,Electronic check,95.05,Yes,13
3794-NFNCH,Male,0,Yes,No,Yes,No,DSL,No,No,Yes,No,No,No,Month-to-month,Yes,Mailed check,50.0,No,30
3795-CAWEX,Male,0,Yes,Yes,Yes,Yes,Fiber optic,Yes,Yes,Yes,Yes,Yes,Yes,Two year,Yes,Credit card (automatic),116.55,No,70
3795-GWTRD,Female,0,Yes,Yes,Yes,No,DSL,Yes,Yes,Yes,Yes,Yes,No,Two year,No,Credit card (automatic),75.55,No,63
3797-FKOGQ,Male,0,No,Yes,Yes,Yes,Fiber optic,No,No,No,No,No,Yes,Month-to-month,No,Electronic check,86.2,No,11
3797-VTIDR,Male,0,Yes,No,No,No phone service,DSL,No,No,No,No,No,No,Month-to-month,Yes,Electronic check,23.45,Yes,1
3798-EPWRR,Female,1,No,No,Yes,No,DSL,No,No,No,No,No,No,Month-to-month,No,Electronic check,43.95,No,2
3799-ISUZQ,Male,0,Yes,Yes,Yes,No,Fiber optic,No,No,No,No,No,No,Month-to-month,Yes,Bank transfer (automatic),69.95,Yes,7
3800-LYTRK,Female,0,No,No,Yes,No,DSL,Yes,No,No,Yes,No,No,One year,No,Mailed check,55.7,No,14
3801-HMYNL,Male,0,Yes,Yes,Yes,No,Fiber optic,No,No,No,No,Yes,Yes,Month-to-month,No,Mailed check,89.15,Yes,1
3803-KMQFW,Female,0,Yes,Yes,Yes,No,No,No internet service,No internet service,No internet service,No internet service,No internet service,No internet service,Month-to-month,No,Mailed check,20.55,Yes,1
3804-RVTGV,Male,0,Yes,Yes,Yes,Yes,Fiber optic,No,Yes,Yes,No,Yes,Yes,Month-to-month,Yes,Bank transfer (automatic),103.85,Yes,50
3806-DXQOM,Female,0,No,No,No,No phone service,DSL,Yes,Yes,No,No,No,No,Month-to-month,Yes,Electronic check,33.65,Yes,4
3806-YAZOV,Female,0,No,No,Yes,No,No,No internet service,No internet service,No internet service,No internet service,No internet service,No internet service,Month-to-month,No,Mailed check,18.8,No,3
3807-BPOMJ,Female,0,Yes,No,Yes,No,Fiber optic,Yes,No,No,No,Yes,Yes,One year,Yes,Electronic check,94.75,No,55
3807-XHCJH,Female,0,Yes,Yes,Yes,No,No,No internet service,No internet service,No internet service,No internet service,No internet service,No internet service,Month-to-month,No,Electronic check,20.0,No,1
3808-HFKDE,Female,0,No,No,Yes,No,DSL,No,No,No,No,No,No,Month-to-month,Yes,Electronic check,44.35,No,20
3810-DVDQQ,Female,0,Yes,Yes,Yes,Yes,Fiber optic,Yes,Yes,Yes,Yes,Yes,Yes,Two year,Yes,Bank transfer (automatic),117.6,No,72
3810-PJUHR,Male,0,Yes,Yes,Yes,Yes,No,No internet service,No internet service,No internet service,No internet service,No internet service,No internet service,Two year,No,Mailed check,25.35,No,70
3811-VBYBZ,Male,0,No,No,Yes,Yes,Fiber optic,No,Yes,No,No,Yes,Yes,Month-to-month,Yes,Electronic check,99.8,Yes,7
3813-DHBBB,Male,0,Yes,No,No,No phone service,DSL,Yes,Yes,No,Yes,No,Yes,Two year,Yes,Bank transfer (automatic),50.95,No,67
3814-MLAXC,Female,0,No,No,Yes,Yes,Fiber optic,No,No,No,Yes,No,No,Month-to-month,Yes,Credit card (automatic),79.85,Yes,31
3815-SLMEF,Female,0,No,No,No,No phone service,DSL,Yes,No,No,Yes,No,No,Month-to-month,No,Mailed check,34.25,Yes,3
3823-KYNQY,Male,0,No,No,Yes,Yes,No,No internet service,No internet service,No internet service,No internet service,No internet service,No internet service,One year,No,Credit card (automatic),24.95,No,12
3831-YCPUO,Female,0,Yes,Yes,Yes,No,Fiber optic,Yes,Yes,Yes,Yes,Yes,Yes,Two year,Yes,Credit card (automatic),109.5,No,72
3834-XUIFC,Male,0,No,No,Yes,Yes,Fiber optic,No,No,No,No,No,Yes,Month-to-month,Yes,Mailed check,85.2,Yes,7
3836-FZSDJ,Male,1,Yes,No,Yes,Yes,No,No internet service,No internet service,No internet service,No internet service,No internet service,No internet service,Two year,No,Bank transfer (automatic),24.85,No,71
3841-CONLJ,Female,0,Yes,No,No,No phone service,DSL,No,No,No,No,No,Yes,Month-to-month,No,Electronic check,35.0,No,1
3841-NFECX,Female,1,Yes,No,Yes,Yes,Fiber optic,Yes,Yes,Yes,Yes,No,No,Two year,Yes,Credit card (automatic),96.35,No,71
3842-QTGDL,Male,0,Yes,No,Yes,No,Fiber optic,Yes,Yes,No,No,No,No,Month-to-month,No,Bank transfer (automatic),80.75,No,16
3847-BAERP,Female,0,No,No,Yes,No,No,No internet service,No internet service,No internet service,No internet service,No internet service,No internet service,Month-to-month,Yes,Mailed check,20.9,No,10
3850-OKINF,Male,0,Yes,Yes,Yes,Yes,DSL,Yes,No,No,No,Yes,No,One year,Yes,Electronic check,66.2,No,71
3855-ONCAR,Female,0,Yes,Yes,Yes,No,Fiber optic,No,No,No,No,Yes,No,Month-to-month,Yes,Mailed check,78.9,No,4
3858-VOBET,Male,0,No,No,Yes,Yes,Fiber optic,No,No,No,No,No,No,Month-to-month,Yes,Electronic check,74.95,Yes,23
3858-XHYJO,Female,0,Yes,No,Yes,Yes,Fiber optic,Yes,No,Yes,No,Yes,Yes,One year,No,Bank transfer (automatic),105.75,No,40
3859-CVCET,Female,0,No,No,Yes,No,DSL,No,No,No,No,No,No,Month-to-month,No,Mailed check,45.65,Yes,4
3863-QSTYI,Male,0,No,No,Yes,No,DSL,No,No,Yes,Yes,Yes,No,Month-to-month,Yes,Electronic check,64.65,No,59
3865-QBWSJ,Male,1,No,Yes,Yes,Yes,Fiber optic,Yes,No,No,No,No,No,Month-to-month,Yes,Mailed check,80.45,No,38
3865-YIOTT,Male,0,Yes,Yes,Yes,Yes,Fiber optic,Yes,No,Yes,No,Yes,Yes,One year,Yes,Bank transfer (automatic),106.1,No,72
3865-ZFZIB,Male,0,No,No,Yes,No,No,No internet service,No internet service,No internet service,No internet service,No internet service,No internet service,Two year,No,Mailed check,19.65,No,19
3866-MDTUB,Female,0,No,No,Yes,No,DSL,Yes,No,No,No,Yes,Yes,Month-to-month,Yes,Electronic check,70.75,Yes,2
3870-MQAMG,Female,0,Yes,No,Yes,Yes,Fiber optic,No,Yes,Yes,Yes,Yes,Yes,One year,No,Electronic check,110.35,Yes,54
3870-SPZSI,Female,0,Yes,Yes,Yes,Yes,Fiber optic,Yes,Yes,Yes,Yes,Yes,Yes,Two year,Yes,Credit card (automatic),113.05,No,70
3871-IKPYH,Male,1,No,No,Yes,No,Fiber optic,No,No,No,No,No,No,Month-to-month,No,Electronic check,69.1,Yes,1
3874-EQOEP,Male,0,No,No,Yes,Yes,Fiber optic,No,No,No,No,Yes,Yes,Month-to-month,No,Mailed check,95.0,Yes,7
3877-JRJIP,Male,0,No,No,Yes,Yes,DSL,No,No,No,No,Yes,No,Month-to-month,Yes,Electronic check,59.85,Yes,1
3878-AVSOQ,Female,1,No,No,Yes,No,Fiber optic,No,No,No,No,No,No,Month-to-month,Yes,Electronic check,71.25,No,1
3882-IYOIJ,Female,0,Yes,Yes,Yes,Yes,Fiber optic,Yes,Yes,Yes,Yes,Yes,Yes,Two year,No,Credit card (automatic),115.25,No,60
3884-HCSWG,Female,0,No,No,Yes,No,Fiber optic,No,No,No,No,No,No,Month-to-month,Yes,Electronic check,70.0,Yes,17
3886-CERTZ,Female,0,Yes,No,Yes,Yes,Fiber optic,No,Yes,Yes,Yes,Yes,Yes,One year,Yes,Electronic check,109.25,Yes,72
3887-PBQAO,Female,0,Yes,Yes,Yes,Yes,No,No internet service,No internet service,No internet service,No internet service,No internet service,No internet service,One year,Yes,Credit card (automatic),25.9,No,45
3889-VWBID,Male,0,Yes,Yes,Yes,No,DSL,Yes,Yes,No,Yes,Yes,Yes,Two year,No,Bank transfer (automatic),82.85,No,68
3890-RTCMS,Male,0,No,No,Yes,No,DSL,No,No,No,Yes,No,No,Month-to-month,Yes,Mailed check,49.45,No,16
3891-NLXJB,Male,0,No,No,No,No phone service,DSL,Yes,Yes,No,Yes,No,No,Two year,Yes,Mailed check,40.55,No,37
3891-PUQOD,Female,0,No,Yes,Yes,No,DSL,No,No,Yes,No,No,Yes,Month-to-month,No,Electronic check,59.2,Yes,1
3892-NXAZG,Male,0,Yes,Yes,Yes,Yes,Fiber optic,Yes,Yes,Yes,Yes,Yes,Yes,Two year,Yes,Credit card (automatic),114.05,No,72
3893-JRNFS,Male,0,No,No,No,No phone service,DSL,No,No,Yes,No,No,Yes,Month-to-month,Yes,Bank transfer (automatic),39.9,No,68
3896-ZVNET,Female,0,Yes,Yes,Yes,Yes,No,No internet service,No internet service,No internet service,No internet service,No internet service,No internet service,Two year,No,Mailed check,24.7,No,24
3898-BSJYF,Female,0,No,Yes,Yes,Yes,DSL,Yes,No,Yes,Yes,No,Yes,One year,No,Credit card (automatic),73.55,No,10
3898-GUYTS,Female,1,No,No,Yes,Yes,Fiber optic,Yes,Yes,No,Yes,Yes,No,Month-to-month,Yes,Electronic check,97.05,No,45
3900-AQPHZ,Female,0,No,No,Yes,No,No,No internet service,No internet service,No internet service,No internet service,No internet service,No internet service,Month-to-month,No,Mailed check,19.9,Yes,1
3902-FOIGH,Male,1,Yes,No,Yes,Yes,Fiber optic,No,Yes,No,No,Yes,Yes,Month-to-month,Yes,Electronic check,101.35,Yes,12
3902-MIVLE,Male,0,Yes,Yes,Yes,Yes,DSL,Yes,No,Yes,Yes,No,Yes,Two year,No,Mailed check,75.7,No,63
3904-UKFRE,Male,0,No,No,Yes,Yes,Fiber optic,Yes,No,No,No,No,No,Month-to-month,Yes,Electronic check,80.1,No,4
3908-BLSYF,Female,0,No,No,Yes,No,Fiber optic,No,No,Yes,No,No,Yes,Month-to-month,No,Electronic check,83.9,Yes,6
3908-MKIMJ,Male,1,Yes,No,No,No phone service,DSL,Yes,Yes,Yes,No,No,No,Two year,Yes,Electronic check,41.95,No,68
3910-MRQOY,Female,0,Yes,No,Yes,No,No,No internet service,No internet service,No internet service,No internet service,No internet service,No internet service,Two year,No,Bank transfer (automatic),19.4,No,72
3911-RSNHI,Female,0,Yes,No,No,No phone service,DSL,No,Yes,Yes,Yes,Yes,Yes,Two year,Yes,Credit card (automatic),61.4,No,71
3913-FCUUW,Female,0,Yes,Yes,Yes,Yes,DSL,Yes,Yes,Yes,Yes,No,No,Two year,Yes,Bank transfer (automatic),70.45,No,72
3913-RDSJZ,Female,0,Yes,No,Yes,Yes,No,No internet service,No internet service,No internet service,No internet service,No internet service,No internet service,Two year,No,Mailed check,25.55,No,64
3914-FDRHP,Male,0,No,No,Yes,No,Fiber optic,No,No,No,Yes,Yes,No,Month-to-month,No,Electronic check,86.25,No,9
3915-ODIYG,Male,1,No,No,Yes,Yes,DSL,Yes,Yes,No,No,No,Yes,One year,Yes,Electronic check,71.75,No,60
3920-HIHMQ,Female,0,No,Yes,Yes,Yes,DSL,No,No,No,No,No,No,Month-to-month,Yes,Mailed check,49.5,No,26
3923-CSIHK,Female,1,Yes,No,Yes,No,Fiber optic,No,No,No,No,No,No,Month-to-month,Yes,Electronic check,71.05,Yes,50
3926-CUQZX,Male,0,No,No,Yes,No,DSL,No,No,No,No,No,No,Month-to-month,Yes,Bank transfer (automatic),45.1,Yes,1
3926-YZVVX,Female,0,No,No,Yes,No,DSL,No,No,No,Yes,No,No,One year,No,Bank transfer (automatic),50.05,No,41
3927-NLNRY,Male,0,Yes,No,Yes,No,Fiber optic,No,Yes,No,No,Yes,Yes,One year,Yes,Bank transfer (automatic),94.25,Yes,53
3930-ZGWVE,Male,0,No,No,Yes,No,No,No internet service,No internet service,No internet service,No internet service,No internet service,No internet service,Month-to-month,No,Mailed check,19.75,No,1
3932-CMDTD,Female,0,No,No,Yes,No,Fiber optic,No,Yes,Yes,Yes,Yes,Yes,One year,Yes,Electronic check,105.65,Yes,4
3933-DQPWX,Female,0,No,No,No,No phone service,DSL,No,Yes,Yes,Yes,No,No,Two year,No,Credit card (automatic),39.7,No,50
3934-HXCFZ,Male,0,Yes,No,Yes,Yes,Fiber optic,Yes,Yes,Yes,No,Yes,No,Month-to-month,Yes,Electronic check,99.25,Yes,23
3935-TBRZZ,Male,0,Yes,Yes,Yes,Yes,No,No internet service,No internet service,No internet service,No internet service,No internet service,No internet service,One year,No,Mailed check,25.7,No,44
3936-QQFLL,Male,0,No,No,Yes,No,No,No internet service,No internet service,No internet service,No internet service,No internet service,No internet service,Month-to-month,No,Mailed check,19.75,No,2
3938-YFPXD,Male,0,No,No,Yes,Yes,DSL,Yes,No,Yes,Yes,Yes,Yes,Two year,No,Credit card (automatic),84.3,No,72
3941-XTSKM,Male,0,Yes,Yes,No,No phone service,DSL,No,Yes,Yes,No,No,Yes,One year,Yes,Credit card (automatic),45.1,No,42
3943-KDREE,Female,0,No,No,Yes,Yes,Fiber optic,No,No,No,No,No,No,Month-to-month,Yes,Bank transfer (automatic),74.95,Yes,26
3945-GFWQL,Female,0,No,Yes,Yes,No,DSL,No,No,No,No,No,No,Month-to-month,Yes,Electronic check,44.55,Yes,12
3946-JEWRQ,Male,0,Yes,No,Yes,Yes,Fiber optic,No,No,No,No,Yes,Yes,One year,Yes,Credit card (automatic),95.2,No,47
3946-MHCZW,Male,0,No,No,Yes,No,DSL,No,No,Yes,No,No,No,Month-to-month,No,Mailed check,50.9,Yes,1
3948-FVVRP,Male,0,Yes,Yes,Yes,No,DSL,No,Yes,No,Yes,No,No,Month-to-month,No,Mailed check,54.8,No,9
3948-KXDUF,Male,0,No,No,Yes,Yes,DSL,Yes,Yes,Yes,Yes,No,No,Two year,No,Bank transfer (automatic),68.75,No,66
3948-XHGNA,Male,0,No,No,Yes,No,DSL,Yes,No,No,No,No,No,Month-to-month,Yes,Bank transfer (automatic),49.55,Yes,24
3950-VPYJB,Male,0,Yes,Yes,Yes,No,DSL,Yes,Yes,No,Yes,No,No,One year,No,Mailed check,59.6,No,57
3956-MGXOG,Female,0,No,No,Yes,No,Fiber optic,No,No,No,No,No,Yes,Month-to-month,Yes,Electronic check,80.6,No,28
3957-HHLMR,Female,0,Yes,Yes,Yes,Yes,DSL,Yes,No,No,No,No,Yes,One year,No,Bank transfer (automatic),65.2,No,70
3957-LXOLK,Female,1,No,No,Yes,Yes,Fiber optic,No,Yes,Yes,No,Yes,Yes,Month-to-month,Yes,Electronic check,106.15,Yes,28
3957-SQXML,Female,0,Yes,Yes,Yes,Yes,No,No internet service,No internet service,No internet service,No internet service,No internet service,No internet service,Two year,No,Credit card (automatic),24.95,No,34
3961-SXAXY,Male,0,No,No,Yes,No,DSL,No,No,No,No,No,No,Month-to-month,Yes,Bank transfer (automatic),44.05,No,1
3963-RYFNS,Female,0,No,No,Yes,Yes,Fiber optic,Yes,Yes,Yes,Yes,Yes,Yes,Two year,Yes,Bank transfer (automatic),116.45,No,72
3966-HRMZA,Female,1,No,No,Yes,No,Fiber optic,No,No,Yes,No,No,No,Month-to-month,No,Mailed check,75.05,No,3
3967-KXAPS,Male,0,Yes,No,Yes,Yes,DSL,Yes,Yes,Yes,Yes,Yes,Yes,Two year,No,Credit card (automatic),92.3,No,72
3967-VQOGC,Female,0,Yes,Yes,Yes,Yes,No,No internet service,No internet service,No internet service,No internet service,No internet service,No internet service,Two year,Yes,Mailed check,24.9,No,67
3969-GYXEL,Female,0,No,No,Yes,No,Fiber optic,Yes,No,No,No,No,No,Month-to-month,No,Electronic check,76.4,No,11
3969-JQABI,Female,0,Yes,No,Yes,No,DSL,Yes,Yes,No,No,Yes,No,Month-to-month,Yes,Credit card (automatic),65.25,No,58
3970-XGJDU,Female,0,No,No,Yes,No,No,No internet service,No internet service,No internet service,No internet service,No internet service,No internet service,Two year,Yes,Credit card (automatic),19.2,No,62
3973-SKMLN,Male,0,No,No,Yes,No,No,No internet service,No internet service,No internet service,No internet service,No internet service,No internet service,Two year,Yes,Credit card (automatic),19.9,No,71
3976-BWUCK,Female,0,Yes,No,Yes,Yes,Fiber optic,No,Yes,No,Yes,Yes,No,Month-to-month,Yes,Credit card (automatic),94.1,Yes,30
3976-NLDEZ,Male,0,No,No,Yes,No,No,No internet service,No internet service,No internet service,No internet service,No internet service,No internet service,Month-to-month,No,Mailed check,20.6,No,1
3977-QCRSL,Female,0,No,No,Yes,No,No,No internet service,No internet service,No internet service,No internet service,No internet service,No internet service,Month-to-month,No,Mailed check,20.15,No,5
3978-YNKDD,Male,0,No,Yes,Yes,No,No,No internet service,No internet service,No internet service,No internet service,No internet service,No internet service,Two year,No,Credit card (automatic),20.85,No,19
3981-QSVQI,Male,0,No,No,Yes,No,No,No internet service,No internet service,No internet service,No internet service,No internet service,No internet service,Month-to-month,Yes,Bank transfer (automatic),19.7,No,8
3982-JGSFD,Male,0,No,No,Yes,No,No,No internet service,No internet service,No internet service,No internet service,No internet service,No internet service,One year,Yes,Credit card (automatic),20.35,No,36
3982-XWFZQ,Female,0,Yes,No,Yes,Yes,DSL,No,No,No,No,No,No,Month-to-month,Yes,Electronic check,50.25,Yes,42
3992-YWPKO,Female,0,No,No,Yes,Yes,Fiber optic,No,Yes,Yes,Yes,Yes,Yes,Month-to-month,Yes,Credit card (automatic),109.9,Yes,6
3995-WFCSM,Female,0,No,No,Yes,No,DSL,No,No,Yes,No,No,Yes,Month-to-month,No,Electronic check,60.85,No,2
3996-ZNWYK,Male,1,Yes,Yes,Yes,No,No,No internet service,No internet service,No internet service,No internet service,No internet service,No internet service,Two year,No,Credit card (automatic),19.8,No,71
3999-QGRJH,Male,1,No,No,Yes,No,Fiber optic,No,No,No,No,No,No,Month-to-month,Yes,Electronic check,69.7,Yes,8
4000-VGMQP,Male,0,Yes,Yes,Yes,Yes,DSL,No,Yes,Yes,No,Yes,Yes,One year,No,Credit card (automatic),78.95,No,38
4001-TSBTV,Female,0,Yes,Yes,Yes,No,Fiber optic,No,Yes,Yes,No,Yes,No,Month-to-month,Yes,Electronic check,91.55,No,58
4002-BQWPQ,Male,0,No,No,Yes,Yes,DSL,Yes,Yes,Yes,Yes,No,Yes,Month-to-month,No,Bank transfer (automatic),81.75,No,25
4003-FUSHP,Male,0,No,No,Yes,No,DSL,No,No,No,Yes,Yes,No,Month-to-month,Yes,Credit card (automatic),61.55,No,19
4003-OCTMP,Female,0,Yes,No,Yes,No,DSL,Yes,No,No,Yes,No,Yes,One year,Yes,Electronic check,64.0,No,31
4007-NHVHI,Female,1,No,No,Yes,Yes,Fiber optic,Yes,Yes,No,No,No,Yes,Month-to-month,Yes,Electronic check,96.85,No,56
4009-ALQFH,Female,0,No,No,Yes,No,Fiber optic,No,Yes,Yes,No,Yes,Yes,Month-to-month,Yes,Electronic check,99.5,Yes,25
4010-YLMVT,Female,0,No,No,Yes,Yes,Fiber optic,Yes,Yes,No,No,Yes,Yes,Month-to-month,Yes,Credit card (automatic),106.6,No,56
4011-ARPHK,Male,0,No,No,Yes,No,DSL,Yes,No,No,No,No,No,Month-to-month,No,Mailed check,50.35,No,27
4012-YCFAI,Male,0,Yes,No,Yes,No,DSL,Yes,Yes,No,Yes,No,No,Two year,Yes,Mailed check,61.35,No,60
4012-ZTHBR,Female,0,Yes,Yes,Yes,No,DSL,No,No,No,No,No,No,Month-to-month,Yes,Electronic check,44.95,No,21
4013-GUXND,Male,0,No,No,Yes,No,No,No internet service,No internet service,No internet service,No internet service,No internet service,No internet service,Month-to-month,No,Mailed check,20.8,No,1
4013-TLDHQ,Male,0,No,No,Yes,No,Fiber optic,No,Yes,Yes,No,No,No,Month-to-month,Yes,Electronic check,78.25,Yes,19
4013-UBXWQ,Female,0,No,No,Yes,Yes,DSL,No,No,No,Yes,Yes,Yes,Month-to-month,Yes,Electronic check,74.65,Yes,7
4018-KJYUY,Male,0,No,Yes,Yes,No,No,No internet service,No internet service,No internet service,No internet service,No internet service,No internet service,Month-to-month,No,Credit card (automatic),20.15,No,22
4018-PPNDW,Female,0,Yes,Yes,Yes,Yes,No,No internet service,No internet service,No internet service,No internet service,No internet service,No internet service,Two year,Yes,Mailed check,24.1,No,61
4021-RQSNY,Male,1,Yes,No,Yes,Yes,Fiber optic,No,No,Yes,No,Yes,Yes,Month-to-month,Yes,Electronic check,98.5,Yes,29
4023-RTIQM,Female,1,Yes,No,No,No phone service,DSL,Yes,Yes,Yes,No,No,Yes,One year,Yes,Credit card (automatic),50.4,No,31
4024-CSNBY,Female,0,Yes,No,Yes,Yes,Fiber optic,Yes,Yes,Yes,Yes,No,No,Two year,Yes,Bank transfer (automatic),94.25,No,72
4030-VPZBD,Female,0,No,No,No,No phone service,DSL,No,No,No,Yes,No,No,Month-to-month,Yes,Electronic check,30.9,Yes,2
4032-RMHCI,Female,0,Yes,Yes,No,No phone service,DSL,Yes,No,Yes,No,No,No,One year,No,Credit card (automatic),35.4,No,41
4039-HEUNW,Male,1,Yes,No,Yes,Yes,Fiber optic,No,Yes,No,No,Yes,Yes,Month-to-month,Yes,Electronic check,96.5,Yes,36
4039-PIMHX,Male,1,Yes,No,Yes,No,DSL,No,Yes,No,No,No,No,Two year,No,Mailed check,49.8,No,49
4043-MKDTV,Male,0,Yes,No,Yes,No,Fiber optic,No,Yes,Yes,Yes,Yes,Yes,Two year,Yes,Electronic check,105.25,No,71
4049-ZPALD,Female,0,Yes,No,Yes,No,Fiber optic,Yes,No,Yes,No,Yes,Yes,Two year,Yes,Bank transfer (automatic),99.0,No,64
4054-CUMIA,Female,0,Yes,Yes,Yes,No,No,No internet service,No internet service,No internet service,No internet service,No internet service,No internet service,Month-to-month,Yes,Mailed check,20.25,No,18
4056-QHXHZ,Female,0,Yes,Yes,Yes,Yes,Fiber optic,Yes,No,Yes,Yes,Yes,Yes,Two year,No,Mailed check,107.45,No,72
4057-FKCZK,Male,0,Yes,Yes,Yes,Yes,Fiber optic,No,No,No,No,Yes,No,Two year,No,Bank transfer (automatic),82.5,No,58
4059-IIEBK,Female,0,No,No,Yes,Yes,Fiber optic,No,Yes,No,No,No,No,Month-to-month,Yes,Bank transfer (automatic),78.55,No,7
4062-HBMOS,Male,0,No,No,Yes,Yes,Fiber optic,No,Yes,Yes,No,Yes,Yes,Month-to-month,Yes,Electronic check,103.05,No,52
4063-EIKNQ,Male,0,Yes,Yes,Yes,No,No,No internet service,No internet service,No internet service,No internet service,No internet service,No internet service,Month-to-month,No,Bank transfer (automatic),20.95,No,11
4065-JJAVA,Female,0,No,No,Yes,No,DSL,No,Yes,No,No,No,No,Month-to-month,No,Electronic check,49.5,No,1
4070-OKWVH,Female,0,Yes,No,Yes,Yes,Fiber optic,No,Yes,Yes,No,Yes,No,Month-to-month,No,Bank transfer (automatic),94.6,No,52
4072-IPYLT,Female,0,Yes,Yes,Yes,No,DSL,Yes,No,No,No,No,No,Month-to-month,No,Credit card (automatic),51.05,No,36
4074-SJFFA,Female,0,No,No,Yes,No,DSL,No,No,No,No,No,Yes,Month-to-month,Yes,Mailed check,54.75,Yes,1
4075-JFPGR,Female,0,Yes,No,Yes,No,Fiber optic,Yes,Yes,Yes,No,Yes,No,One year,Yes,Electronic check,93.5,No,51
4075-WKNIU,Female,0,Yes,Yes,Yes,Yes,DSL,No,Yes,Yes,Yes,Yes,No,Two year,No,Mailed check,73.35,No,0
4077-CROMM,Female,0,Yes,Yes,Yes,Yes,Fiber optic,No,No,Yes,Yes,Yes,Yes,Month-to-month,Yes,Electronic check,104.2,Yes,31
4077-HWUYD,Male,0,Yes,Yes,Yes,Yes,DSL,Yes,Yes,Yes,Yes,Yes,Yes,Two year,Yes,Bank transfer (automatic),87.55,No,72
4078-SAYYN,Female,0,No,No,Yes,Yes,Fiber optic,No,No,Yes,No,Yes,Yes,Month-to-month,Yes,Electronic check,100.75,Yes,11
4079-ULGFR,Male,0,No,No,Yes,No,No,No internet service,No internet service,No internet service,No internet service,No internet service,No internet service,Month-to-month,No,Mailed check,20.0,No,16
4079-VTGLK,Male,1,Yes,No,Yes,Yes,DSL,No,No,Yes,No,Yes,Yes,Two year,No,Electronic check,74.85,No,30
4080-OGPJL,Female,0,No,No,Yes,Yes,DSL,Yes,No,No,Yes,No,Yes,Month-to-month,No,Electronic check,71.15,Yes,8
4081-DYXAV,Female,0,No,No,No,No phone service,DSL,No,No,No,No,Yes,Yes,One year,Yes,Credit card (automatic),44.85,Yes,19
4083-BFNYK,Female,1,Yes,No,Yes,Yes,Fiber optic,Yes,Yes,No,No,No,Yes,One year,No,Credit card (automatic),95.0,No,38
4083-EUGRJ,Male,0,No,No,Yes,No,No,No internet service,No internet service,No internet service,No internet service,No internet service,No internet service,Month-to-month,No,Mailed check,20.25,Yes,9
4086-WITJG,Male,0,Yes,Yes,Yes,No,No,No internet service,No internet service,No internet service,No internet service,No internet service,No internet service,Two year,No,Credit card (automatic),19.7,No,71
4086-YQSNZ,Female,1,Yes,No,Yes,No,Fiber optic,No,No,No,No,Yes,No,Month-to-month,Yes,Electronic check,80.4,Yes,3
4088-YLDSU,Male,0,Yes,No,Yes,Yes,Fiber optic,No,No,Yes,Yes,Yes,Yes,One year,Yes,Electronic check,104.15,Yes,55
4090-KPJIP,Female,0,No,No,Yes,Yes,Fiber optic,No,No,No,No,No,No,Month-to-month,Yes,Electronic check,74.95,No,3
4091-TVOCN,Male,0,No,Yes,Yes,Yes,DSL,Yes,No,Yes,No,Yes,Yes,One year,Yes,Credit card (automatic),78.75,No,48
4092-OFQZS,Male,0,Yes,No,Yes,No,No,No internet service,No internet service,No internet service,No internet service,No internet service,No internet service,One year,No,Mailed check,20.65,No,20
4094-NSEDU,Female,1,No,No,Yes,Yes,Fiber optic,No,No,No,No,Yes,Yes,Month-to-month,Yes,Electronic check,94.25,Yes,21
4097-YODCF,Male,0,No,Yes,Yes,Yes,Fiber optic,Yes,Yes,No,No,Yes,Yes,One year,Yes,Electronic check,103.8,No,34
4102-HLENU,Female,0,Yes,No,Yes,Yes,DSL,Yes,Yes,Yes,No,No,No,Two year,No,Mailed check,65.65,No,67
4102-OQUPX,Male,1,Yes,No,Yes,Yes,Fiber optic,No,No,No,No,No,No,Month-to-month,Yes,Electronic check,74.4,Yes,1
4104-PVRPS,Male,0,Yes,No,Yes,No,DSL,Yes,No,No,Yes,No,No,Month-to-month,No,Mailed check,53.6,No,24
4106-HADHQ,Male,0,Yes,Yes,Yes,No,DSL,Yes,No,Yes,Yes,Yes,Yes,One year,No,Credit card (automatic),80.0,Yes,39
4110-PFEUZ,Female,0,No,No,Yes,No,Fiber optic,No,No,No,No,No,No,Month-to-month,No,Mailed check,69.55,Yes,1
4111-BNXIF,Female,0,Yes,Yes,No,No phone service,DSL,No,Yes,Yes,Yes,Yes,Yes,Two year,Yes,Electronic check,59.55,No,67
4112-LUEIZ,Male,0,No,No,Yes,No,Fiber optic,No,No,No,No,Yes,Yes,Month-to-month,Yes,Electronic check,89.5,Yes,10
4114-QMKVN,Female,0,Yes,Yes,Yes,Yes,DSL,Yes,Yes,No,No,No,Yes,One year,No,Bank transfer (automatic),68.75,No,56
4115-BNPJY,Male,0,Yes,Yes,Yes,No,DSL,No,No,Yes,Yes,Yes,Yes,Two year,No,Mailed check,75.55,No,29
4115-NZRKS,Female,1,No,No,Yes,No,Fiber optic,No,No,No,No,Yes,Yes,Month-to-month,Yes,Electronic check,89.15,No,7
4115-UMJFQ,Male,0,No,No,No,No phone service,DSL,No,Yes,Yes,No,No,No,One year,Yes,Bank transfer (automatic),35.75,No,69
4116-TZAQJ,Female,0,No,No,Yes,No,Fiber optic,Yes,No,No,No,No,No,Month-to-month,Yes,Credit card (automatic),74.25,Yes,9
4118-CEVPF,Female,1,No,No,Yes,Yes,Fiber optic,Yes,Yes,Yes,Yes,Yes,Yes,One year,Yes,Bank transfer (automatic),110.8,No,35
4119-ZYPZY,Male,1,No,No,Yes,Yes,Fiber optic,No,Yes,No,Yes,Yes,Yes,Two year,Yes,Electronic check,106.8,No,71
4121-AGSIN,Female,0,Yes,Yes,Yes,Yes,No,No internet service,No internet service,No internet service,No internet service,No internet service,No internet service,One year,Yes,Credit card (automatic),24.5,No,58
4123-DVHPH,Male,0,Yes,No,Yes,Yes,Fiber optic,Yes,No,No,No,No,Yes,Month-to-month,Yes,Electronic check,88.05,No,9
4123-FCVCB,Female,0,No,No,Yes,Yes,DSL,No,No,No,Yes,Yes,Yes,One year,Yes,Mailed check,75.85,No,12
4124-MMETB,Male,0,No,No,Yes,Yes,Fiber optic,No,No,No,No,Yes,Yes,Month-to-month,Yes,Credit card (automatic),94.65,Yes,22
4128-ETESU,Female,1,Yes,No,Yes,Yes,Fiber optic,No,No,Yes,No,Yes,Yes,Month-to-month,No,Electronic check,99.7,No,47
4129-LYCOI,Female,0,No,Yes,Yes,Yes,Fiber optic,No,Yes,No,Yes,Yes,Yes,Two year,Yes,Electronic check,104.0,No,67
4132-KALRO,Female,0,No,No,Yes,Yes,Fiber optic,No,No,No,Yes,Yes,Yes,Month-to-month,Yes,Mailed check,100.85,No,4
4132-POCZS,Male,0,Yes,No,No,No phone service,DSL,Yes,No,No,No,No,Yes,Month-to-month,Yes,Electronic check,39.9,No,52
4134-BSXLX,Male,0,Yes,No,Yes,No,DSL,Yes,Yes,No,Yes,No,No,Month-to-month,No,Mailed check,60.9,No,28
4135-FRWKJ,Female,1,Yes,Yes,Yes,Yes,DSL,Yes,No,Yes,Yes,Yes,No,One year,No,Electronic check,76.25,No,55
4137-JOPHL,Female,0,No,No,Yes,No,Fiber optic,No,No,Yes,Yes,No,Yes,Two year,Yes,Bank transfer (automatic),89.7,No,50
4138-NAXED,Male,0,No,No,Yes,Yes,Fiber optic,No,Yes,No,No,No,No,Month-to-month,No,Bank transfer (automatic),81.0,No,51
4139-JPIAM,Male,0,No,No,No,No phone service,DSL,Yes,No,No,Yes,No,Yes,Month-to-month,Yes,Credit card (automatic),44.45,No,51
4140-MUHUG,Female,1,No,No,Yes,No,Fiber optic,No,No,Yes,No,Yes,No,Month-to-month,Yes,Electronic check,86.85,Yes,3
4140-WJAWW,Female,0,No,No,Yes,No,No,No internet service,No internet service,No internet service,No internet service,No internet service,No internet service,Month-to-month,No,Credit card (automatic),19.85,Yes,5
4143-HHPMK,Male,0,No,No,Yes,No,Fiber optic,No,Yes,No,No,No,Yes,Month-to-month,Yes,Electronic check,85.35,Yes,52
4143-OOBWZ,Male,0,Yes,No,Yes,Yes,Fiber optic,No,Yes,No,No,No,No,Month-to-month,Yes,Electronic check,81.3,Yes,5
4145-UQXUQ,Female,1,No,No,Yes,No,Fiber optic,No,No,Yes,No,Yes,Yes,Month-to-month,Yes,Electronic check,92.1,Yes,8
4146-SVFUD,Male,0,No,No,Yes,No,DSL,No,No,No,No,No,No,Month-to-month,No,Mailed check,44.6,No,1
4159-NAAIX,Female,0,No,No,Yes,Yes,Fiber optic,No,Yes,No,No,Yes,Yes,Two year,No,Bank transfer (automatic),97.45,No,63
4160-AMJTL,Female,1,No,No,Yes,No,No,No internet service,No internet service,No internet service,No internet service,No internet service,No internet service,Month-to-month,No,Electronic check,19.65,Yes,8
4163-HFTUK,Male,0,No,No,Yes,No,No,No internet service,No internet service,No internet service,No internet service,No internet service,No internet service,One year,No,Electronic check,19.1,No,51
4163-KIUHY,Male,0,No,No,Yes,Yes,No,No internet service,No internet service,No internet service,No internet service,No internet service,No internet service,Month-to-month,Yes,Electronic check,25.6,No,35
4163-NCJAK,Female,0,Yes,No,Yes,Yes,No,No internet service,No internet service,No internet service,No internet service,No internet service,No internet service,One year,Yes,Bank transfer (automatic),24.45,No,46
4174-LPGTI,Female,0,Yes,Yes,Yes,No,DSL,No,Yes,No,Yes,No,Yes,One year,Yes,Bank transfer (automatic),66.5,Yes,41
4176-FXYBO,Male,0,Yes,No,Yes,Yes,Fiber optic,Yes,Yes,Yes,No,Yes,Yes,Month-to-month,No,Electronic check,109.55,No,54
4176-RELJR,Male,1,No,No,Yes,Yes,No,No internet service,No internet service,No internet service,No internet service,No internet service,No internet service,Two year,No,Credit card (automatic),25.1,No,67
4177-JPDFU,Male,0,No,No,No,No phone service,DSL,No,Yes,No,Yes,No,No,Month-to-month,No,Mailed check,34.0,No,12
4178-EGMON,Male,0,Yes,No,Yes,Yes,Fiber optic,Yes,Yes,No,Yes,No,No,Two year,Yes,Credit card (automatic),88.0,No,70
4182-BGSIQ,Female,0,Yes,Yes,Yes,No,No,No internet service,No internet service,No internet service,No internet service,No internet service,No internet service,Month-to-month,Yes,Bank transfer (automatic),19.8,No,10
4183-WCSEP,Male,0,No,No,Yes,No,Fiber optic,No,Yes,No,Yes,No,No,Month-to-month,Yes,Electronic check,78.45,Yes,31
4184-TJFAN,Female,1,Yes,Yes,Yes,No,Fiber optic,Yes,No,No,Yes,Yes,No,Month-to-month,Yes,Mailed check,88.3,Yes,3
4187-CINZD,Female,1,No,No,Yes,No,Fiber optic,No,Yes,No,No,Yes,Yes,One year,No,Credit card (automatic),95.25,Yes,46
4190-MFLUW,Female,0,Yes,Yes,Yes,No,DSL,No,No,Yes,Yes,No,No,Month-to-month,No,Credit card (automatic),55.2,Yes,10
4191-XOVOM,Male,0,No,No,Yes,Yes,Fiber optic,No,Yes,No,Yes,Yes,Yes,Month-to-month,No,Electronic check,105.4,No,63
4192-GORJT,Male,0,Yes,No,Yes,No,Fiber optic,No,No,Yes,No,Yes,Yes,Month-to-month,Yes,Electronic check,94.45,Yes,5
4193-ORFCL,Female,1,No,No,Yes,No,DSL,No,No,No,No,No,No,Month-to-month,No,Mailed check,45.1,Yes,1
4194-FJARJ,Female,0,Yes,Yes,Yes,Yes,DSL,Yes,No,No,Yes,No,No,Two year,No,Bank transfer (automatic),60.0,No,54
4195-NZGTA,Female,0,No,No,No,No phone service,DSL,No,No,No,No,No,No,Month-to-month,No,Electronic check,25.25,No,1
4195-PNGZS,Male,0,Yes,Yes,Yes,Yes,No,No internet service,No internet service,No internet service,No internet service,No internet service,No internet service,Two year,No,Bank transfer (automatic),24.45,No,69
4195-SMMNX,Male,0,No,No,Yes,No,No,No internet service,No internet service,No internet service,No internet service,No internet service,No internet service,Month-to-month,No,Mailed check,20.35,Yes,2
4198-VFOEA,Female,0,No,No,No,No phone service,DSL,Yes,No,No,Yes,No,No,One year,Yes,Mailed check,33.6,No,12
4203-QGNZA,Female,0,No,Yes,Yes,No,No,No internet service,No internet service,No internet service,No internet service,No internet service,No internet service,Month-to-month,No,Mailed check,20.25,No,28
4210-QFJMF,Female,0,No,No,Yes,No,Fiber optic,No,No,No,No,No,Yes,Month-to-month,Yes,Electronic check,79.15,Yes,4
4211-MMAZN,Male,0,No,No,Yes,No,No,No internet service,No internet service,No internet service,No internet service,No internet service,No internet service,Month-to-month,No,Mailed check,20.25,Yes,1
4213-HKBJO,Female,0,No,No,Yes,Yes,No,No internet service,No internet service,No internet service,No internet service,No internet service,No internet service,Two year,No,Credit card (automatic),25.7,No,33
4220-TINQT,Female,0,Yes,No,Yes,Yes,Fiber optic,No,No,Yes,Yes,Yes,Yes,Month-to-month,Yes,Electronic check,106.35,No,61
4223-BKEOR,Female,0,No,Yes,Yes,No,DSL,Yes,No,Yes,No,No,Yes,One year,No,Mailed check,64.85,No,21
4223-WOZCM,Male,1,No,No,Yes,No,DSL,No,No,Yes,No,No,No,Month-to-month,No,Mailed check,49.95,No,2
4226-KKDON,Male,0,No,No,Yes,No,DSL,No,Yes,No,Yes,Yes,No,Month-to-month,Yes,Electronic check,66.65,No,8
4227-OJHAL,Female,0,Yes,Yes,Yes,Yes,DSL,Yes,Yes,Yes,No,Yes,No,One year,Yes,Credit card (automatic),73.0,No,68
4228-ZGYUW,Male,0,No,No,Yes,Yes,Fiber optic,No,Yes,No,No,No,Yes,Month-to-month,Yes,Electronic check,90.05,Yes,4
4229-CZMLL,Male,0,No,No,Yes,Yes,Fiber optic,No,No,No,No,No,No,Month-to-month,Yes,Electronic check,74.9,Yes,6
4232-JGKIY,Male,0,No,No,Yes,No,No,No internet service,No internet service,No internet service,No internet service,No internet service,No internet service,Month-to-month,No,Electronic check,19.2,No,1
4234-XTNEA,Male,0,No,No,Yes,No,Fiber optic,No,No,No,No,Yes,No,Month-to-month,Yes,Electronic check,79.95,No,2
4236-UJPWO,Female,0,No,No,No,No phone service,DSL,No,No,No,No,No,No,Month-to-month,No,Electronic check,24.5,No,2
4236-XPXAV,Female,0,Yes,Yes,Yes,No,Fiber optic,No,Yes,No,Yes,Yes,Yes,Month-to-month,Yes,Mailed check,99.15,Yes,5
4237-CLSMM,Male,0,Yes,No,Yes,No,No,No internet service,No internet service,No internet service,No internet service,No internet service,No internet service,Month-to-month,No,Mailed check,20.0,No,2
4238-HFHSN,Male,1,Yes,No,Yes,Yes,Fiber optic,No,Yes,No,No,No,No,Month-to-month,Yes,Electronic check,82.15,No,61
4238-JSSWH,Female,1,Yes,No,Yes,Yes,Fiber optic,No,No,Yes,No,Yes,Yes,Month-to-month,No,Bank transfer (automatic),102.05,No,35
4248-HCETZ,Male,1,Yes,No,Yes,No,Fiber optic,No,Yes,Yes,No,No,No,Month-to-month,Yes,Mailed check,79.65,Yes,30
4248-QPAVC,Female,1,Yes,No,Yes,Yes,Fiber optic,Yes,No,Yes,No,No,No,Month-to-month,Yes,Bank transfer (automatic),85.35,Yes,17
4250-FDVOU,Female,0,No,No,Yes,No,DSL,Yes,Yes,No,No,No,No,Month-to-month,No,Electronic check,56.25,Yes,6
4250-WAROZ,Male,1,Yes,Yes,Yes,Yes,Fiber optic,Yes,Yes,No,No,No,Yes,Month-to-month,Yes,Electronic check,93.25,No,60
4250-ZBWLV,Male,0,No,No,Yes,Yes,Fiber optic,No,Yes,Yes,Yes,Yes,Yes,One year,No,Electronic check,108.45,Yes,68
4254-QPEDE,Female,0,Yes,No,No,No phone service,DSL,Yes,Yes,Yes,Yes,Yes,Yes,Two year,No,Credit card (automatic),66.25,No,52
4255-DDUOU,Female,0,Yes,Yes,Yes,No,No,No internet service,No internet service,No internet service,No internet service,No internet service,No internet service,Month-to-month,Yes,Mailed check,20.5,Yes,1
4257-GAESD,Female,0,No,No,No,No phone service,DSL,No,No,No,No,Yes,Yes,Month-to-month,No,Credit card (automatic),45.0,No,6
4274-DRSQT,Female,0,No,No,Yes,Yes,Fiber optic,No,Yes,No,No,Yes,No,One year,Yes,Bank transfer (automatic),88.9,No,66
4277-BWBML,Male,0,Yes,Yes,Yes,No,No,No internet service,No internet service,No internet service,No internet service,No internet service,No internet service,Two year,No,Bank transfer (automatic),19.95,No,72
4277-PVRAN,Female,0,No,No,Yes,No,Fiber optic,No,No,No,No,Yes,No,Month-to-month,Yes,Bank transfer (automatic),80.1,Yes,8
4277-UDIEF,Male,0,Yes,Yes,Yes,Yes,DSL,Yes,No,No,Yes,Yes,Yes,Month-to-month,No,Bank transfer (automatic),81.0,No,24
4280-DLSHD,Male,0,Yes,No,Yes,No,DSL,No,Yes,Yes,No,No,No,Month-to-month,Yes,Mailed check,54.75,No,8
4282-ACRXS,Male,1,Yes,No,No,No phone service,DSL,No,No,No,No,No,No,Month-to-month,Yes,Electronic check,24.85,No,38
4282-MSACW,Male,0,No,No,Yes,Yes,Fiber optic,Yes,Yes,Yes,Yes,Yes,Yes,One year,Yes,Credit card (automatic),117.2,No,68
4282-YMKNA,Female,0,No,No,Yes,Yes,Fiber optic,No,No,No,No,No,No,Month-to-month,Yes,Electronic check,74.75,Yes,9
4283-FUTGF,Male,1,No,No,Yes,Yes,Fiber optic,No,No,Yes,No,No,No,Month-to-month,Yes,Electronic check,79.85,Yes,19
4283-IVYCI,Male,0,No,No,Yes,No,DSL,Yes,No,No,Yes,No,Yes,Month-to-month,No,Mailed check,64.95,No,9
4285-GYRQC,Female,0,Yes,No,Yes,No,Fiber optic,No,No,Yes,No,Yes,No,Month-to-month,Yes,Electronic check,86.25,Yes,7
4289-DTDKW,Male,0,Yes,No,Yes,Yes,Fiber optic,No,Yes,No,No,Yes,Yes,Month-to-month,Yes,Electronic check,101.3,Yes,40
4290-BSXUX,Male,0,Yes,No,Yes,Yes,Fiber optic,No,No,No,Yes,No,No,Month-to-month,Yes,Bank transfer (automatic),79.65,Yes,3
4291-HYEBC,Female,1,Yes,Yes,No,No phone service,DSL,No,Yes,No,No,No,Yes,One year,Yes,Electronic check,39.1,No,28
4291-SHSBH,Male,0,No,No,Yes,No,Fiber optic,No,No,No,No,No,No,Month-to-month,Yes,Electronic check,69.55,No,7
4291-YZODP,Female,0,No,Yes,Yes,No,No,No internet service,No internet service,No internet service,No internet service,No internet service,No internet service,One year,No,Mailed check,20.05,No,7
4293-ETKAP,Female,0,Yes,Yes,Yes,Yes,DSL,No,Yes,No,Yes,Yes,Yes,Two year,Yes,Bank transfer (automatic),79.4,No,65
4295-YURET,Female,1,Yes,Yes,Yes,No,DSL,Yes,No,No,Yes,Yes,Yes,Two year,Yes,Credit card (automatic),72.6,No,56
4298-OYIFC,Male,0,Yes,No,Yes,Yes,Fiber optic,No,No,Yes,Yes,Yes,Yes,Month-to-month,Yes,Electronic check,103.45,No,15
4299-OPXEJ,Female,0,No,No,Yes,No,No,No internet service,No internet service,No internet service,No internet service,No internet service,No internet service,Two year,Yes,Bank transfer (automatic),19.55,No,56
4301-VVZKA,Male,0,Yes,No,Yes,Yes,Fiber optic,No,No,No,No,No,No,Month-to-month,Yes,Electronic check,75.4,No,16
4302-ZYFEL,Male,0,Yes,Yes,Yes,No,No,No internet service,No internet service,No internet service,No internet service,No internet service,No internet service,One year,Yes,Credit card (automatic),20.55,No,69
4304-TSPVK,Female,0,Yes,No,Yes,Yes,Fiber optic,Yes,Yes,Yes,Yes,Yes,Yes,Two year,No,Bank transfer (automatic),114.9,No,68
4307-KWMXE,Male,0,No,No,No,No phone service,DSL,No,Yes,No,Yes,No,No,Month-to-month,No,Electronic check,35.75,No,10
4312-GVYNH,Female,0,Yes,No,No,No phone service,DSL,Yes,No,Yes,Yes,No,Yes,Two year,Yes,Bank transfer (automatic),49.85,No,70
4312-KFRXN,Male,0,Yes,No,Yes,Yes,No,No internet service,No internet service,No internet service,No internet service,No internet service,No internet service,Two year,No,Mailed check,25.4,No,72
4315-MURBD,Female,0,No,No,Yes,No,Fiber optic,Yes,No,No,Yes,Yes,Yes,Month-to-month,Yes,Bank transfer (automatic),98.9,Yes,12
4316-XCSLJ,Male,0,No,Yes,Yes,No,DSL,Yes,No,No,No,No,No,Month-to-month,Yes,Mailed check,50.3,No,17
4318-RAJVY,Female,0,No,No,Yes,No,No,No internet service,No internet service,No internet service,No internet service,No internet service,No internet service,One year,Yes,Mailed check,19.8,No,10
4320-QMLLA,Male,0,No,No,Yes,No,DSL,No,No,No,No,Yes,No,Month-to-month,No,Mailed check,54.85,No,7
4322-RCYMT,Male,0,Yes,Yes,Yes,Yes,DSL,No,Yes,Yes,Yes,No,Yes,One year,Yes,Bank transfer (automatic),75.8,Yes,68
4323-ELYYB,Male,0,Yes,Yes,Yes,No,No,No internet service,No internet service,No internet service,No internet service,No internet service,No internet service,One year,No,Mailed check,20.0,No,13
4324-AHJKS,Female,0,No,No,Yes,No,DSL,Yes,No,Yes,No,No,No,Month-to-month,No,Credit card (automatic),55.8,No,5
4324-BZCKL,Female,0,Yes,Yes,Yes,No,DSL,No,Yes,Yes,No,No,No,Month-to-month,Yes,Mailed check,55.55,No,10
4329-YPDDQ,Male,0,No,No,Yes,No,Fiber optic,Yes,Yes,Yes,Yes,Yes,Yes,Month-to-month,Yes,Bank transfer (automatic),108.2,No,20
4332-MUOEZ,Male,1,Yes,Yes,Yes,No,Fiber optic,Yes,No,Yes,Yes,No,Yes,One year,No,Credit card (automatic),94.3,No,20
4334-HOWRP,Male,1,Yes,No,No,No phone service,DSL,Yes,Yes,Yes,Yes,Yes,Yes,Two year,Yes,Credit card (automatic),64.95,No,72
4335-UPJSI,Female,0,No,Yes,Yes,No,No,No internet service,No internet service,No internet service,No internet service,No internet service,No internet service,Two year,No,Mailed check,19.75,No,24
4342-HFXWS,Female,0,Yes,Yes,Yes,No,DSL,Yes,No,Yes,Yes,Yes,No,One year,No,Bank transfer (automatic),69.7,No,48
4343-EJVQB,Male,0,No,No,Yes,No,Fiber optic,Yes,No,No,No,No,No,Month-to-month,No,Mailed check,74.35,No,7
4349-GFQHK,Male,0,No,No,Yes,Yes,DSL,No,No,Yes,No,No,No,Month-to-month,No,Electronic check,54.35,Yes,1
4350-ZTLPI,Female,0,Yes,No,Yes,Yes,Fiber optic,No,Yes,Yes,Yes,Yes,Yes,One year,Yes,Bank transfer (automatic),108.95,No,53
4351-QLCSU,Female,0,No,No,Yes,No,DSL,No,No,No,No,Yes,No,Month-to-month,Yes,Credit card (automatic),55.0,Yes,1
4353-HYOJD,Female,0,Yes,Yes,Yes,No,DSL,No,Yes,No,No,No,No,Month-to-month,No,Mailed check,49.85,No,27
4355-CVPVS,Female,0,Yes,Yes,Yes,No,Fiber optic,No,No,No,No,Yes,Yes,One year,No,Bank transfer (automatic),88.9,No,56
4355-HBJHH,Male,0,Yes,Yes,Yes,Yes,DSL,Yes,No,Yes,No,Yes,Yes,Two year,Yes,Electronic check,79.7,Yes,67
4359-INNWN,Female,0,No,No,Yes,No,No,No internet service,No internet service,No internet service,No internet service,No internet service,No internet service,One year,No,Credit card (automatic),20.05,No,17
4360-PNRQB,Male,0,No,No,Yes,Yes,Fiber optic,No,No,No,No,No,No,Month-to-month,Yes,Bank transfer (automatic),75.6,No,18
4360-QRAVE,Male,1,No,No,No,No phone service,DSL,No,Yes,Yes,No,No,No,Month-to-month,No,Electronic check,36.65,No,37
4361-BKAXE,Female,0,No,No,Yes,Yes,Fiber optic,Yes,Yes,Yes,Yes,Yes,Yes,Month-to-month,Yes,Bank transfer (automatic),114.5,Yes,41
4361-FEBGN,Male,0,No,No,Yes,No,No,No internet service,No internet service,No internet service,No internet service,No internet service,No internet service,Two year,No,Credit card (automatic),20.15,No,48
4361-JEIVL,Male,0,No,Yes,Yes,No,DSL,No,No,No,No,No,No,Month-to-month,Yes,Electronic check,44.4,Yes,1
4365-MSDYN,Male,0,Yes,No,Yes,No,No,No internet service,No internet service,No internet service,No internet service,No internet service,No internet service,Month-to-month,Yes,Bank transfer (automatic),19.55,No,8
4366-CTOUZ,Female,0,No,No,Yes,No,Fiber optic,No,Yes,No,Yes,Yes,Yes,Two year,Yes,Mailed check,100.2,No,50
4367-NHWMM,Female,0,No,No,No,No phone service,DSL,No,No,No,No,No,No,Month-to-month,Yes,Mailed check,24.9,No,1
4367-NUYAO,Male,0,Yes,Yes,Yes,Yes,No,No internet service,No internet service,No internet service,No internet service,No internet service,No internet service,Two year,No,Mailed check,25.75,No,0
4369-HTUIF,Male,1,No,No,Yes,No,Fiber optic,Yes,No,No,No,Yes,No,Month-to-month,Yes,Bank transfer (automatic),85.15,Yes,6
4369-NYSCF,Male,0,No,No,Yes,No,DSL,No,Yes,No,Yes,Yes,Yes,One year,Yes,Bank transfer (automatic),75.75,No,56
4373-MAVJG,Female,0,Yes,Yes,Yes,Yes,Fiber optic,No,Yes,No,No,No,Yes,Month-to-month,Yes,Bank transfer (automatic),90.9,Yes,14
4373-VVHQL,Male,0,No,No,Yes,No,DSL,No,No,No,No,No,No,Month-to-month,Yes,Electronic check,44.75,No,1
4374-YMUSQ,Male,0,No,No,Yes,Yes,Fiber optic,Yes,Yes,Yes,Yes,Yes,Yes,One year,No,Credit card (automatic),116.25,No,34
4376-KFVRS,Male,0,Yes,Yes,Yes,Yes,Fiber optic,Yes,Yes,Yes,Yes,Yes,Yes,Two year,Yes,Credit card (automatic),114.05,No,72
4378-MYPGO,Male,0,Yes,Yes,Yes,No,Fiber optic,Yes,Yes,Yes,No,Yes,Yes,Two year,Yes,Bank transfer (automatic),105.25,No,68
4385-GZQXV,Female,1,No,No,Yes,No,Fiber optic,No,No,No,Yes,Yes,Yes,Month-to-month,Yes,Electronic check,94.45,Yes,16
4389-UEFCZ,Female,0,Yes,No,Yes,Yes,Fiber optic,Yes,No,Yes,No,Yes,Yes,Two year,Yes,Electronic check,105.5,No,72
4390-KYULV,Male,0,Yes,No,Yes,No,No,No internet service,No internet service,No internet service,No internet service,No internet service,No internet service,Month-to-month,Yes,Credit card (automatic),20.55,Yes,3
4391-LNRXK,Male,0,No,No,Yes,No,Fiber optic,No,Yes,Yes,Yes,No,Yes,Month-to-month,Yes,Bank transfer (automatic),94.95,No,22
4391-RESHN,Male,0,No,No,Yes,Yes,Fiber optic,No,No,Yes,Yes,Yes,Yes,Month-to-month,Yes,Mailed check,104.05,Yes,23
4393-GEADV,Male,0,Yes,Yes,Yes,Yes,Fiber optic,Yes,Yes,Yes,Yes,Yes,Yes,Two year,No,Credit card (automatic),114.75,No,70
4393-OBCRR,Female,0,No,No,Yes,No,No,No internet service,No internet service,No internet service,No internet service,No internet service,No internet service,One year,No,Mailed check,20.25,No,3
4393-RYCRE,Male,0,No,No,Yes,No,Fiber optic,Yes,Yes,Yes,No,Yes,Yes,One year,Yes,Electronic check,106.05,No,44
4395-PZMSN,Male,1,No,No,Yes,No,Fiber optic,No,Yes,No,No,No,Yes,Month-to-month,Yes,Electronic check,85.55,No,5
4398-HSCJH,Female,0,No,No,Yes,Yes,DSL,No,No,No,Yes,Yes,No,Month-to-month,Yes,Electronic check,63.6,Yes,3
4415-IJZTP,Female,0,No,No,Yes,Yes,Fiber optic,No,No,No,No,No,No,Month-to-month,Yes,Electronic check,74.5,Yes,1
4418-LZMSV,Male,0,Yes,Yes,Yes,No,DSL,No,Yes,Yes,Yes,No,No,Month-to-month,No,Bank transfer (automatic),61.8,No,13
4419-UJMUS,Male,0,Yes,Yes,Yes,Yes,Fiber optic,No,No,No,Yes,Yes,Yes,Two year,Yes,Electronic check,99.35,No,69
4422-QVIJA,Female,0,No,Yes,Yes,Yes,DSL,No,No,No,No,No,No,Month-to-month,No,Mailed check,50.15,No,35
4423-JWZJN,Male,0,Yes,Yes,Yes,Yes,Fiber optic,No,No,Yes,No,No,Yes,One year,No,Credit card (automatic),90.25,No,64
4423-YLHDV,Female,0,Yes,No,Yes,Yes,Fiber optic,Yes,No,Yes,No,Yes,Yes,Month-to-month,Yes,Bank transfer (automatic),104.4,Yes,21
4424-TKOPW,Male,1,No,No,Yes,Yes,Fiber optic,No,No,No,No,Yes,Yes,Month-to-month,Yes,Electronic check,93.85,Yes,2
4425-OWHWB,Female,0,No,No,Yes,No,No,No internet service,No internet service,No internet service,No internet service,No internet service,No internet service,One year,Yes,Credit card (automatic),19.35,No,20
4429-WYGFR,Male,0,No,No,Yes,No,DSL,No,No,No,Yes,No,No,Month-to-month,No,Bank transfer (automatic),49.15,No,26
4430-YHXGG,Female,0,No,Yes,Yes,Yes,No,No internet service,No internet service,No internet service,No internet service,No internet service,No internet service,Month-to-month,Yes,Mailed check,25.45,No,4
4431-EDMIQ,Female,0,Yes,Yes,Yes,No,DSL,Yes,Yes,Yes,Yes,Yes,No,Month-to-month,Yes,Electronic check,75.7,No,7
4432-ADRLB,Male,0,No,No,Yes,No,DSL,No,No,No,No,No,No,Month-to-month,No,Mailed check,44.65,Yes,2
4439-JMPMT,Female,0,Yes,Yes,Yes,No,Fiber optic,No,No,No,Yes,Yes,No,Month-to-month,Yes,Electronic check,85.75,Yes,5
4439-YRNVD,Female,0,No,No,No,No phone service,DSL,No,Yes,No,Yes,No,No,Month-to-month,No,Electronic check,36.25,No,10
4443-EMBNA,Female,0,Yes,No,Yes,Yes,No,No internet service,No internet service,No internet service,No internet service,No internet service,No internet service,Two year,No,Bank transfer (automatic),24.75,No,71
4445-KWOKW,Female,0,No,No,Yes,Yes,DSL,Yes,Yes,No,No,No,No,One year,Yes,Bank transfer (automatic),60.15,No,42
4445-ZJNMU,Male,0,No,No,Yes,Yes,Fiber optic,No,Yes,No,No,Yes,Yes,Month-to-month,Yes,Credit card (automatic),99.3,No,9
4446-BZKHU,Male,0,Yes,No,Yes,Yes,Fiber optic,No,Yes,Yes,No,Yes,Yes,Month-to-month,Yes,Electronic check,105.55,Yes,61
4450-DLLMH,Male,0,No,No,Yes,No,Fiber optic,No,No,No,No,No,No,Month-to-month,Yes,Credit card (automatic),71.3,No,2
4450-MDZFX,Male,0,Yes,Yes,Yes,Yes,Fiber optic,No,No,No,No,No,No,Month-to-month,No,Bank transfer (automatic),74.35,No,60
4450-YOOHP,Female,0,No,No,No,No phone service,DSL,No,No,Yes,No,Yes,Yes,Month-to-month,Yes,Credit card (automatic),50.65,No,39
4451-RWASJ,Male,0,Yes,Yes,Yes,No,No,No internet service,No internet service,No internet service,No internet service,No internet service,No internet service,One year,Yes,Mailed check,19.5,No,15
4452-QIIEB,Male,0,No,No,Yes,No,DSL,No,No,No,No,No,No,Month-to-month,No,Mailed check,43.9,No,7
4452-ROHMO,Female,0,No,No,Yes,No,No,No internet service,No internet service,No internet service,No internet service,No internet service,No internet service,Two year,No,Mailed check,19.6,No,15
4455-BFSPD,Female,0,Yes,No,Yes,Yes,Fiber optic,No,No,No,Yes,Yes,Yes,One year,No,Bank transfer (automatic),101.15,No,61
4458-KVRBJ,Male,0,No,No,Yes,Yes,No,No internet service,No internet service,No internet service,No internet service,No internet service,No internet service,Two year,No,Mailed check,25.0,No,59
4459-BBGHE,Male,0,No,Yes,No,No phone service,DSL,No,No,No,No,Yes,Yes,Month-to-month,Yes,Electronic check,44.5,No,30
4464-JCOLN,Male,0,Yes,Yes,Yes,No,No,No internet service,No internet service,No internet service,No internet service,No internet service,No internet service,One year,No,Mailed check,19.85,Yes,2
4468-KAZHE,Female,1,Yes,No,Yes,No,DSL,No,Yes,No,No,No,Yes,Month-to-month,Yes,Electronic check,60.0,No,20
4471-KXAUH,Female,0,Yes,No,Yes,Yes,Fiber optic,No,No,Yes,Yes,No,No,Month-to-month,Yes,Electronic check,84.3,Yes,42
4472-VESGY,Female,0,Yes,Yes,Yes,Yes,Fiber optic,Yes,Yes,Yes,No,No,Yes,Month-to-month,No,Bank transfer (automatic),98.15,No,52
4475-NVTLU,Male,0,Yes,Yes,Yes,No,No,No internet service,No internet service,No internet service,No internet service,No internet service,No internet service,Two year,No,Electronic check,19.2,No,45
4476-OSWTN,Male,1,Yes,No,Yes,Yes,Fiber optic,Yes,No,Yes,Yes,Yes,Yes,One year,Yes,Mailed check,110.55,No,69
4480-MBMLB,Female,0,No,No,Yes,Yes,Fiber optic,No,Yes,Yes,No,Yes,Yes,One year,Yes,Bank transfer (automatic),104.8,No,36
4480-QQRHC,Female,1,No,No,Yes,No,Fiber optic,No,No,Yes,No,No,No,Month-to-month,Yes,Bank transfer (automatic),74.05,No,8
4482-EWFMI,Female,0,No,No,Yes,No,Fiber optic,No,No,No,No,No,No,Month-to-month,Yes,Electronic check,69.7,No,2
4482-FTFFX,Male,0,No,No,Yes,No,DSL,No,No,Yes,Yes,No,No,Month-to-month,No,Electronic check,56.15,No,5
4484-GLZOU,Female,0,Yes,No,Yes,Yes,Fiber optic,No,Yes,Yes,No,Yes,Yes,Month-to-month,Yes,Electronic check,105.05,Yes,52
4486-EFAEB,Male,0,No,No,Yes,No,No,No internet service,No internet service,No internet service,No internet service,No internet service,No internet service,Month-to-month,Yes,Electronic check,20.4,No,13
4487-ZYJZK,Female,0,Yes,Yes,Yes,No,No,No internet service,No internet service,No internet service,No internet service,No internet service,No internet service,One year,No,Credit card (automatic),19.6,No,38
4488-KQFDT,Female,0,No,No,Yes,Yes,Fiber optic,No,Yes,Yes,No,Yes,Yes,One year,Yes,Electronic check,103.95,No,61
4489-SNOJF,Female,0,Yes,Yes,Yes,Yes,DSL,Yes,No,Yes,Yes,Yes,No,Month-to-month,No,Electronic check,72.25,Yes,35
4495-LHSSK,Female,0,No,Yes,Yes,Yes,DSL,Yes,No,No,No,No,No,Month-to-month,No,Mailed check,57.65,No,18
4501-EQDRN,Female,0,No,No,Yes,No,Fiber optic,No,No,No,No,No,No,Month-to-month,No,Bank transfer (automatic),69.7,Yes,1
4501-UYKBC,Female,1,No,No,Yes,Yes,DSL,No,No,Yes,Yes,No,Yes,One year,Yes,Credit card (automatic),69.1,No,46
4501-VCPFK,Male,0,No,No,No,No phone service,DSL,No,No,Yes,Yes,No,No,Month-to-month,No,Electronic check,35.75,No,26
4503-BDXBD,Male,0,No,No,Yes,No,Fiber optic,No,Yes,No,No,No,No,Month-to-month,No,Electronic check,74.95,Yes,11
4505-EXZHB,Female,1,No,No,Yes,No,Fiber optic,No,No,Yes,No,No,No,Month-to-month,No,Electronic check,74.4,Yes,6
4510-PYUSH,Female,1,No,No,Yes,No,DSL,Yes,Yes,No,No,No,No,Month-to-month,Yes,Credit card (automatic),57.15,Yes,38
4512-ZUIYL,Female,0,No,No,Yes,No,Fiber optic,No,No,No,No,No,No,Month-to-month,No,Bank transfer (automatic),70.0,Yes,2
4513-CXYIX,Female,1,Yes,No,Yes,Yes,Fiber optic,Yes,No,No,No,No,No,Two year,Yes,Credit card (automatic),80.7,No,71
4514-GFCFI,Female,1,No,No,Yes,Yes,Fiber optic,No,No,No,No,Yes,No,Month-to-month,Yes,Electronic check,84.75,Yes,16
4518-FZBSX,Male,0,Yes,Yes,Yes,No,No,No internet service,No internet service,No internet service,No internet service,No internet service,No internet service,One year,No,Mailed check,20.25,No,42
4521-WFJAI,Male,0,No,No,Yes,Yes,No,No internet service,No internet service,No internet service,No internet service,No internet service,No internet service,Two year,Yes,Bank transfer (automatic),25.95,No,56
4521-YEEHE,Female,0,Yes,No,Yes,Yes,Fiber optic,No,No,No,Yes,Yes,No,Month-to-month,Yes,Electronic check,88.85,No,18
4522-AKYLR,Female,1,No,No,Yes,No,DSL,No,Yes,Yes,No,No,No,Month-to-month,Yes,Electronic check,54.8,No,13
4523-WXCEF,Female,0,Yes,No,Yes,Yes,Fiber optic,No,Yes,No,No,Yes,Yes,Month-to-month,No,Electronic check,101.1,Yes,59
4524-QCSSM,Male,0,No,No,No,No phone service,DSL,Yes,Yes,No,No,No,Yes,Month-to-month,Yes,Bank transfer (automatic),44.65,No,26
4525-VZCZG,Male,0,No,Yes,Yes,No,Fiber optic,Yes,Yes,No,Yes,Yes,Yes,One year,Yes,Electronic check,105.85,No,54
4526-EXKKN,Male,0,No,No,Yes,Yes,No,No internet service,No internet service,No internet service,No internet service,No internet service,No internet service,Two year,Yes,Mailed check,24.6,No,40
4526-RMTLL,Male,0,Yes,Yes,Yes,Yes,DSL,Yes,Yes,No,Yes,No,Yes,Two year,Yes,Credit card (automatic),76.15,No,8
4526-ZJJTM,Female,1,Yes,No,Yes,No,Fiber optic,No,Yes,Yes,No,No,Yes,Month-to-month,No,Bank transfer (automatic),88.4,No,25
4529-CKBCL,Female,0,No,No,Yes,No,Fiber optic,No,No,No,No,Yes,No,Month-to-month,Yes,Electronic check,80.2,Yes,2
4530-NDRKU,Female,0,Yes,Yes,Yes,No,No,No internet service,No internet service,No internet service,No internet service,No internet service,No internet service,One year,Yes,Electronic check,19.05,No,42
4534-WGCIR,Female,0,Yes,Yes,Yes,Yes,No,No internet service,No internet service,No internet service,No internet service,No internet service,No internet service,Two year,No,Credit card (automatic),25.15,No,58
4536-PLEQY,Male,0,Yes,No,Yes,No,Fiber optic,No,Yes,No,No,No,Yes,Month-to-month,Yes,Credit card (automatic),85.05,No,12
4537-CIBHB,Female,0,Yes,Yes,Yes,No,No,No internet service,No internet service,No internet service,No internet service,No internet service,No internet service,One year,No,Mailed check,20.25,No,9
4537-DKTAL,Female,0,No,No,Yes,No,DSL,No,No,No,No,No,No,Month-to-month,No,Electronic check,45.55,No,2
4538-WNTMJ,Female,0,Yes,Yes,Yes,Yes,No,No internet service,No internet service,No internet service,No internet service,No internet service,No internet service,One year,No,Mailed check,24.95,No,46
4544-RXFMG,Male,0,Yes,Yes,Yes,No,DSL,No,No,No,No,No,No,One year,Yes,Mailed check,43.45,No,8
4546-FOKWR,Female,0,No,No,Yes,Yes,Fiber optic,No,No,No,No,No,No,Month-to-month,Yes,Credit card (automatic),74.75,No,16
4547-FZJWE,Male,0,Yes,Yes,Yes,No,DSL,Yes,No,No,No,No,Yes,One year,No,Credit card (automatic),59.45,No,55
4547-KQRTM,Female,0,No,No,Yes,Yes,Fiber optic,No,Yes,No,No,No,No,Month-to-month,Yes,Bank transfer (automatic),80.05,Yes,10
4548-SDBKE,Female,0,No,No,Yes,Yes,Fiber optic,No,No,No,No,Yes,No,Month-to-month,Yes,Electronic check,85.2,Yes,5
4549-ZDQYY,Female,0,No,No,Yes,No,DSL,Yes,No,Yes,Yes,No,No,One year,No,Credit card (automatic),57.95,No,52
4550-EVXNY,Female,0,No,Yes,Yes,No,Fiber optic,No,No,No,No,No,No,Month-to-month,Yes,Electronic check,69.65,Yes,1
4550-VBOFE,Male,1,Yes,No,Yes,Yes,Fiber optic,No,Yes,Yes,No,Yes,Yes,Month-to-month,Yes,Electronic check,102.95,Yes,70
4553-DVPZG,Female,0,Yes,No,Yes,Yes,Fiber optic,No,No,Yes,No,Yes,Yes,Month-to-month,Yes,Electronic check,101.35,No,62
4554-YGZIH,Male,1,Yes,No,Yes,Yes,Fiber optic,No,Yes,No,No,No,Yes,Month-to-month,No,Credit card (automatic),90.05,Yes,49
4558-CGYCZ,Male,0,No,No,Yes,No,No,No internet service,No internet service,No internet service,No internet service,No internet service,No internet service,Month-to-month,No,Mailed check,19.75,No,4
4558-FANTW,Female,0,Yes,Yes,Yes,No,Fiber optic,Yes,No,No,Yes,Yes,No,Month-to-month,No,Electronic check,91.85,Yes,17
4559-UWIHT,Male,0,Yes,No,Yes,Yes,Fiber optic,No,Yes,Yes,No,No,No,Month-to-month,Yes,Electronic check,82.65,No,14
4560-WQAQW,Female,0,No,No,Yes,Yes,DSL,Yes,No,No,Yes,No,Yes,One year,No,Bank transfer (automatic),68.7,No,59
4565-EVZMJ,Female,0,No,No,Yes,No,DSL,Yes,Yes,No,Yes,No,No,One year,Yes,Mailed check,58.9,No,47
4565-NLZBV,Female,0,Yes,No,Yes,Yes,No,No internet service,No internet service,No internet service,No internet service,No internet service,No internet service,Two year,Yes,Bank transfer (automatic),24.65,No,71
4566-GOLUK,Male,0,Yes,Yes,Yes,Yes,Fiber optic,No,No,Yes,Yes,Yes,Yes,Month-to-month,Yes,Bank transfer (automatic),107.35,Yes,47
4567-AKPIA,Female,0,Yes,Yes,Yes,Yes,Fiber optic,No,Yes,Yes,Yes,Yes,Yes,One year,Yes,Bank transfer (automatic),109.1,No,41
4568-KNYWR,Male,0,No,No,Yes,No,DSL,Yes,Yes,No,No,Yes,No,Two year,Yes,Credit card (automatic),63.25,No,52
4570-QHXHL,Female,0,No,No,Yes,No,DSL,No,No,No,No,No,No,Month-to-month,Yes,Electronic check,43.75,No,9
4572-DVCGN,Female,0,No,No,Yes,No,Fiber optic,No,No,No,No,No,Yes,Month-to-month,Yes,Bank transfer (automatic),80.25,Yes,10
4576-CSAJH,Male,0,No,No,Yes,No,DSL,No,Yes,No,Yes,No,No,One year,Yes,Credit card (automatic),55.15,Yes,22
4578-PHJYZ,Male,0,Yes,Yes,Yes,No,DSL,No,Yes,Yes,Yes,Yes,No,One year,Yes,Electronic check,68.75,No,52
4580-TMHJU,Female,0,Yes,Yes,Yes,No,DSL,No,No,No,No,Yes,No,Month-to-month,No,Electronic check,56.15,Yes,43
4581-SSPWD,Female,0,No,No,Yes,Yes,Fiber optic,No,No,No,No,No,No,Month-to-month,Yes,Electronic check,75.8,Yes,3
4583-PARNH,Male,1,Yes,No,Yes,No,Fiber optic,No,No,Yes,Yes,No,Yes,Month-to-month,Yes,Electronic check,91.55,No,16
4584-LBNMK,Male,1,Yes,No,Yes,Yes,No,No internet service,No internet service,No internet service,No internet service,No internet service,No internet service,One year,No,Credit card (automatic),24.7,No,45
4585-HETAI,Female,0,Yes,Yes,Yes,No,Fiber optic,No,No,Yes,No,No,No,Month-to-month,Yes,Electronic check,73.75,Yes,4
4587-NUKOX,Female,0,No,No,Yes,No,Fiber optic,Yes,Yes,No,No,No,No,Month-to-month,Yes,Electronic check,79.1,Yes,3
4587-VVTOX,Female,0,Yes,No,Yes,Yes,Fiber optic,No,Yes,Yes,No,Yes,Yes,Month-to-month,Yes,Electronic check,105.3,Yes,6
4588-YBNIB,Female,0,No,No,Yes,No,No,No internet service,No internet service,No internet service,No internet service,No internet service,No internet service,Month-to-month,Yes,Mailed check,19.6,Yes,1
4589-IUAJB,Male,0,Yes,No,Yes,Yes,No,No internet service,No internet service,No internet service,No internet service,No internet service,No internet service,Two year,No,Bank transfer (automatic),24.25,No,70
4597-ELFTS,Male,0,No,No,Yes,Yes,No,No internet service,No internet service,No internet service,No internet service,No internet service,No internet service,One year,No,Electronic check,24.9,Yes,56
4598-XLKNJ,Female,1,Yes,No,Yes,No,Fiber optic,No,Yes,Yes,No,Yes,Yes,Month-to-month,Yes,Electronic check,98.5,Yes,25
4598-ZADCK,Female,0,No,No,No,No phone service,DSL,Yes,Yes,Yes,Yes,Yes,No,One year,Yes,Electronic check,53.6,No,53
4607-CHPCA,Male,0,Yes,Yes,Yes,No,Fiber optic,No,No,No,No,Yes,Yes,One year,Yes,Electronic check,90.4,Yes,25
4608-LCIMN,Male,0,Yes,Yes,Yes,No,DSL,No,No,No,No,No,No,Month-to-month,No,Bank transfer (automatic),44.65,No,8
4611-ANLQC,Female,0,Yes,No,No,No phone service,DSL,Yes,Yes,Yes,No,No,Yes,One year,No,Electronic check,50.05,No,60
4612-SSVHJ,Female,1,No,No,Yes,No,Fiber optic,No,No,No,No,No,Yes,Month-to-month,Yes,Electronic check,81.45,No,20
4612-THJBS,Female,1,No,No,Yes,Yes,Fiber optic,No,Yes,Yes,No,Yes,Yes,One year,Yes,Bank transfer (automatic),104.75,Yes,56
4614-NUVZD,Female,0,No,No,Yes,No,Fiber optic,No,No,No,No,No,Yes,Month-to-month,Yes,Electronic check,81.1,Yes,1
4615-PIVVU,Female,0,No,No,Yes,No,DSL,No,No,Yes,Yes,No,Yes,Two year,No,Credit card (automatic),66.5,No,42
4616-EWBNJ,Female,0,No,No,Yes,No,No,No internet service,No internet service,No internet service,No internet service,No internet service,No internet service,One year,No,Bank transfer (automatic),20.1,No,16
4616-ULAOA,Female,0,Yes,Yes,Yes,Yes,Fiber optic,No,Yes,Yes,Yes,Yes,Yes,Two year,Yes,Credit card (automatic),110.8,No,65
4619-EVPHY,Female,1,Yes,No,Yes,No,Fiber optic,No,No,No,No,Yes,Yes,One year,Yes,Bank transfer (automatic),91.0,No,20
4623-ZKHLY,Male,0,Yes,No,Yes,No,No,No internet service,No internet service,No internet service,No internet service,No internet service,No internet service,Month-to-month,Yes,Bank transfer (automatic),20.45,No,22
4625-XMOYM,Female,0,Yes,Yes,Yes,Yes,No,No internet service,No internet service,No internet service,No internet service,No internet service,No internet service,Two year,Yes,Bank transfer (automatic),26.25,No,72
4626-GYCZP,Male,0,No,No,Yes,Yes,Fiber optic,No,No,No,No,Yes,Yes,Month-to-month,Yes,Electronic check,93.85,Yes,7
4626-OZDTJ,Female,0,Yes,No,Yes,Yes,DSL,No,Yes,No,Yes,Yes,Yes,One year,Yes,Credit card (automatic),78.65,No,51
4628-CTTLA,Male,0,No,No,No,No phone service,DSL,No,Yes,No,No,Yes,No,Month-to-month,Yes,Electronic check,39.3,Yes,57
4629-NRXKX,Female,0,Yes,Yes,Yes,No,Fiber optic,No,No,No,No,No,No,Month-to-month,No,Electronic check,70.4,Yes,2
4631-OACRM,Male,1,No,No,Yes,No,Fiber optic,No,No,No,No,No,Yes,Month-to-month,Yes,Electronic check,79.4,Yes,15
4632-PAOYU,Male,0,Yes,Yes,Yes,No,No,No internet service,No internet service,No internet service,No internet service,No internet service,No internet service,One year,No,Mailed check,19.95,No,22
4632-XJMEX,Male,0,No,Yes,Yes,No,DSL,Yes,Yes,No,Yes,No,No,One year,No,Credit card (automatic),62.85,No,53
4633-MKHYU,Female,0,No,No,Yes,No,Fiber optic,No,No,No,No,Yes,Yes,Month-to-month,Yes,Mailed check,88.4,No,9
4634-JLRJT,Female,0,No,No,Yes,No,No,No internet service,No internet service,No internet service,No internet service,No internet service,No internet service,Month-to-month,Yes,Mailed check,20.35,No,1
4635-EJYPD,Male,0,Yes,Yes,Yes,No,No,No internet service,No internet service,No internet service,No internet service,No internet service,No internet service,Two year,No,Mailed check,18.95,No,32
4636-JGAAI,Male,0,Yes,No,Yes,Yes,Fiber optic,No,Yes,No,No,No,Yes,Month-to-month,No,Mailed check,88.85,No,34
4636-TVXVG,Male,0,Yes,Yes,Yes,No,No,No internet service,No internet service,No internet service,No internet service,No internet service,No internet service,One year,No,Bank transfer (automatic),19.95,No,62
4640-UHDOS,Female,0,Yes,Yes,Yes,No,DSL,No,No,No,No,No,Yes,Month-to-month,No,Electronic check,55.95,Yes,13
4641-FROLU,Female,0,Yes,Yes,Yes,No,No,No internet service,No internet service,No internet service,No internet service,No internet service,No internet service,Two year,No,Mailed check,19.3,No,30
4644-OBGFZ,Male,0,Yes,Yes,Yes,No,No,No internet service,No internet service,No internet service,No internet service,No internet service,No internet service,One year,No,Mailed check,19.5,No,55
4646-QZXTF,Female,0,Yes,No,Yes,No,DSL,Yes,No,Yes,Yes,Yes,Yes,Month-to-month,No,Bank transfer (automatic),81.25,No,7
4647-MUZON,Female,0,Yes,No,Yes,No,Fiber optic,No,No,Yes,No,Yes,Yes,Month-to-month,Yes,Credit card (automatic),95.95,No,18
4647-XXZAM,Female,0,Yes,Yes,Yes,No,DSL,No,No,No,No,No,No,Month-to-month,No,Mailed check,45.5,No,6
4648-YPBTM,Male,0,No,No,Yes,Yes,DSL,No,Yes,Yes,Yes,No,Yes,Two year,Yes,Bank transfer (automatic),73.9,No,53
4652-ODEVH,Male,0,Yes,Yes,Yes,Yes,No,No internet service,No internet service,No internet service,No internet service,No internet service,No internet service,Two year,No,Mailed check,24.45,No,45
4654-DLAMQ,Female,1,Yes,No,Yes,No,Fiber optic,Yes,Yes,Yes,No,No,Yes,One year,No,Bank transfer (automatic),97.0,No,64
4654-GGUII,Female,0,No,No,No,No phone service,DSL,Yes,Yes,No,Yes,No,No,One year,Yes,Mailed check,40.2,No,18
4654-ULTTN,Male,0,Yes,No,Yes,Yes,DSL,Yes,No,Yes,Yes,No,Yes,Two year,Yes,Credit card (automatic),74.8,No,70
4657-FWVFY,Female,0,Yes,Yes,Yes,Yes,Fiber optic,No,Yes,Yes,No,Yes,No,Month-to-month,Yes,Credit card (automatic),96.35,No,40
4658-HCOHW,Female,0,Yes,Yes,Yes,No,Fiber optic,No,Yes,Yes,Yes,Yes,Yes,Month-to-month,Yes,Electronic check,102.8,Yes,21
4659-NZRUF,Female,0,No,No,Yes,Yes,Fiber optic,Yes,Yes,No,No,No,Yes,Month-to-month,Yes,Electronic check,95.15,Yes,19
4660-IRIBM,Male,0,Yes,Yes,Yes,No,Fiber optic,Yes,No,Yes,No,Yes,No,Month-to-month,Yes,Mailed check,87.9,No,18
4662-EKDPQ,Male,0,No,No,Yes,Yes,DSL,No,No,No,No,No,Yes,Month-to-month,No,Bank transfer (automatic),62.05,Yes,2
4664-NJCMS,Female,0,Yes,No,No,No phone service,DSL,Yes,No,Yes,Yes,Yes,Yes,Two year,No,Bank transfer (automatic),59.55,No,33
4667-OHGKG,Male,0,No,No,Yes,No,No,No internet service,No internet service,No internet service,No internet service,No internet service,No internet service,Month-to-month,Yes,Mailed check,19.3,Yes,1
4670-TABXH,Male,0,Yes,No,Yes,Yes,Fiber optic,No,Yes,Yes,Yes,Yes,Yes,Two year,Yes,Credit card (automatic),109.75,No,72
4671-LXRDQ,Male,0,No,No,Yes,No,DSL,No,No,No,No,No,No,Month-to-month,Yes,Mailed check,45.0,Yes,2
4671-VJLCL,Female,0,No,No,Yes,Yes,DSL,Yes,Yes,Yes,Yes,Yes,No,Two year,Yes,Credit card (automatic),79.85,No,63
4673-KKSLS,Female,0,No,No,Yes,No,Fiber optic,Yes,No,Yes,Yes,No,No,Month-to-month,No,Electronic check,87.6,No,31
4674-HGNUA,Male,0,Yes,Yes,Yes,Yes,DSL,Yes,Yes,Yes,Yes,Yes,Yes,Two year,No,Credit card (automatic),89.9,No,71
4676-MQUEA,Male,1,Yes,No,Yes,Yes,Fiber optic,Yes,Yes,Yes,No,Yes,No,One year,Yes,Bank transfer (automatic),101.9,No,50
4676-WLUHT,Male,0,No,No,No,No phone service,DSL,Yes,Yes,No,No,No,Yes,Two year,No,Bank transfer (automatic),46.2,No,54
4680-KUTAJ,Female,1,No,No,Yes,Yes,DSL,Yes,No,No,No,No,No,Month-to-month,Yes,Electronic check,55.6,No,11
4682-BLBUC,Male,0,Yes,No,Yes,No,DSL,No,Yes,Yes,Yes,Yes,No,One year,Yes,Electronic check,70.95,No,44
4683-WYDOU,Male,0,Yes,No,Yes,Yes,Fiber optic,No,No,Yes,Yes,Yes,Yes,Two year,Yes,Bank transfer (automatic),107.6,No,62
4685-ERGHK,Male,0,No,No,Yes,Yes,Fiber optic,No,No,No,No,Yes,No,One year,Yes,Electronic check,86.9,No,57
4685-TFLLS,Male,0,Yes,Yes,Yes,No,No,No internet service,No internet service,No internet service,No internet service,No internet service,No internet service,One year,No,Bank transfer (automatic),19.8,No,18
4686-GEFRM,Male,0,Yes,No,Yes,Yes,Fiber optic,No,Yes,Yes,Yes,No,Yes,Two year,Yes,Bank transfer (automatic),98.7,No,70
4686-UXDML,Female,0,No,No,Yes,Yes,Fiber optic,No,Yes,No,No,Yes,Yes,Month-to-month,Yes,Credit card (automatic),99.85,No,21
4690-LLKUA,Male,1,No,No,Yes,No,DSL,No,No,No,No,No,No,Month-to-month,Yes,Electronic check,45.05,Yes,17
4690-PKDQG,Female,1,Yes,No,Yes,Yes,Fiber optic,No,Yes,Yes,No,Yes,No,Month-to-month,Yes,Electronic check,95.55,No,42
4693-VWVBO,Female,0,No,No,Yes,No,No,No internet service,No internet service,No internet service,No internet service,No internet service,No internet service,Month-to-month,No,Electronic check,19.55,No,3
4695-VADHF,Male,0,Yes,Yes,Yes,No,DSL,No,No,Yes,No,No,Yes,Month-to-month,No,Electronic check,57.45,Yes,18
4695-WJZUE,Female,1,No,No,Yes,Yes,Fiber optic,No,No,Yes,No,No,Yes,Month-to-month,Yes,Electronic check,88.55,Yes,2
4697-LUPSU,Male,0,Yes,Yes,Yes,No,No,No internet service,No internet service,No internet service,No internet service,No internet service,No internet service,One year,No,Mailed check,20.2,No,2
4698-KVLLG,Female,1,No,No,Yes,No,No,No internet service,No internet service,No internet service,No internet service,No internet service,No internet service,Two year,No,Credit card (automatic),19.6,No,51
4700-UBQMV,Male,0,Yes,Yes,Yes,Yes,DSL,Yes,No,No,No,Yes,Yes,One year,Yes,Bank transfer (automatic),75.9,No,21
4701-LKOZD,Female,0,No,No,Yes,Yes,DSL,Yes,Yes,Yes,Yes,Yes,Yes,Two year,No,Credit card (automatic),89.75,No,70
4701-MLJPN,Male,0,No,No,Yes,No,DSL,No,No,Yes,Yes,No,No,Month-to-month,Yes,Electronic check,55.25,Yes,31
4702-HDRKD,Male,0,No,No,No,No phone service,DSL,Yes,No,Yes,Yes,Yes,No,One year,Yes,Bank transfer (automatic),49.35,No,67
4702-IOQDC,Female,0,No,No,Yes,No,Fiber optic,No,No,No,No,No,No,Month-to-month,Yes,Electronic check,70.1,Yes,1
4703-MQYKT,Male,0,No,No,Yes,No,No,No internet service,No internet service,No internet service,No internet service,No internet service,No internet service,Two year,No,Mailed check,19.6,No,21
4704-ERYFC,Female,0,Yes,No,Yes,No,Fiber optic,No,No,No,No,No,No,Month-to-month,Yes,Electronic check,69.25,Yes,22
4706-AXVKM,Female,1,No,No,Yes,Yes,Fiber optic,No,No,No,No,No,Yes,Month-to-month,Yes,Credit card (automatic),84.8,Yes,11
4706-DGAHW,Male,1,No,No,Yes,No,DSL,No,No,No,No,No,No,Month-to-month,No,Electronic check,45.2,No,1
4707-MAXGU,Male,0,Yes,No,Yes,Yes,No,No internet service,No internet service,No internet service,No internet service,No internet service,No internet service,Two year,No,Credit card (automatic),25.85,No,72
4707-YNOQA,Female,0,Yes,Yes,Yes,Yes,No,No internet service,No internet service,No internet service,No internet service,No internet service,No internet service,One year,Yes,Credit card (automatic),25.6,No,34
4710-FDUIZ,Male,0,Yes,No,Yes,Yes,Fiber optic,No,Yes,No,No,Yes,Yes,One year,No,Credit card (automatic),100.3,Yes,56
4710-NKCAW,Male,0,Yes,Yes,Yes,Yes,DSL,Yes,Yes,No,Yes,No,No,Month-to-month,No,Credit card (automatic),64.4,No,5
4712-AUQZO,Male,0,No,No,No,No phone service,DSL,Yes,No,Yes,No,No,No,Month-to-month,No,Mailed check,33.6,No,18
4712-UYOOI,Female,0,Yes,Yes,Yes,No,No,No internet service,No internet service,No internet service,No internet service,No internet service,No internet service,Month-to-month,No,Electronic check,20.0,No,20
4713-ZBURT,Male,0,No,Yes,Yes,Yes,Fiber optic,No,No,Yes,No,Yes,Yes,Two year,No,Bank transfer (automatic),99.7,No,45
4716-HHKQH,Male,1,Yes,No,Yes,Yes,Fiber optic,No,Yes,No,Yes,Yes,Yes,Month-to-month,No,Electronic check,107.05,No,20
4716-MRVEN,Female,0,No,No,Yes,No,No,No internet service,No internet service,No internet service,No internet service,No internet service,No internet service,One year,No,Mailed check,20.0,No,29
4718-DHSMV,Female,0,No,No,No,No phone service,DSL,No,No,No,No,Yes,No,Month-to-month,Yes,Mailed check,35.8,No,11
4718-WXBGI,Male,0,Yes,Yes,Yes,Yes,DSL,Yes,Yes,Yes,Yes,Yes,Yes,Two year,Yes,Credit card (automatic),91.95,No,72
4719-UMSIY,Male,0,No,Yes,Yes,No,No,No internet service,No internet service,No internet service,No internet service,No internet service,No internet service,Month-to-month,No,Mailed check,19.65,No,6
4720-VSTSI,Female,0,No,No,Yes,Yes,Fiber optic,No,Yes,Yes,No,No,No,Month-to-month,Yes,Bank transfer (automatic),84.8,Yes,44
4724-WXVWF,Male,0,No,No,Yes,Yes,Fiber optic,Yes,No,No,Yes,No,Yes,Month-to-month,Yes,Electronic check,95.4,No,48
4726-DLWQN,Male,1,No,No,Yes,Yes,DSL,Yes,Yes,No,No,Yes,No,Month-to-month,Yes,Bank transfer (automatic),70.35,No,50
4727-MCYZG,Male,0,No,No,Yes,No,DSL,No,No,No,No,No,Yes,Month-to-month,No,Mailed check,55.55,No,1
4729-XKASR,Male,0,No,Yes,No,No phone service,DSL,No,No,No,No,No,No,Month-to-month,No,Electronic check,24.75,Yes,1
4730-AWNAU,Male,0,Yes,Yes,No,No phone service,DSL,Yes,No,Yes,Yes,Yes,Yes,One year,No,Credit card (automatic),60.7,No,36
4732-RRJZC,Male,0,Yes,Yes,Yes,No,No,No internet service,No internet service,No internet service,No internet service,No internet service,No internet service,Month-to-month,No,Mailed check,20.25,No,7
4735-ASGMA,Male,0,No,No,Yes,Yes,Fiber optic,No,No,Yes,No,Yes,Yes,Month-to-month,Yes,Electronic check,98.35,Yes,26
4737-HOBAX,Male,0,Yes,No,Yes,Yes,DSL,No,No,Yes,Yes,Yes,Yes,Two year,No,Credit card (automatic),79.8,No,63
4742-TXUEX,Female,0,Yes,Yes,Yes,No,No,No internet service,No internet service,No internet service,No internet service,No internet service,No internet service,Two year,No,Bank transfer (automatic),19.3,No,47
4745-LSPLO,Male,0,No,No,Yes,No,No,No internet service,No internet service,No internet service,No internet service,No internet service,No internet service,Month-to-month,No,Mailed check,20.5,Yes,1
4747-LCAQL,Male,0,No,No,Yes,No,DSL,Yes,Yes,No,Yes,Yes,Yes,Month-to-month,Yes,Mailed check,79.0,No,25
4749-VFKVB,Female,0,No,No,Yes,Yes,DSL,No,No,No,No,No,No,Month-to-month,Yes,Mailed check,50.1,Yes,1
4750-UKWJK,Female,1,Yes,No,Yes,No,No,No internet service,No internet service,No internet service,No internet service,No internet service,No internet service,One year,No,Mailed check,19.6,No,37
4750-ZRXIU,Female,1,No,No,Yes,Yes,Fiber optic,No,No,No,No,No,Yes,Month-to-month,Yes,Electronic check,84.6,Yes,4
4751-ERMAN,Male,0,Yes,Yes,Yes,No,DSL,No,Yes,Yes,No,Yes,Yes,Two year,Yes,Bank transfer (automatic),75.4,No,72
4753-PADAS,Female,0,Yes,No,Yes,Yes,Fiber optic,No,Yes,Yes,No,Yes,Yes,One year,Yes,Bank transfer (automatic),105.7,No,67
4759-PXTAN,Female,0,Yes,No,Yes,Yes,DSL,No,Yes,No,Yes,Yes,Yes,One year,Yes,Electronic check,80.1,No,59
4759-TRPLW,Male,0,No,No,Yes,No,Fiber optic,No,No,No,No,No,No,Month-to-month,No,Electronic check,70.4,Yes,1
4760-THGOT,Female,0,Yes,No,Yes,Yes,Fiber optic,Yes,Yes,No,No,No,Yes,Month-to-month,Yes,Electronic check,94.1,No,43
4760-XOHVN,Female,0,Yes,Yes,Yes,No,No,No internet service,No internet service,No internet service,No internet service,No internet service,No internet service,Month-to-month,No,Mailed check,19.45,Yes,1
4765-OXPPD,Female,0,Yes,Yes,Yes,No,DSL,Yes,Yes,Yes,Yes,No,No,Month-to-month,No,Mailed check,65.0,Yes,9
4767-HZZHQ,Male,0,Yes,Yes,Yes,No,Fiber optic,No,Yes,Yes,No,No,No,Month-to-month,No,Bank transfer (automatic),82.05,No,30
4770-QAZXN,Female,0,No,No,Yes,No,No,No internet service,No internet service,No internet service,No internet service,No internet service,No internet service,Month-to-month,No,Credit card (automatic),19.45,No,13
4770-UEZOX,Male,0,No,No,Yes,No,Fiber optic,No,Yes,No,No,No,No,Month-to-month,Yes,Electronic check,74.75,No,2
4774-HHGGS,Male,0,Yes,No,Yes,No,No,No internet service,No internet service,No internet service,No internet service,No internet service,No internet service,Two year,No,Mailed check,19.05,No,30
4776-XSKYQ,Female,0,Yes,Yes,No,No phone service,DSL,No,No,No,Yes,No,No,One year,No,Credit card (automatic),30.25,No,12
4778-IZARL,Male,0,Yes,No,Yes,No,Fiber optic,Yes,Yes,Yes,Yes,Yes,Yes,Two year,Yes,Credit card (automatic),110.1,No,63
4779-ZGICK,Male,0,Yes,Yes,Yes,Yes,No,No internet service,No internet service,No internet service,No internet service,No internet service,No internet service,Two year,No,Mailed check,23.55,No,48
4781-ZXYGU,Male,0,Yes,Yes,Yes,No,No,No internet service,No internet service,No internet service,No internet service,No internet service,No internet service,Month-to-month,Yes,Bank transfer (automatic),20.15,No,1
4782-OSFXZ,Female,1,Yes,No,Yes,Yes,DSL,Yes,Yes,Yes,Yes,No,Yes,Two year,Yes,Bank transfer (automatic),82.7,No,71
4785-FCIFB,Female,0,Yes,No,Yes,Yes,No,No internet service,No internet service,No internet service,No internet service,No internet service,No internet service,Two year,No,Mailed check,24.4,No,61
4785-NKHCX,Male,1,No,No,Yes,No,No,No internet service,No internet service,No internet service,No internet service,No internet service,No internet service,Month-to-month,No,Bank transfer (automatic),20.05,No,5
4785-QRJHC,Male,1,Yes,No,No,No phone service,DSL,No,Yes,Yes,Yes,Yes,Yes,One year,Yes,Bank transfer (automatic),59.9,Yes,46
4789-KWMXN,Male,0,Yes,No,Yes,Yes,Fiber optic,Yes,No,Yes,Yes,Yes,Yes,One year,Yes,Credit card (automatic),110.85,Yes,47
4791-QRGMF,Male,0,Yes,No,Yes,Yes,Fiber optic,No,No,Yes,No,Yes,Yes,One year,Yes,Bank transfer (automatic),99.5,Yes,59
4795-KTRTH,Female,1,Yes,No,Yes,Yes,Fiber optic,No,Yes,No,No,No,No,Month-to-month,Yes,Electronic check,81.0,Yes,5
4795-UXVCJ,Male,0,No,No,Yes,No,No,No internet service,No internet service,No internet service,No internet service,No internet service,No internet service,One year,No,Credit card (automatic),19.8,No,26
4795-WRNVT,Female,0,No,No,Yes,No,DSL,Yes,Yes,No,No,Yes,No,Month-to-month,No,Mailed check,65.1,No,40
4800-CZMPC,Female,0,Yes,Yes,Yes,Yes,Fiber optic,Yes,Yes,No,No,Yes,Yes,One year,Yes,Credit card (automatic),103.25,Yes,48
4800-VHZKI,Female,0,No,No,Yes,No,No,No internet service,No internet service,No internet service,No internet service,No internet service,No internet service,Month-to-month,Yes,Mailed check,19.9,Yes,1
4801-JZAZL,Female,0,Yes,Yes,No,No phone service,DSL,Yes,No,No,No,No,No,Month-to-month,Yes,Electronic check,29.6,No,11
4801-KFYKL,Male,0,No,Yes,Yes,No,No,No internet service,No internet service,No internet service,No internet service,No internet service,No internet service,Month-to-month,No,Bank transfer (automatic),19.45,No,8
4803-AXVYP,Female,1,No,No,Yes,Yes,Fiber optic,No,No,No,Yes,Yes,Yes,Month-to-month,Yes,Electronic check,99.55,Yes,38
4803-LBYPN,Male,0,Yes,Yes,Yes,No,No,No internet service,No internet service,No internet service,No internet service,No internet service,No internet service,Month-to-month,No,Mailed check,20.8,No,34
4804-NCPET,Male,0,Yes,Yes,Yes,No,No,No internet service,No internet service,No internet service,No internet service,No internet service,No internet service,Two year,No,Mailed check,20.2,No,19
4806-HIPDW,Female,0,Yes,No,Yes,No,Fiber optic,No,No,No,No,No,No,Month-to-month,Yes,Electronic check,68.95,Yes,1
4806-KEXQR,Male,0,No,No,Yes,No,Fiber optic,No,No,No,No,No,Yes,Month-to-month,Yes,Electronic check,79.9,Yes,4
4807-IZYOZ,Female,0,No,No,Yes,No,No,No internet service,No internet service,No internet service,No internet service,No internet service,No internet service,Two year,No,Bank transfer (automatic),20.65,No,51
4808-YNLEU,Female,0,Yes,No,Yes,No,DSL,Yes,No,No,No,Yes,No,One year,Yes,Bank transfer (automatic),62.15,No,35
4811-JBUVU,Male,0,No,No,Yes,Yes,Fiber optic,No,No,No,Yes,No,Yes,Month-to-month,Yes,Credit card (automatic),89.9,No,30
4813-HQMGZ,Female,0,Yes,No,Yes,Yes,Fiber optic,No,No,No,Yes,No,Yes,Month-to-month,Yes,Electronic check,90.25,No,8
4815-GBTCD,Female,0,Yes,No,No,No phone service,DSL,No,No,No,No,No,No,Month-to-month,Yes,Electronic check,25.15,No,4
4815-TUMEQ,Female,0,No,No,Yes,No,No,No internet service,No internet service,No internet service,No internet service,No internet service,No internet service,One year,Yes,Mailed check,19.3,No,10
4816-JBHOV,Male,1,No,No,Yes,No,DSL,No,No,No,No,No,No,Month-to-month,Yes,Electronic check,44.7,Yes,2
4816-LXZYW,Female,0,No,No,Yes,Yes,Fiber optic,No,Yes,No,No,No,No,Month-to-month,Yes,Electronic check,79.15,Yes,23
4817-KEQSP,Female,0,Yes,Yes,Yes,No,No,No internet service,No internet service,No internet service,No internet service,No internet service,No internet service,Two year,No,Bank transfer (automatic),19.85,No,71
4817-QRJSX,Female,0,No,No,Yes,Yes,Fiber optic,No,Yes,No,No,No,No,Month-to-month,Yes,Credit card (automatic),81.0,Yes,10
4817-VYYWS,Female,0,No,No,Yes,Yes,Fiber optic,No,Yes,No,No,Yes,Yes,Month-to-month,Yes,Electronic check,100.2,Yes,30
4818-DRBQT,Male,0,Yes,No,Yes,Yes,Fiber optic,No,Yes,No,No,No,No,Month-to-month,Yes,Bank transfer (automatic),80.15,Yes,29
4819-HJPIW,Male,0,No,No,No,No phone service,DSL,No,No,No,No,No,No,Month-to-month,No,Mailed check,25.15,No,18
4821-SJHJV,Female,0,Yes,Yes,Yes,Yes,Fiber optic,Yes,No,No,No,Yes,No,Month-to-month,No,Electronic check,89.6,No,32
4821-WQOYN,Female,0,Yes,Yes,Yes,No,No,No internet service,No internet service,No internet service,No internet service,No internet service,No internet service,Two year,Yes,Credit card (automatic),20.1,No,72
4822-LPTYJ,Male,0,Yes,No,Yes,Yes,Fiber optic,No,Yes,Yes,No,Yes,Yes,Two year,Yes,Bank transfer (automatic),103.75,No,72
4822-NGOCH,Female,0,No,No,Yes,Yes,Fiber optic,No,Yes,Yes,No,No,No,Month-to-month,Yes,Electronic check,84.45,Yes,13
4822-RVYBB,Male,1,No,No,Yes,Yes,Fiber optic,No,No,Yes,No,Yes,Yes,Month-to-month,Yes,Electronic check,100.6,Yes,8
4822-YCXMX,Male,0,No,No,Yes,Yes,Fiber optic,No,No,No,No,No,Yes,Month-to-month,Yes,Electronic check,84.8,Yes,25
4824-GUCBY,Female,1,No,No,Yes,No,Fiber optic,Yes,Yes,No,No,No,No,Month-to-month,No,Electronic check,81.7,No,22
4825-XJGDM,Female,0,No,No,No,No phone service,DSL,Yes,Yes,Yes,Yes,No,No,One year,No,Credit card (automatic),43.7,No,61
4826-DXMUP,Male,0,No,Yes,Yes,No,DSL,No,No,No,Yes,Yes,Yes,One year,Yes,Mailed check,72.1,No,35
4826-XTSOH,Male,1,Yes,No,Yes,Yes,Fiber optic,No,No,No,No,Yes,No,Month-to-month,Yes,Electronic check,86.05,Yes,1
4827-USJHP,Male,0,No,No,Yes,No,DSL,No,Yes,No,No,No,No,Month-to-month,Yes,Mailed check,51.8,No,20
4828-FAZPK,Female,0,Yes,Yes,Yes,Yes,Fiber optic,No,Yes,No,No,No,No,Month-to-month,Yes,Credit card (automatic),79.95,No,16
4829-AUOAX,Female,0,No,No,Yes,Yes,Fiber optic,No,No,No,No,Yes,Yes,Month-to-month,No,Bank transfer (automatic),96.05,Yes,46
4830-FAXFM,Male,0,No,Yes,Yes,Yes,No,No internet service,No internet service,No internet service,No internet service,No internet service,No internet service,Month-to-month,Yes,Credit card (automatic),24.1,No,19
4831-EOBFE,Male,0,Yes,Yes,Yes,No,Fiber optic,Yes,No,No,No,Yes,Yes,Month-to-month,No,Credit card (automatic),94.65,Yes,29
4835-YSJMR,Male,0,No,No,Yes,No,DSL,No,No,No,Yes,No,No,Two year,Yes,Bank transfer (automatic),49.8,No,39
4836-WNFNO,Female,0,Yes,No,Yes,Yes,No,No internet service,No internet service,No internet service,No internet service,No internet service,No internet service,Two year,No,Credit card (automatic),25.0,No,72
4837-PZTIC,Female,0,No,No,No,No phone service,DSL,Yes,No,Yes,Yes,No,No,Two year,No,Mailed check,41.9,No,47
4837-QUSFT,Female,0,Yes,No,Yes,Yes,Fiber optic,Yes,Yes,No,Yes,Yes,No,One year,Yes,Bank transfer (automatic),100.15,No,65
4844-JJWUY,Female,1,No,No,Yes,No,Fiber optic,No,Yes,No,No,No,Yes,Month-to-month,Yes,Electronic check,86.0,Yes,1
4846-WHAFZ,Female,1,Yes,No,Yes,Yes,Fiber optic,No,No,No,No,No,No,Month-to-month,Yes,Electronic check,76.5,Yes,37
4847-QNOKA,Female,0,No,No,Yes,No,DSL,No,No,No,No,No,No,Month-to-month,Yes,Bank transfer (automatic),44.9,Yes,1
4847-TAJYI,Female,1,No,No,Yes,No,Fiber optic,No,No,No,No,Yes,Yes,Month-to-month,Yes,Electronic check,89.35,No,6
4849-PYRLQ,Female,1,No,No,Yes,Yes,DSL,Yes,No,Yes,Yes,No,Yes,Two year,No,Bank transfer (automatic),73.25,No,56
4851-BQDNX,Male,0,Yes,Yes,Yes,No,Fiber optic,No,No,Yes,No,Yes,No,One year,Yes,Electronic check,85.05,No,40
4853-OITSN,Male,0,Yes,No,Yes,Yes,Fiber optic,Yes,No,No,No,No,Yes,Month-to-month,Yes,Electronic check,89.15,No,5
4853-RULSV,Male,0,No,No,Yes,Yes,Fiber optic,Yes,No,No,Yes,Yes,Yes,Two year,Yes,Credit card (automatic),104.0,Yes,70
4854-CIDCF,Female,1,No,No,Yes,No,Fiber optic,No,No,Yes,No,No,No,Month-to-month,No,Electronic check,73.85,No,3
4854-SSLTN,Male,0,Yes,Yes,Yes,No,DSL,Yes,Yes,No,Yes,No,No,Two year,No,Mailed check,59.5,No,2
4859-ZSRDZ,Female,0,Yes,Yes,No,No phone service,DSL,No,No,Yes,Yes,Yes,Yes,Two year,Yes,Credit card (automatic),55.5,No,58
4860-IJUDE,Male,0,No,No,Yes,No,Fiber optic,Yes,No,No,No,No,No,Month-to-month,Yes,Credit card (automatic),73.75,No,13
4860-YZGZM,Male,0,No,No,Yes,No,No,No internet service,No internet service,No internet service,No internet service,No internet service,No internet service,Month-to-month,No,Electronic check,20.0,No,10
4869-EPIUS,Male,0,Yes,No,Yes,No,Fiber optic,No,No,No,No,No,Yes,One year,Yes,Electronic check,80.9,No,56
4871-JTKJF,Female,1,No,No,Yes,No,Fiber optic,No,No,No,No,No,No,Month-to-month,Yes,Electronic check,69.65,Yes,1
4872-JCVCA,Female,0,Yes,No,No,No phone service,DSL,Yes,Yes,Yes,Yes,No,No,Two year,Yes,Bank transfer (automatic),47.6,No,71
4872-VXRIL,Male,0,No,No,Yes,Yes,DSL,Yes,Yes,No,Yes,No,No,One year,Yes,Bank transfer (automatic),64.65,No,56
4873-ILOLJ,Male,0,No,No,Yes,No,Fiber optic,No,No,No,No,Yes,Yes,Month-to-month,Yes,Electronic check,90.35,Yes,24
4877-EVATK,Male,0,No,No,Yes,No,No,No internet service,No internet service,No internet service,No internet service,No internet service,No internet service,Month-to-month,No,Mailed check,20.0,Yes,1
4878-BUNFV,Male,0,Yes,Yes,Yes,No,No,No internet service,No internet service,No internet service,No internet service,No internet service,No internet service,Two year,No,Mailed check,20.7,No,42
4879-GZLFH,Female,0,Yes,Yes,Yes,No,Fiber optic,No,No,Yes,No,Yes,Yes,Month-to-month,Yes,Electronic check,92.15,No,42
4881-GQJTW,Male,0,No,No,Yes,No,No,No internet service,No internet service,No internet service,No internet service,No internet service,No internet service,Month-to-month,No,Credit card (automatic),19.6,No,14
4881-JVQOD,Male,1,Yes,Yes,No,No phone service,DSL,No,No,No,No,No,Yes,Month-to-month,Yes,Bank transfer (automatic),34.55,No,10
4883-KCPZJ,Female,0,Yes,Yes,Yes,Yes,No,No internet service,No internet service,No internet service,No internet service,No internet service,No internet service,Two year,No,Credit card (automatic),25.25,No,22
4883-QICIH,Male,0,Yes,Yes,Yes,No,Fiber optic,No,No,No,No,No,No,Month-to-month,Yes,Bank transfer (automatic),69.75,Yes,32
4884-LEVMQ,Male,0,Yes,No,Yes,No,No,No internet service,No internet service,No internet service,No internet service,No internet service,No internet service,Two year,Yes,Bank transfer (automatic),20.45,No,39
4884-TVUQF,Female,1,No,No,Yes,Yes,Fiber optic,Yes,No,Yes,Yes,No,Yes,Two year,No,Credit card (automatic),101.3,No,57
4884-ZTHVF,Female,1,No,No,Yes,No,Fiber optic,No,Yes,No,No,Yes,No,Month-to-month,Yes,Electronic check,87.1,No,8
4890-VMUAV,Male,0,No,No,Yes,Yes,DSL,Yes,Yes,Yes,Yes,No,No,One year,No,Electronic check,71.5,No,63
4892-VLANZ,Male,0,No,No,Yes,No,No,No internet service,No internet service,No internet service,No internet service,No internet service,No internet service,Month-to-month,No,Mailed check,19.8,Yes,1
4893-GYUJU,Female,0,No,No,Yes,No,No,No internet service,No internet service,No internet service,No internet service,No internet service,No internet service,One year,Yes,Mailed check,19.35,No,50
4895-TMWIR,Male,1,Yes,No,Yes,No,No,No internet service,No internet service,No internet service,No internet service,No internet service,No internet service,Month-to-month,No,Mailed check,19.95,Yes,11
4896-CPRPF,Male,0,Yes,Yes,Yes,Yes,No,No internet service,No internet service,No internet service,No internet service,No internet service,No internet service,Two year,No,Bank transfer (automatic),25.45,No,35
4897-QSUYC,Female,0,No,No,Yes,No,No,No internet service,No internet service,No internet service,No internet service,No internet service,No internet service,Month-to-month,Yes,Mailed check,20.15,Yes,1
4900-MSOMT,Female,0,Yes,Yes,Yes,Yes,DSL,Yes,Yes,Yes,Yes,Yes,No,Two year,No,Bank transfer (automatic),80.2,No,72
4902-OHLSK,Female,1,No,No,Yes,Yes,Fiber optic,No,No,No,Yes,Yes,Yes,Month-to-month,No,Electronic check,98.65,Yes,29
4903-CNOZC,Male,0,No,No,Yes,Yes,DSL,No,Yes,Yes,No,No,Yes,One year,No,Credit card (automatic),70.9,No,29
4903-UYAVB,Male,0,Yes,No,Yes,No,No,No internet service,No internet service,No internet service,No internet service,No internet service,No internet service,Month-to-month,No,Mailed check,19.35,Yes,5
4905-JEFDW,Male,0,No,No,No,No phone service,DSL,No,No,Yes,No,Yes,No,One year,Yes,Electronic check,41.6,Yes,11
4906-ZHGPK,Male,0,Yes,Yes,Yes,Yes,DSL,No,Yes,No,Yes,Yes,No,One year,Yes,Electronic check,70.7,No,54
4908-XAXAY,Female,1,No,No,Yes,No,Fiber optic,No,Yes,Yes,No,No,Yes,One year,Yes,Bank transfer (automatic),89.85,No,49
4909-JOUPP,Male,1,Yes,No,Yes,Yes,Fiber optic,No,Yes,Yes,Yes,Yes,Yes,Two year,No,Credit card (automatic),109.7,No,72
4910-AQFFX,Male,0,Yes,Yes,Yes,Yes,Fiber optic,No,No,Yes,No,No,No,Month-to-month,Yes,Bank transfer (automatic),79.35,Yes,9
4911-BANWH,Female,0,No,Yes,Yes,Yes,Fiber optic,No,No,No,No,Yes,No,Month-to-month,Yes,Credit card (automatic),86.55,Yes,31
4912-PIGUY,Female,0,No,No,Yes,Yes,Fiber optic,No,No,No,No,Yes,No,Month-to-month,Yes,Electronic check,84.6,No,1
4913-EHYUI,Male,1,Yes,Yes,Yes,Yes,Fiber optic,Yes,No,Yes,No,Yes,Yes,One year,Yes,Bank transfer (automatic),104.55,Yes,56
4915-BFSXL,Male,0,Yes,Yes,Yes,Yes,DSL,Yes,No,Yes,No,Yes,No,Two year,No,Credit card (automatic),68.95,No,70
4918-FYJNT,Female,1,Yes,No,Yes,Yes,Fiber optic,No,Yes,Yes,Yes,No,No,Month-to-month,No,Electronic check,90.45,No,55
4918-QLLIW,Male,0,No,No,Yes,No,DSL,No,No,No,No,Yes,No,Month-to-month,No,Credit card (automatic),53.4,Yes,3
4919-IKATY,Male,0,Yes,Yes,Yes,Yes,Fiber optic,Yes,No,Yes,No,No,No,Month-to-month,Yes,Electronic check,84.5,Yes,5
4919-MOAVT,Male,0,No,Yes,Yes,No,Fiber optic,No,No,No,No,No,No,Month-to-month,No,Electronic check,69.65,Yes,3
4922-CVPDX,Female,0,Yes,No,Yes,No,DSL,No,Yes,Yes,No,Yes,Yes,Two year,Yes,Credit card (automatic),73.5,No,26
4923-ADWXJ,Female,0,No,No,Yes,No,DSL,No,Yes,No,Yes,No,Yes,Month-to-month,Yes,Bank transfer (automatic),65.8,No,25
4925-LMHOK,Male,0,No,No,Yes,Yes,DSL,No,Yes,No,Yes,No,No,Month-to-month,Yes,Credit card (automatic),58.6,Yes,15
4926-UMJZD,Female,0,Yes,No,Yes,No,DSL,No,No,No,Yes,No,No,Month-to-month,Yes,Mailed check,49.2,No,31
4927-WWOOZ,Male,0,Yes,No,Yes,Yes,Fiber optic,No,No,Yes,No,Yes,No,Month-to-month,Yes,Electronic check,91.45,No,2
4929-BSTRX,Female,0,No,No,Yes,No,DSL,No,No,No,No,Yes,No,Month-to-month,Yes,Mailed check,53.55,Yes,1
4929-ROART,Male,0,No,No,Yes,Yes,DSL,Yes,No,No,No,No,No,Month-to-month,No,Mailed check,56.25,No,18
4929-XIHVW,Male,1,Yes,No,Yes,No,Fiber optic,No,No,Yes,No,Yes,Yes,Month-to-month,Yes,Credit card (automatic),95.5,No,2
4931-TRZWN,Female,0,No,No,Yes,No,DSL,Yes,No,No,No,Yes,Yes,Month-to-month,Yes,Electronic check,71.95,No,13
4936-YPJNK,Female,0,No,No,Yes,No,No,No internet service,No internet service,No internet service,No internet service,No internet service,No internet service,Month-to-month,Yes,Mailed check,19.9,No,10
4937-QPZPO,Male,0,Yes,Yes,Yes,Yes,Fiber optic,No,No,Yes,No,Yes,Yes,One year,Yes,Electronic check,99.9,No,61
4939-KYYPY,Male,0,No,No,Yes,Yes,DSL,No,No,Yes,Yes,No,No,Month-to-month,No,Electronic check,59.45,No,27
4940-KHCWD,Female,0,Yes,No,No,No phone service,DSL,Yes,Yes,No,Yes,No,No,Two year,No,Bank transfer (automatic),37.7,No,60
4942-VZZOM,Male,0,Yes,No,Yes,Yes,DSL,Yes,No,No,No,Yes,No,One year,Yes,Credit card (automatic),66.15,No,64
4945-RVMTE,Female,0,No,No,Yes,No,DSL,No,No,Yes,No,Yes,No,Month-to-month,Yes,Bank transfer (automatic),59.55,No,28
4948-WBBKL,Female,1,No,No,Yes,Yes,Fiber optic,No,No,No,No,No,No,Month-to-month,Yes,Bank transfer (automatic),74.9,No,36
4950-BDEUX,Male,0,No,No,No,No phone service,DSL,No,No,Yes,No,Yes,Yes,Month-to-month,No,Electronic check,49.2,No,35
4950-HKQTE,Female,0,No,No,Yes,Yes,No,No internet service,No internet service,No internet service,No internet service,No internet service,No internet service,Two year,No,Mailed check,26.25,No,22
4951-UKAAQ,Female,0,No,No,Yes,Yes,Fiber optic,No,Yes,No,No,No,Yes,Month-to-month,Yes,Electronic check,88.95,Yes,4
4952-YSOGZ,Female,0,Yes,Yes,Yes,Yes,Fiber optic,No,No,No,No,No,Yes,Month-to-month,Yes,Electronic check,85.95,Yes,4
4957-TIALW,Female,0,No,Yes,Yes,No,DSL,Yes,Yes,Yes,Yes,No,No,One year,No,Credit card (automatic),65.6,No,15
4957-TREIR,Male,0,No,No,Yes,No,DSL,Yes,No,No,Yes,Yes,No,Month-to-month,Yes,Credit card (automatic),64.4,No,3
4958-XCBDQ,Male,1,No,No,Yes,Yes,Fiber optic,No,No,Yes,No,Yes,Yes,Month-to-month,Yes,Electronic check,101.4,Yes,35
4959-JOSRX,Female,0,Yes,No,Yes,No,DSL,No,No,No,No,No,No,Month-to-month,Yes,Credit card (automatic),44.6,Yes,2
4962-CHQPW,Male,0,No,Yes,Yes,No,No,No internet service,No internet service,No internet service,No internet service,No internet service,No internet service,One year,No,Mailed check,19.85,No,29
4967-WPNCF,Male,0,No,No,No,No phone service,DSL,Yes,Yes,Yes,Yes,Yes,Yes,Two year,Yes,Bank transfer (automatic),63.7,No,72
4971-PUYQO,Female,0,No,No,Yes,Yes,Fiber optic,No,No,No,No,Yes,Yes,Month-to-month,Yes,Mailed check,94.55,Yes,27
4973-MGTON,Female,0,Yes,No,Yes,No,DSL,Yes,Yes,Yes,Yes,Yes,Yes,Two year,Yes,Credit card (automatic),84.4,No,71
4973-RLZVI,Female,0,No,No,Yes,No,DSL,Yes,Yes,Yes,Yes,Yes,No,One year,No,Credit card (automatic),74.65,No,30
4976-LNFVV,Male,1,Yes,No,No,No phone service,DSL,No,Yes,Yes,No,No,No,Month-to-month,Yes,Credit card (automatic),34.3,No,19
4979-HPRFL,Male,0,Yes,Yes,Yes,Yes,No,No internet service,No internet service,No internet service,No internet service,No internet service,No internet service,Two year,No,Bank transfer (automatic),24.15,No,56
4980-URKXC,Male,0,Yes,No,Yes,No,No,No internet service,No internet service,No internet service,No internet service,No internet service,No internet service,One year,No,Bank transfer (automatic),20.85,No,36
4981-FLTMF,Female,0,Yes,Yes,Yes,Yes,DSL,Yes,Yes,No,Yes,No,No,Month-to-month,No,Bank transfer (automatic),65.2,No,57
4983-CCWMC,Male,0,No,No,Yes,No,Fiber optic,No,No,No,No,No,No,Month-to-month,Yes,Mailed check,69.6,No,3
4983-CLMLV,Female,0,Yes,No,Yes,Yes,Fiber optic,No,Yes,No,Yes,Yes,Yes,Month-to-month,Yes,Credit card (automatic),102.7,No,52
4986-MXSFP,Female,0,No,No,Yes,No,No,No internet service,No internet service,No internet service,No internet service,No internet service,No internet service,Month-to-month,Yes,Mailed check,20.0,No,2
4987-GQWPO,Male,0,No,No,No,No phone service,DSL,No,No,No,No,No,No,Month-to-month,No,Credit card (automatic),25.1,No,17
4988-IQIGL,Male,1,No,No,Yes,Yes,Fiber optic,No,No,No,No,No,No,Month-to-month,Yes,Electronic check,75.35,Yes,1
4992-LTJNE,Male,0,Yes,Yes,Yes,Yes,DSL,Yes,No,No,No,No,No,Two year,No,Bank transfer (automatic),55.3,No,72
4993-JCRGJ,Male,0,No,No,Yes,Yes,Fiber optic,No,No,Yes,Yes,No,No,Month-to-month,Yes,Mailed check,84.3,No,26
4994-OBRSZ,Male,0,No,Yes,Yes,No,DSL,Yes,Yes,Yes,Yes,No,Yes,Two year,No,Bank transfer (automatic),76.1,No,14
4998-IKFSE,Female,0,No,No,Yes,Yes,Fiber optic,No,No,Yes,No,Yes,Yes,Month-to-month,No,Electronic check,100.45,No,30
4999-IEZLT,Male,0,No,No,No,No phone service,DSL,No,No,No,Yes,No,No,One year,No,Credit card (automatic),29.45,No,66
5003-OKNNK,Female,0,Yes,Yes,Yes,No,No,No internet service,No internet service,No internet service,No internet service,No internet service,No internet service,One year,No,Credit card (automatic),20.35,No,15
5006-MXVRN,Female,0,No,No,Yes,No,No,No internet service,No internet service,No internet service,No internet service,No internet service,No internet service,Two year,No,Credit card (automatic),20.7,No,39
5010-IPEAQ,Female,0,Yes,Yes,No,No phone service,DSL,Yes,Yes,Yes,Yes,Yes,No,Two year,No,Credit card (automatic),54.2,No,67
5012-YSPJJ,Male,0,Yes,Yes,Yes,No,DSL,No,No,Yes,Yes,No,No,Month-to-month,No,Mailed check,54.35,No,31
5013-SBUIH,Female,0,No,No,Yes,Yes,Fiber optic,Yes,Yes,No,Yes,Yes,Yes,Two year,Yes,Electronic check,109.65,Yes,50
5014-GSOUQ,Male,0,No,No,Yes,No,No,No internet service,No internet service,No internet service,No internet service,No internet service,No internet service,Two year,No,Mailed check,19.95,No,13
5016-ETTFF,Male,0,No,No,No,No phone service,DSL,No,No,Yes,No,No,No,Month-to-month,No,Mailed check,29.5,Yes,10
5016-IBERQ,Male,0,Yes,No,Yes,Yes,Fiber optic,No,Yes,Yes,No,No,No,Month-to-month,No,Electronic check,84.25,No,23
5018-GWURO,Female,0,Yes,No,Yes,Yes,Fiber optic,No,No,No,No,Yes,No,Month-to-month,Yes,Bank transfer (automatic),85.6,No,56
5018-HEKFO,Female,0,No,No,Yes,Yes,No,No internet service,No internet service,No internet service,No internet service,No internet service,No internet service,Month-to-month,Yes,Mailed check,24.5,No,10
5018-LXQQG,Female,0,Yes,Yes,Yes,No,DSL,Yes,No,No,Yes,No,Yes,Month-to-month,No,Bank transfer (automatic),66.3,No,30
5019-GQVCR,Male,1,No,No,Yes,Yes,Fiber optic,No,No,No,No,Yes,No,Month-to-month,Yes,Electronic check,84.85,No,43
5020-ZSTTY,Female,1,No,No,Yes,Yes,DSL,Yes,Yes,No,Yes,Yes,Yes,One year,No,Bank transfer (automatic),82.45,Yes,54
5022-JNQEQ,Female,0,Yes,Yes,Yes,No,Fiber optic,No,No,No,Yes,No,No,Month-to-month,Yes,Electronic check,75.85,No,9
5022-KVDQT,Male,0,No,No,Yes,Yes,Fiber optic,No,No,Yes,No,No,No,Month-to-month,Yes,Electronic check,81.3,No,27
5025-GOOKI,Female,0,No,No,Yes,No,No,No internet service,No internet service,No internet service,No internet service,No internet service,No internet service,Month-to-month,Yes,Credit card (automatic),18.9,No,20
5027-QPKTE,Male,0,Yes,No,Yes,No,Fiber optic,No,No,No,No,No,No,Month-to-month,Yes,Electronic check,69.35,Yes,7
5027-XWQHA,Male,0,No,No,Yes,No,DSL,No,No,No,No,No,No,Month-to-month,No,Electronic check,44.75,Yes,6
5027-YOCXN,Male,0,Yes,Yes,Yes,Yes,Fiber optic,Yes,Yes,No,Yes,Yes,Yes,One year,No,Credit card (automatic),110.05,No,51
5028-GZLDO,Male,0,No,No,Yes,No,Fiber optic,No,No,No,No,No,No,Month-to-month,No,Credit card (automatic),70.7,Yes,2
5028-HTLJB,Male,1,No,No,Yes,No,No,No internet service,No internet service,No internet service,No internet service,No internet service,No internet service,Month-to-month,No,Mailed check,20.05,Yes,1
5032-USPKF,Female,0,No,No,Yes,Yes,DSL,Yes,Yes,Yes,No,Yes,Yes,One year,No,Bank transfer (automatic),84.1,No,38
5035-BVCXS,Male,0,No,No,Yes,No,Fiber optic,No,Yes,No,No,No,No,Month-to-month,Yes,Mailed check,75.9,No,11
5035-PGZXH,Female,0,No,No,Yes,Yes,Fiber optic,No,Yes,Yes,No,Yes,Yes,One year,Yes,Electronic check,106.8,No,56
5038-ETMLM,Female,0,Yes,No,Yes,Yes,Fiber optic,Yes,Yes,Yes,Yes,Yes,Yes,Two year,Yes,Bank transfer (automatic),113.65,No,72
5039-LZRQT,Female,0,No,No,Yes,No,No,No internet service,No internet service,No internet service,No internet service,No internet service,No internet service,One year,No,Mailed check,20.2,No,13
5043-TRZWM,Female,0,No,No,Yes,No,Fiber optic,No,No,Yes,No,No,No,Month-to-month,No,Electronic check,75.55,No,1
5044-LRQAQ,Female,0,Yes,No,Yes,No,Fiber optic,No,No,No,No,No,No,Month-to-month,Yes,Bank transfer (automatic),69.2,No,7
5044-XDPYX,Female,0,Yes,No,Yes,Yes,No,No internet service,No internet service,No internet service,No internet service,No internet service,No internet service,Two year,No,Mailed check,25.5,No,51
5046-NUHWD,Female,1,Yes,No,No,No phone service,DSL,Yes,No,Yes,No,No,Yes,Month-to-month,Yes,Electronic check,45.0,No,29
5047-LHVLY,Male,1,No,Yes,Yes,No,DSL,No,No,Yes,No,No,No,Month-to-month,Yes,Mailed check,50.15,Yes,1
5049-GLYVG,Male,0,No,No,Yes,No,No,No internet service,No internet service,No internet service,No internet service,No internet service,No internet service,Month-to-month,No,Mailed check,20.6,Yes,1
5049-MUBWG,Male,0,No,No,Yes,No,DSL,Yes,No,No,Yes,Yes,Yes,One year,No,Bank transfer (automatic),75.0,No,26
5052-PNLOS,Male,0,No,No,Yes,Yes,Fiber optic,No,Yes,Yes,No,Yes,Yes,Month-to-month,Yes,Bank transfer (automatic),105.35,Yes,3
5055-BRMNE,Female,0,Yes,Yes,Yes,Yes,Fiber optic,Yes,No,No,Yes,Yes,Yes,Two year,No,Credit card (automatic),106.7,No,67
5055-MGMGF,Female,0,Yes,No,Yes,Yes,Fiber optic,Yes,No,Yes,No,Yes,Yes,Month-to-month,Yes,Electronic check,105.05,No,65
5056-FIMPT,Female,0,No,Yes,Yes,No,Fiber optic,Yes,Yes,No,Yes,Yes,Yes,One year,Yes,Credit card (automatic),106.0,No,43
5057-LCOUI,Female,0,No,No,No,No phone service,DSL,No,No,Yes,No,Yes,Yes,Month-to-month,Yes,Electronic check,50.75,Yes,39
5057-RKGLH,Female,0,Yes,Yes,Yes,No,No,No internet service,No internet service,No internet service,No internet service,No internet service,No internet service,Two year,No,Mailed check,20.35,No,9
5061-PBXFW,Female,0,Yes,Yes,Yes,No,DSL,Yes,Yes,No,Yes,No,No,Month-to-month,No,Bank transfer (automatic),61.4,No,32
5066-GFJMM,Female,0,Yes,No,Yes,No,No,No internet service,No internet service,No internet service,No internet service,No internet service,No internet service,Month-to-month,Yes,Mailed check,19.9,No,3
5067-WJEUN,Male,0,Yes,Yes,Yes,No,DSL,Yes,Yes,No,No,No,No,Two year,Yes,Bank transfer (automatic),54.2,No,67
5073-RZGBK,Female,0,Yes,Yes,Yes,Yes,DSL,Yes,Yes,Yes,Yes,No,Yes,One year,Yes,Bank transfer (automatic),80.05,No,50
5073-WXOYN,Female,0,No,No,No,No phone service,DSL,No,Yes,No,No,Yes,Yes,Month-to-month,Yes,Electronic check,50.8,Yes,60
5076-YVXCM,Male,0,No,No,Yes,Yes,Fiber optic,No,No,No,No,No,Yes,Month-to-month,No,Bank transfer (automatic),83.4,No,51
5077-DXTCG,Female,0,No,No,Yes,No,DSL,No,No,No,No,No,No,Month-to-month,Yes,Electronic check,45.3,Yes,1
5081-NWSUP,Female,0,No,No,Yes,No,DSL,No,Yes,No,Yes,No,Yes,One year,No,Mailed check,64.9,No,10
5084-OOVCJ,Female,0,Yes,Yes,Yes,No,DSL,Yes,No,No,Yes,No,No,Month-to-month,Yes,Credit card (automatic),55.35,No,17
5089-IFSDP,Female,0,Yes,No,Yes,Yes,Fiber optic,Yes,Yes,Yes,No,Yes,Yes,Two year,Yes,Bank transfer (automatic),109.45,Yes,58
5090-EMGTC,Female,0,Yes,No,Yes,No,Fiber optic,No,Yes,No,Yes,Yes,Yes,Two year,Yes,Mailed check,100.05,No,59
5091-HFAZW,Female,0,No,No,Yes,No,Fiber optic,Yes,Yes,No,No,Yes,No,Month-to-month,Yes,Electronic check,91.15,No,2
5093-FEGLU,Female,0,Yes,No,Yes,No,No,No internet service,No internet service,No internet service,No internet service,No internet service,No internet service,Two year,No,Bank transfer (automatic),19.65,No,47
5103-MHMHY,Female,0,No,Yes,Yes,No,DSL,No,No,No,No,No,No,Month-to-month,No,Mailed check,45.95,Yes,1
5110-CHOPY,Female,0,No,No,No,No phone service,DSL,Yes,No,Yes,No,Yes,Yes,Two year,No,Electronic check,53.6,No,60
5115-GZDEL,Male,0,No,Yes,No,No phone service,DSL,Yes,Yes,Yes,Yes,Yes,Yes,Two year,No,Credit card (automatic),67.2,No,72
5115-SQAAU,Female,0,Yes,Yes,Yes,Yes,No,No internet service,No internet service,No internet service,No internet service,No internet service,No internet service,Two year,Yes,Bank transfer (automatic),25.6,No,69
5117-IFGPS,Male,1,Yes,No,Yes,Yes,Fiber optic,No,No,No,No,No,Yes,Month-to-month,Yes,Electronic check,84.3,No,29
5117-ZSMHQ,Female,0,Yes,Yes,Yes,Yes,DSL,Yes,Yes,Yes,Yes,Yes,Yes,Two year,No,Bank transfer (automatic),89.9,No,71
5118-MUEYH,Female,0,Yes,No,Yes,Yes,Fiber optic,No,Yes,No,Yes,Yes,Yes,Month-to-month,Yes,Credit card (automatic),105.1,No,48
5119-KEPFY,Male,0,Yes,No,Yes,Yes,Fiber optic,No,No,No,No,Yes,Yes,Month-to-month,Yes,Bank transfer (automatic),95.0,No,36
5119-NZPTV,Male,1,Yes,No,Yes,No,Fiber optic,No,No,No,No,No,No,Month-to-month,No,Electronic check,70.1,No,2
5120-ZBLAI,Female,0,Yes,No,Yes,Yes,DSL,No,No,Yes,No,Yes,Yes,One year,No,Bank transfer (automatic),75.7,No,50
5122-CYFXA,Female,0,No,No,Yes,No,DSL,No,Yes,No,Yes,Yes,Yes,Month-to-month,Yes,Electronic check,75.3,No,3
5124-EOGYE,Male,0,No,No,Yes,No,No,No internet service,No internet service,No internet service,No internet service,No internet service,No internet service,Two year,No,Mailed check,20.45,No,31
5125-CNDSP,Male,0,No,Yes,No,No phone service,DSL,Yes,Yes,No,Yes,No,No,One year,Yes,Bank transfer (automatic),40.6,No,63
5129-HHMZC,Female,0,Yes,No,Yes,Yes,DSL,Yes,Yes,No,Yes,Yes,Yes,Two year,No,Credit card (automatic),86.45,No,43
5130-IEKQT,Male,1,No,No,Yes,Yes,Fiber optic,No,Yes,Yes,No,Yes,Yes,Month-to-month,No,Mailed check,105.95,Yes,25
5130-YPIRV,Female,0,Yes,No,Yes,No,DSL,Yes,Yes,Yes,No,Yes,No,Two year,Yes,Credit card (automatic),72.0,No,62
5131-PONJI,Male,0,Yes,Yes,Yes,No,Fiber optic,No,Yes,Yes,No,Yes,No,Month-to-month,Yes,Credit card (automatic),90.4,No,49
5133-POWUA,Male,0,No,No,Yes,No,DSL,No,No,No,No,No,No,Month-to-month,Yes,Mailed check,45.8,No,1
5133-VRSAB,Male,0,No,No,No,No phone service,DSL,Yes,No,No,No,No,No,Month-to-month,No,Mailed check,29.35,No,8
5134-IKDAY,Female,0,Yes,Yes,Yes,No,Fiber optic,No,No,No,No,No,No,Month-to-month,Yes,Electronic check,69.8,Yes,1
5135-GRQJV,Male,1,Yes,No,Yes,Yes,Fiber optic,Yes,Yes,Yes,Yes,Yes,Yes,Two year,Yes,Mailed check,114.5,No,72
5135-RDDQL,Female,0,Yes,Yes,Yes,No,DSL,Yes,No,No,No,No,No,Two year,Yes,Bank transfer (automatic),50.65,No,63
5136-GFPMB,Male,0,No,No,Yes,Yes,Fiber optic,No,No,Yes,No,No,Yes,Month-to-month,No,Credit card (automatic),89.4,No,54
5136-KCKGI,Female,0,Yes,Yes,Yes,Yes,Fiber optic,Yes,No,Yes,No,Yes,Yes,One year,Yes,Mailed check,103.7,Yes,33
5136-RGMZO,Male,0,No,No,Yes,Yes,DSL,No,Yes,No,Yes,Yes,No,Month-to-month,Yes,Electronic check,71.05,No,31
5140-FOMCQ,Female,0,Yes,No,Yes,Yes,Fiber optic,Yes,Yes,Yes,No,Yes,Yes,One year,Yes,Credit card (automatic),109.15,No,59
5141-ZUVBH,Female,0,No,Yes,Yes,No,Fiber optic,Yes,No,Yes,Yes,No,Yes,Month-to-month,No,Bank transfer (automatic),93.0,No,9
5143-WMWOG,Male,0,No,No,Yes,No,No,No internet service,No internet service,No internet service,No internet service,No internet service,No internet service,Month-to-month,No,Electronic check,19.95,Yes,1
5144-PQCDZ,Male,0,No,No,Yes,No,No,No internet service,No internet service,No internet service,No internet service,No internet service,No internet service,Month-to-month,Yes,Mailed check,19.95,No,4
5146-CBVOE,Female,0,No,No,Yes,No,Fiber optic,No,Yes,No,No,No,No,Month-to-month,No,Bank transfer (automatic),75.1,No,16
5146-YYFRZ,Male,0,No,No,Yes,No,No,No internet service,No internet service,No internet service,No internet service,No internet service,No internet service,Two year,No,Bank transfer (automatic),19.95,No,67
5148-HKFIR,Female,0,No,No,Yes,No,No,No internet service,No internet service,No internet service,No internet service,No internet service,No internet service,Two year,No,Mailed check,19.7,No,20
5148-ORICT,Female,0,Yes,No,Yes,No,DSL,Yes,Yes,Yes,Yes,No,Yes,Two year,Yes,Mailed check,74.35,No,64
5149-CUZUJ,Male,0,Yes,Yes,Yes,No,Fiber optic,No,Yes,Yes,Yes,Yes,No,One year,No,Bank transfer (automatic),92.9,No,28
5149-QYTTU,Female,0,Yes,Yes,Yes,Yes,Fiber optic,Yes,Yes,Yes,Yes,No,No,One year,Yes,Credit card (automatic),95.15,No,71
5149-TGWDZ,Female,0,No,No,Yes,No,Fiber optic,No,Yes,Yes,Yes,Yes,Yes,One year,Yes,Mailed check,104.55,No,21
5150-ITWWB,Male,1,No,No,Yes,Yes,Fiber optic,No,No,No,No,Yes,Yes,Month-to-month,Yes,Electronic check,94.85,No,3
5151-HQRDG,Male,0,Yes,No,Yes,Yes,DSL,Yes,No,No,No,No,No,Month-to-month,Yes,Mailed check,55.05,No,37
5153-LXKDT,Male,0,Yes,Yes,Yes,Yes,Fiber optic,Yes,Yes,Yes,No,Yes,Yes,Two year,Yes,Electronic check,110.2,No,68
5153-RTHKF,Female,0,No,No,Yes,Yes,Fiber optic,No,No,No,No,Yes,No,Month-to-month,No,Electronic check,85.35,No,34
5155-AZQPB,Female,0,Yes,Yes,Yes,Yes,DSL,No,No,No,No,No,No,Month-to-month,No,Mailed check,49.9,No,28
5156-UMKOW,Female,0,No,Yes,No,No phone service,DSL,No,Yes,No,No,No,No,Month-to-month,No,Mailed check,29.65,No,3
5158-RIVOP,Female,0,Yes,Yes,Yes,No,No,No internet service,No internet service,No internet service,No internet service,No internet service,No internet service,Two year,No,Credit card (automatic),20.9,No,11
5159-YFPKQ,Female,0,No,No,Yes,No,Fiber optic,No,No,Yes,No,No,No,Month-to-month,Yes,Electronic check,75.8,Yes,2
5160-UXJED,Male,0,No,Yes,Yes,No,DSL,No,No,No,No,No,No,One year,No,Mailed check,44.6,No,17
5161-UBZXI,Male,0,Yes,Yes,Yes,No,Fiber optic,Yes,Yes,No,Yes,Yes,Yes,Two year,Yes,Credit card (automatic),106.35,No,69
5161-XEUVX,Male,0,Yes,No,Yes,Yes,Fiber optic,No,No,Yes,Yes,Yes,No,Two year,No,Mailed check,94.3,No,37
5167-GBFRE,Male,1,No,No,No,No phone service,DSL,No,No,No,No,No,No,Month-to-month,Yes,Bank transfer (automatic),25.2,Yes,4
5167-ZFFMM,Male,0,No,No,Yes,Yes,Fiber optic,No,Yes,No,No,No,Yes,Month-to-month,Yes,Credit card (automatic),90.85,Yes,1
5170-PTRKA,Female,0,Yes,Yes,No,No phone service,DSL,Yes,No,No,Yes,No,No,One year,Yes,Credit card (automatic),35.8,No,49
5171-EPLKN,Male,0,No,No,Yes,No,No,No internet service,No internet service,No internet service,No internet service,No internet service,No internet service,Two year,No,Credit card (automatic),19.85,No,27
5172-MIGPM,Male,0,No,No,Yes,Yes,DSL,No,No,No,Yes,No,Yes,Month-to-month,No,Mailed check,65.55,No,4
5172-RKOCB,Male,0,Yes,No,Yes,Yes,Fiber optic,Yes,Yes,No,Yes,Yes,Yes,Two year,Yes,Credit card (automatic),108.95,No,72
5173-WXOQV,Male,0,Yes,No,Yes,No,DSL,No,Yes,No,Yes,No,Yes,Month-to-month,Yes,Mailed check,64.2,No,2
5174-ITUMV,Male,0,Yes,Yes,Yes,Yes,Fiber optic,No,Yes,Yes,No,Yes,Yes,One year,Yes,Electronic check,105.4,No,67
5174-RNGBH,Female,0,No,No,Yes,No,DSL,No,Yes,No,Yes,Yes,No,Month-to-month,No,Mailed check,66.25,Yes,9
5175-AOBHI,Female,0,No,No,Yes,No,DSL,No,No,No,No,No,No,Month-to-month,Yes,Mailed check,46.0,Yes,4
5176-LDKUH,Female,0,No,No,Yes,No,Fiber optic,No,Yes,No,No,No,No,One year,No,Electronic check,75.15,No,48
5176-LMJXE,Female,0,No,No,Yes,No,No,No internet service,No internet service,No internet service,No internet service,No internet service,No internet service,Two year,Yes,Mailed check,20.55,No,47
5176-OLSKT,Female,0,Yes,No,Yes,Yes,DSL,Yes,Yes,Yes,No,No,No,Two year,No,Bank transfer (automatic),66.9,No,66
5177-RVZNU,Female,0,No,Yes,Yes,No,No,No internet service,No internet service,No internet service,No internet service,No internet service,No internet service,One year,No,Bank transfer (automatic),20.3,No,37
5178-LMXOP,Male,1,Yes,No,Yes,Yes,Fiber optic,No,No,No,No,Yes,Yes,Month-to-month,Yes,Electronic check,95.1,Yes,1
5181-OABFK,Female,0,Yes,Yes,Yes,No,DSL,Yes,Yes,Yes,No,No,No,Two year,Yes,Credit card (automatic),61.3,No,56
5183-KLYEM,Female,0,No,No,Yes,Yes,Fiber optic,Yes,Yes,Yes,Yes,Yes,Yes,Two year,Yes,Credit card (automatic),112.75,No,72
5186-EJEGL,Male,0,No,No,Yes,No,DSL,Yes,No,Yes,Yes,Yes,No,Month-to-month,Yes,Mailed check,69.5,No,9
5186-PEIZU,Female,0,No,No,Yes,No,No,No internet service,No internet service,No internet service,No internet service,No internet service,No internet service,Month-to-month,No,Bank transfer (automatic),19.25,No,35
5188-HGMLP,Male,1,Yes,No,Yes,Yes,Fiber optic,No,No,No,No,No,No,Month-to-month,No,Bank transfer (automatic),74.0,No,54
5193-QLVZB,Male,0,No,No,Yes,Yes,Fiber optic,No,Yes,Yes,No,Yes,Yes,Two year,Yes,Bank transfer (automatic),104.75,No,63
5195-KPUNQ,Female,1,No,No,Yes,No,Fiber optic,Yes,Yes,No,Yes,No,Yes,One year,Yes,Mailed check,96.75,No,53
5196-SGOAK,Female,0,No,No,Yes,No,Fiber optic,No,Yes,No,No,No,No,Month-to-month,Yes,Electronic check,75.7,Yes,1
5196-WPYOW,Male,0,Yes,Yes,Yes,No,DSL,Yes,Yes,No,Yes,No,No,One year,No,Mailed check,60.05,No,67
5197-LQXXH,Female,0,Yes,No,Yes,Yes,DSL,No,Yes,Yes,Yes,Yes,Yes,Two year,Yes,Credit card (automatic),83.3,No,71
5197-PYEPU,Female,0,Yes,Yes,Yes,Yes,Fiber optic,Yes,Yes,No,No,Yes,No,One year,Yes,Credit card (automatic),94.45,No,42
5197-YPYBZ,Female,0,Yes,Yes,Yes,Yes,No,No internet service,No internet service,No internet service,No internet service,No internet service,No internet service,Two year,No,Credit card (automatic),25.25,No,12
5198-EFNBM,Male,1,Yes,No,Yes,No,Fiber optic,No,Yes,Yes,No,Yes,No,One year,Yes,Electronic check,90.65,No,57
5198-HQAEN,Male,0,Yes,Yes,Yes,No,Fiber optic,No,Yes,No,Yes,Yes,No,One year,Yes,Electronic check,89.7,No,35
5199-FPUSP,Male,0,No,Yes,No,No phone service,DSL,Yes,No,No,Yes,No,No,One year,No,Credit card (automatic),34.05,No,33
5201-CBWYG,Male,0,Yes,Yes,Yes,Yes,No,No internet service,No internet service,No internet service,No internet service,No internet service,No internet service,One year,No,Bank transfer (automatic),24.8,No,62
5201-FRKKS,Male,0,No,No,Yes,No,Fiber optic,Yes,No,No,No,No,No,Month-to-month,No,Bank transfer (automatic),74.3,No,25
5202-IVJNU,Female,0,No,Yes,No,No phone service,DSL,No,No,Yes,No,No,No,Month-to-month,No,Credit card (automatic),30.1,Yes,39
5203-XEHAX,Female,0,No,No,Yes,No,DSL,Yes,Yes,No,No,No,Yes,One year,No,Electronic check,64.35,No,34
5204-HMGYF,Female,0,Yes,Yes,Yes,No,DSL,Yes,Yes,Yes,Yes,Yes,Yes,One year,Yes,Mailed check,87.2,No,49
5204-QZXPU,Male,0,No,No,No,No phone service,DSL,No,No,Yes,No,Yes,No,Month-to-month,Yes,Electronic check,39.65,Yes,19
5206-HPJKM,Male,0,No,No,Yes,No,DSL,Yes,Yes,No,No,No,No,Month-to-month,Yes,Credit card (automatic),55.5,No,17
5207-PLSTK,Male,0,Yes,Yes,Yes,No,DSL,Yes,No,No,No,No,No,Month-to-month,Yes,Mailed check,48.75,No,1
5208-FVQKB,Male,0,Yes,No,Yes,No,DSL,Yes,Yes,No,Yes,No,Yes,Two year,No,Mailed check,67.95,No,70
5208-HFSBT,Female,0,No,No,Yes,No,DSL,No,Yes,No,Yes,No,No,Month-to-month,Yes,Credit card (automatic),55.05,Yes,2
5215-LNLDJ,Female,0,Yes,Yes,No,No phone service,DSL,No,No,No,No,No,No,Month-to-month,Yes,Electronic check,24.7,No,7
5216-WASFJ,Female,1,Yes,No,Yes,Yes,Fiber optic,No,No,No,No,No,Yes,Month-to-month,Yes,Electronic check,84.85,No,31
5219-YIPTK,Female,0,Yes,No,Yes,Yes,Fiber optic,No,Yes,Yes,No,Yes,Yes,Month-to-month,Yes,Electronic check,104.4,Yes,33
5220-AGAAX,Male,0,Yes,Yes,Yes,Yes,No,No internet service,No internet service,No internet service,No internet service,No internet service,No internet service,Two year,Yes,Bank transfer (automatic),24.0,No,68
5222-IMUKT,Male,0,No,No,Yes,No,Fiber optic,No,No,No,No,Yes,Yes,Month-to-month,No,Electronic check,91.05,No,32
5222-JCXZT,Male,0,No,No,Yes,No,No,No internet service,No internet service,No internet service,No internet service,No internet service,No internet service,Month-to-month,No,Mailed check,19.0,No,4
5223-UZAVK,Male,0,No,No,Yes,No,Fiber optic,Yes,Yes,No,No,Yes,Yes,One year,Yes,Credit card (automatic),100.3,No,64
5226-NOZFC,Male,0,No,No,Yes,No,Fiber optic,No,Yes,No,No,Yes,No,Month-to-month,Yes,Electronic check,85.75,No,26
5227-JSCFE,Male,1,Yes,No,No,No phone service,DSL,Yes,Yes,Yes,Yes,No,No,Two year,No,Credit card (automatic),46.35,No,71
5228-EXCET,Male,0,No,No,Yes,No,Fiber optic,No,No,No,No,No,Yes,Month-to-month,Yes,Electronic check,80.85,Yes,13
5229-DTFYB,Female,0,No,No,Yes,No,Fiber optic,No,Yes,No,Yes,Yes,Yes,Two year,Yes,Bank transfer (automatic),98.8,No,41
5229-PRWKT,Male,0,No,No,Yes,Yes,Fiber optic,No,No,No,No,No,Yes,Month-to-month,Yes,Electronic check,86.55,Yes,8
5231-FIQPA,Female,0,No,No,Yes,No,No,No internet service,No internet service,No internet service,No internet service,No internet service,No internet service,Two year,Yes,Mailed check,19.85,No,41
5233-AOZUF,Female,0,Yes,No,Yes,Yes,Fiber optic,No,No,No,No,No,No,Month-to-month,Yes,Electronic check,74.95,No,29
5233-GEEAX,Male,1,No,No,No,No phone service,DSL,No,No,Yes,No,No,No,Month-to-month,Yes,Electronic check,29.4,Yes,8
5236-XMZJY,Female,0,No,No,Yes,No,DSL,Yes,Yes,Yes,No,No,No,Month-to-month,No,Bank transfer (automatic),59.65,No,42
5240-CAOYT,Female,0,No,No,Yes,Yes,Fiber optic,Yes,Yes,No,Yes,No,No,Month-to-month,Yes,Bank transfer (automatic),87.55,No,57
5240-IJOQT,Male,1,No,No,Yes,Yes,Fiber optic,No,No,No,No,No,No,Month-to-month,Yes,Electronic check,74.7,Yes,1
5242-UOWHD,Male,0,Yes,Yes,Yes,No,No,No internet service,No internet service,No internet service,No internet service,No internet service,No internet service,Two year,No,Mailed check,20.35,No,45
5245-VDBUR,Female,0,Yes,No,No,No phone service,DSL,Yes,No,Yes,No,No,No,One year,No,Mailed check,35.45,No,52
5248-KWLAR,Male,0,Yes,Yes,Yes,Yes,DSL,Yes,Yes,Yes,Yes,Yes,Yes,Two year,No,Electronic check,90.35,No,71
5248-RPYWW,Female,1,Yes,Yes,Yes,Yes,DSL,Yes,Yes,Yes,Yes,Yes,Yes,Two year,Yes,Bank transfer (automatic),90.15,No,72
5248-YGIJN,Male,0,Yes,No,Yes,Yes,DSL,Yes,Yes,Yes,Yes,Yes,Yes,Two year,Yes,Credit card (automatic),90.25,No,72
5249-QYHEX,Female,0,Yes,Yes,Yes,Yes,No,No internet service,No internet service,No internet service,No internet service,No internet service,No internet service,Two year,Yes,Mailed check,24.8,No,40
5256-SKJGO,Female,0,Yes,Yes,No,No phone service,DSL,No,Yes,No,Yes,Yes,Yes,Two year,Yes,Electronic check,54.6,No,64
5260-UMPWX,Female,0,Yes,Yes,Yes,No,No,No internet service,No internet service,No internet service,No internet service,No internet service,No internet service,Month-to-month,Yes,Credit card (automatic),20.25,No,26
5261-QSHQM,Female,0,No,No,No,No phone service,DSL,No,No,No,No,No,No,Month-to-month,Yes,Electronic check,24.45,Yes,4
5266-PFRQK,Male,0,Yes,Yes,Yes,No,No,No internet service,No internet service,No internet service,No internet service,No internet service,No internet service,One year,Yes,Credit card (automatic),20.85,No,52
5268-DSMNQ,Female,1,Yes,No,Yes,Yes,Fiber optic,No,Yes,Yes,No,Yes,No,One year,Yes,Credit card (automatic),97.95,No,62
5269-NRGDP,Male,0,Yes,Yes,Yes,No,DSL,No,No,Yes,Yes,Yes,Yes,One year,No,Electronic check,73.15,No,42
5271-YNWVR,Male,0,Yes,Yes,Yes,Yes,Fiber optic,Yes,Yes,Yes,Yes,Yes,Yes,Two year,Yes,Electronic check,113.15,Yes,68
5274-XHAKY,Female,0,Yes,Yes,Yes,Yes,Fiber optic,Yes,Yes,No,No,Yes,No,Month-to-month,Yes,Bank transfer (automatic),94.3,No,41
5275-SQEIZ,Male,0,No,No,Yes,No,Fiber optic,No,No,No,No,No,Yes,Month-to-month,Yes,Mailed check,80.85,Yes,1
5276-KQWHG,Female,1,No,No,Yes,No,Fiber optic,No,No,No,No,No,No,Month-to-month,Yes,Electronic check,69.6,Yes,2
5277-ZLOOR,Female,1,No,No,Yes,Yes,Fiber optic,No,No,No,No,Yes,No,Month-to-month,Yes,Electronic check,85.55,Yes,2
5278-PNYOX,Female,0,No,No,Yes,No,Fiber optic,No,No,Yes,Yes,Yes,Yes,Two year,No,Credit card (automatic),100.65,No,49
5281-BUZGT,Male,1,No,No,Yes,Yes,Fiber optic,Yes,No,No,No,Yes,No,Month-to-month,Yes,Electronic check,90.85,Yes,36
5286-YHCVC,Male,0,Yes,No,Yes,Yes,Fiber optic,No,Yes,Yes,No,Yes,Yes,Two year,Yes,Bank transfer (automatic),104.8,No,72
5287-QWLKY,Male,1,Yes,Yes,Yes,Yes,Fiber optic,Yes,Yes,No,No,Yes,Yes,Month-to-month,Yes,Credit card (automatic),105.1,Yes,71
5293-WXJAK,Female,1,Yes,No,Yes,Yes,Fiber optic,No,No,Yes,Yes,Yes,Yes,Month-to-month,Yes,Bank transfer (automatic),104.05,Yes,11
5294-CDGWY,Male,0,Yes,Yes,No,No phone service,DSL,Yes,Yes,Yes,No,Yes,Yes,One year,No,Electronic check,59.3,Yes,51
5294-IMHHT,Male,0,Yes,No,Yes,Yes,Fiber optic,No,Yes,No,Yes,No,Yes,One year,No,Bank transfer (automatic),97.75,No,53
5295-PCJOO,Male,0,No,Yes,Yes,No,DSL,Yes,No,No,No,No,No,Month-to-month,Yes,Electronic check,49.4,Yes,4
5296-BFCYD,Male,0,Yes,Yes,Yes,No,No,No internet service,No internet service,No internet service,No internet service,No internet service,No internet service,Two year,Yes,Mailed check,20.1,No,46
5297-MDOIR,Female,0,Yes,No,Yes,No,Fiber optic,Yes,No,Yes,No,No,No,One year,Yes,Credit card (automatic),81.15,No,63
5298-GSTLM,Female,1,No,No,Yes,Yes,Fiber optic,Yes,No,No,No,Yes,Yes,One year,Yes,Bank transfer (automatic),101.4,No,60
5299-SJCZT,Male,0,No,No,Yes,Yes,Fiber optic,No,No,Yes,No,Yes,Yes,Month-to-month,Yes,Bank transfer (automatic),101.55,Yes,3
5302-BDJNT,Male,0,No,No,Yes,Yes,Fiber optic,No,No,Yes,Yes,Yes,No,Month-to-month,No,Electronic check,95.5,No,35
5304-EFJLP,Male,1,Yes,No,Yes,Yes,Fiber optic,No,Yes,Yes,Yes,Yes,Yes,Two year,Yes,Bank transfer (automatic),111.65,No,72
5307-DZCVC,Female,1,Yes,No,Yes,Yes,Fiber optic,No,No,No,No,Yes,No,Month-to-month,Yes,Credit card (automatic),85.95,Yes,32
5307-UVGNB,Female,0,Yes,Yes,No,No phone service,DSL,Yes,Yes,Yes,No,No,Yes,Month-to-month,Yes,Bank transfer (automatic),48.7,No,53
5310-NOOVA,Male,0,No,No,Yes,No,No,No internet service,No internet service,No internet service,No internet service,No internet service,No internet service,Two year,No,Electronic check,19.95,No,46
5312-TSZVC,Female,0,No,Yes,Yes,No,No,No internet service,No internet service,No internet service,No internet service,No internet service,No internet service,One year,No,Mailed check,19.65,No,15
5312-UXESG,Female,0,No,No,Yes,Yes,Fiber optic,No,No,Yes,No,Yes,Yes,Month-to-month,No,Bank transfer (automatic),98.05,No,41
5313-FPXWG,Male,0,No,No,Yes,Yes,No,No internet service,No internet service,No internet service,No internet service,No internet service,No internet service,One year,Yes,Bank transfer (automatic),24.6,No,51
5317-FLPJF,Female,0,No,No,No,No phone service,DSL,Yes,No,Yes,Yes,Yes,Yes,Two year,Yes,Bank transfer (automatic),61.35,No,66
5318-IXUZF,Female,0,No,No,Yes,No,Fiber optic,No,Yes,No,No,Yes,No,Month-to-month,Yes,Bank transfer (automatic),87.15,Yes,2
5318-YKDPV,Male,0,Yes,Yes,Yes,No,DSL,Yes,No,Yes,Yes,Yes,Yes,Two year,Yes,Credit card (automatic),79.15,No,43
5320-BRKGK,Female,0,Yes,Yes,Yes,Yes,DSL,Yes,No,Yes,Yes,Yes,No,Two year,No,Mailed check,75.8,No,58
5324-KTGCG,Male,0,Yes,No,Yes,No,No,No internet service,No internet service,No internet service,No internet service,No internet service,No internet service,One year,No,Electronic check,20.85,No,71
5325-UWTWJ,Male,0,Yes,No,Yes,Yes,Fiber optic,Yes,Yes,No,Yes,No,No,Month-to-month,Yes,Credit card (automatic),90.55,No,31
5327-CNLUQ,Male,0,Yes,No,Yes,Yes,Fiber optic,Yes,Yes,Yes,No,Yes,No,Two year,Yes,Bank transfer (automatic),96.9,No,48
5327-XOKKY,Male,1,Yes,No,Yes,Yes,DSL,No,No,Yes,No,Yes,Yes,Two year,Yes,Credit card (automatic),73.45,No,72
5329-KRDTM,Male,1,Yes,No,Yes,Yes,DSL,No,Yes,Yes,Yes,Yes,No,Two year,No,Credit card (automatic),77.35,No,72
5331-RGMTT,Male,1,Yes,No,Yes,Yes,Fiber optic,No,No,Yes,No,Yes,Yes,Month-to-month,Yes,Credit card (automatic),99.05,No,54
5334-AFQJB,Male,1,No,No,Yes,Yes,No,No internet service,No internet service,No internet service,No internet service,No internet service,No internet service,Two year,Yes,Credit card (automatic),25.1,No,72
5334-JLAXU,Female,0,Yes,No,Yes,Yes,Fiber optic,Yes,Yes,No,No,No,Yes,Month-to-month,Yes,Credit card (automatic),94.1,No,60
5336-UFNZP,Female,1,Yes,Yes,Yes,Yes,Fiber optic,No,Yes,Yes,No,Yes,Yes,One year,Yes,Electronic check,107.45,No,65
5338-YHWYT,Male,0,No,Yes,Yes,No,DSL,Yes,Yes,No,Yes,No,No,Two year,No,Credit card (automatic),61.45,No,37
5339-PXDVH,Male,0,No,No,Yes,Yes,Fiber optic,Yes,No,No,No,Yes,No,Month-to-month,No,Electronic check,90.65,No,4
5339-TJFEK,Male,0,Yes,Yes,Yes,Yes,Fiber optic,Yes,Yes,No,No,Yes,Yes,Month-to-month,Yes,Electronic check,105.5,No,62
5343-SGUBI,Female,0,No,No,Yes,Yes,Fiber optic,No,Yes,No,No,No,No,One year,Yes,Mailed check,80.2,No,52
5345-BMKWB,Male,0,Yes,No,Yes,No,No,No internet service,No internet service,No internet service,No internet service,No internet service,No internet service,Month-to-month,No,Mailed check,20.25,No,8
5346-BZCHP,Female,0,Yes,Yes,Yes,No,No,No internet service,No internet service,No internet service,No internet service,No internet service,No internet service,Two year,No,Mailed check,19.4,No,69
5349-AZPEW,Female,0,Yes,Yes,No,No phone service,DSL,No,No,No,No,No,No,Month-to-month,No,Mailed check,25.05,No,5
5349-IECLD,Male,0,No,No,Yes,No,Fiber optic,No,No,Yes,No,Yes,Yes,Month-to-month,No,Electronic check,94.95,Yes,2
5353-WILCI,Female,0,No,No,Yes,No,DSL,Yes,Yes,No,No,No,No,Month-to-month,No,Electronic check,56.05,No,28
5356-KZCKT,Male,0,No,No,Yes,Yes,No,No internet service,No internet service,No internet service,No internet service,No internet service,No internet service,Two year,Yes,Credit card (automatic),24.45,No,58
5356-RHIPP,Male,0,No,No,Yes,No,No,No internet service,No internet service,No internet service,No internet service,No internet service,No internet service,Month-to-month,Yes,Mailed check,20.2,Yes,1
5357-TZHPP,Male,1,No,No,Yes,Yes,Fiber optic,No,No,No,No,No,Yes,Month-to-month,Yes,Credit card (automatic),84.4,Yes,9
5360-LJCNJ,Female,0,Yes,No,Yes,Yes,Fiber optic,No,Yes,Yes,No,Yes,Yes,Two year,Yes,Bank transfer (automatic),105.15,No,71
5360-XGYAZ,Male,0,Yes,Yes,No,No phone service,DSL,Yes,Yes,Yes,Yes,Yes,Yes,Two year,Yes,Bank transfer (automatic),65.65,No,72
5364-EVNIB,Male,0,No,No,Yes,No,Fiber optic,No,Yes,Yes,No,No,No,Month-to-month,Yes,Electronic check,79.8,Yes,13
5364-XYIRR,Male,0,Yes,No,Yes,Yes,Fiber optic,No,No,No,No,Yes,Yes,Month-to-month,Yes,Electronic check,94.65,Yes,51
5365-LLFYV,Female,0,No,No,Yes,No,DSL,No,No,No,No,No,No,Month-to-month,Yes,Mailed check,45.85,No,2
5366-IJEQJ,Male,0,No,No,Yes,Yes,Fiber optic,No,No,Yes,No,Yes,No,Month-to-month,Yes,Electronic check,88.7,Yes,20
5366-OBVMR,Female,0,Yes,No,Yes,No,DSL,No,No,No,Yes,No,No,Month-to-month,Yes,Mailed check,50.3,No,18
5371-VYLSX,Female,1,No,No,Yes,Yes,Fiber optic,Yes,Yes,No,No,No,No,Month-to-month,Yes,Electronic check,83.4,No,50
5372-FBKBN,Female,0,No,Yes,Yes,No,No,No internet service,No internet service,No internet service,No internet service,No internet service,No internet service,Month-to-month,No,Mailed check,20.75,No,21
5373-SFODM,Male,1,Yes,No,Yes,Yes,Fiber optic,No,No,No,No,No,Yes,Month-to-month,Yes,Credit card (automatic),85.25,Yes,36
5375-XLDOF,Male,0,Yes,Yes,Yes,Yes,Fiber optic,Yes,Yes,Yes,Yes,Yes,Yes,Two year,Yes,Bank transfer (automatic),114.35,No,69
5377-NDTOU,Female,0,Yes,Yes,Yes,Yes,DSL,Yes,Yes,Yes,Yes,Yes,Yes,Two year,No,Mailed check,91.05,No,71
5378-IKEEG,Female,0,No,No,No,No phone service,DSL,No,No,No,No,Yes,No,Month-to-month,Yes,Electronic check,35.75,Yes,1
5380-AFSSK,Female,0,No,No,Yes,Yes,Fiber optic,No,No,No,No,Yes,Yes,Month-to-month,Yes,Mailed check,93.9,Yes,5
5380-WJKOV,Male,0,No,No,Yes,Yes,Fiber optic,No,Yes,Yes,No,Yes,Yes,Month-to-month,Yes,Electronic check,106.35,Yes,34
5382-SOYZL,Male,0,No,No,Yes,Yes,Fiber optic,No,No,No,No,Yes,Yes,Month-to-month,Yes,Electronic check,95.1,No,22
5382-TEMLV,Male,0,No,No,Yes,No,DSL,Yes,No,No,No,No,No,Month-to-month,Yes,Bank transfer (automatic),50.9,No,45
5383-MMTWC,Female,1,Yes,No,Yes,Yes,Fiber optic,No,No,No,No,No,Yes,Month-to-month,Yes,Electronic check,84.0,Yes,8
5385-SUIRI,Male,1,Yes,No,Yes,Yes,Fiber optic,Yes,No,Yes,No,Yes,Yes,Month-to-month,Yes,Electronic check,104.2,Yes,52
5386-THSLQ,Female,1,Yes,No,No,No phone service,DSL,No,Yes,Yes,No,Yes,No,One year,No,Bank transfer (automatic),45.55,No,66
5389-FFVKB,Male,1,Yes,No,Yes,No,Fiber optic,No,No,No,No,No,Yes,Month-to-month,Yes,Credit card (automatic),80.3,Yes,32
5392-AKEMH,Female,0,No,No,Yes,No,DSL,No,No,No,No,No,No,Month-to-month,Yes,Electronic check,45.05,No,12
5393-HJZSM,Female,0,Yes,Yes,Yes,No,DSL,Yes,Yes,Yes,Yes,No,Yes,Month-to-month,No,Bank transfer (automatic),76.3,No,32
5393-RXQSZ,Male,0,No,No,Yes,No,Fiber optic,No,No,No,No,No,Yes,Month-to-month,No,Electronic check,79.6,Yes,1
5394-MEITZ,Female,0,Yes,Yes,Yes,No,DSL,No,Yes,Yes,Yes,Yes,Yes,Two year,Yes,Bank transfer (automatic),80.6,No,60
5396-IZEPB,Male,0,No,No,Yes,No,No,No internet service,No internet service,No internet service,No internet service,No internet service,No internet service,Month-to-month,No,Credit card (automatic),19.7,No,9
5397-NSKQG,Male,0,Yes,Yes,No,No phone service,DSL,Yes,No,No,No,Yes,Yes,Two year,No,Credit card (automatic),50.9,No,67
5397-TUPSH,Male,1,Yes,No,Yes,No,Fiber optic,No,No,No,No,No,No,One year,Yes,Bank transfer (automatic),70.95,No,65
5399-ZIMKF,Male,0,No,No,Yes,No,Fiber optic,No,Yes,No,No,No,No,Month-to-month,Yes,Electronic check,74.65,No,5
5402-HTOTQ,Male,0,No,No,Yes,Yes,DSL,No,Yes,No,No,No,No,Month-to-month,No,Electronic check,55.3,No,16
5404-GGUKR,Male,0,No,No,Yes,No,DSL,No,Yes,No,No,No,No,Month-to-month,Yes,Electronic check,51.35,No,5
5406-KGRMX,Female,0,No,No,Yes,Yes,No,No internet service,No internet service,No internet service,No internet service,No internet service,No internet service,Two year,No,Electronic check,24.55,No,71
5414-OFQCB,Male,0,No,No,Yes,Yes,Fiber optic,No,No,No,Yes,Yes,No,Two year,Yes,Credit card (automatic),90.45,No,57
5419-CONWX,Female,1,No,No,Yes,No,Fiber optic,No,Yes,Yes,No,Yes,Yes,Month-to-month,Yes,Credit card (automatic),99.8,Yes,4
5419-JKZNQ,Male,1,Yes,No,Yes,Yes,Fiber optic,No,No,No,No,No,No,Month-to-month,No,Mailed check,77.9,No,30
5419-JPRRN,Male,0,No,No,Yes,Yes,Fiber optic,No,No,Yes,No,Yes,Yes,Month-to-month,Yes,Electronic check,101.45,Yes,1
5419-KLXBN,Female,0,Yes,Yes,Yes,No,Fiber optic,No,Yes,Yes,No,Yes,No,Month-to-month,Yes,Bank transfer (automatic),89.15,Yes,25
5423-BHIXO,Female,0,No,No,Yes,Yes,DSL,No,Yes,No,No,No,No,Month-to-month,Yes,Electronic check,54.2,No,32
5424-RLQLC,Male,0,No,No,Yes,No,DSL,No,Yes,No,No,Yes,No,Month-to-month,Yes,Mailed check,59.65,No,10
5429-LWCMV,Female,0,No,No,Yes,Yes,Fiber optic,No,Yes,No,No,No,Yes,Month-to-month,Yes,Electronic check,89.15,No,12
5438-QMDDL,Female,0,Yes,No,Yes,No,DSL,No,Yes,No,No,No,Yes,Month-to-month,Yes,Mailed check,59.8,No,19
5439-WIKXB,Male,1,Yes,No,Yes,No,Fiber optic,No,Yes,No,No,Yes,Yes,Month-to-month,Yes,Electronic check,94.55,No,41
5440-FLBQG,Male,1,Yes,No,Yes,Yes,Fiber optic,No,Yes,Yes,Yes,Yes,Yes,Two year,Yes,Bank transfer (automatic),108.4,Yes,69
5440-VHLUL,Male,0,No,No,Yes,Yes,Fiber optic,No,Yes,No,Yes,Yes,Yes,One year,Yes,Bank transfer (automatic),105.2,No,69
5442-BHQNG,Female,0,No,No,Yes,No,Fiber optic,No,No,No,No,No,No,Month-to-month,No,Electronic check,70.35,No,2
5442-BXVND,Female,0,Yes,Yes,Yes,Yes,No,No internet service,No internet service,No internet service,No internet service,No internet service,No internet service,Month-to-month,No,Bank transfer (automatic),24.25,No,33
5442-PPTJY,Male,0,Yes,Yes,Yes,No,No,No internet service,No internet service,No internet service,No internet service,No internet service,No internet service,Two year,No,Mailed check,19.7,No,12
5442-UTCVD,Male,0,No,Yes,Yes,Yes,Fiber optic,No,No,Yes,No,No,Yes,Month-to-month,No,Electronic check,91.85,Yes,3
5442-XSDCW,Male,0,Yes,Yes,Yes,No,Fiber optic,No,No,No,No,Yes,No,Month-to-month,Yes,Bank transfer (automatic),79.5,Yes,11
5443-SCMKX,Female,0,Yes,No,Yes,Yes,Fiber optic,No,Yes,Yes,No,No,Yes,One year,Yes,Electronic check,94.3,No,58
5445-GLVOT,Female,0,No,No,Yes,No,DSL,Yes,No,No,No,No,No,Month-to-month,Yes,Electronic check,49.8,No,22
5445-PZWGX,Male,0,No,No,Yes,Yes,Fiber optic,Yes,Yes,No,Yes,No,Yes,One year,No,Electronic check,102.0,Yes,62
5445-UTODQ,Female,0,Yes,No,Yes,No,Fiber optic,No,No,No,No,Yes,No,Month-to-month,Yes,Electronic check,81.1,Yes,7
5447-VYTKW,Male,0,No,No,Yes,No,DSL,Yes,No,No,Yes,No,No,Month-to-month,No,Mailed check,53.45,No,27
5447-WZAFP,Female,0,No,No,Yes,No,Fiber optic,No,Yes,Yes,No,Yes,Yes,One year,Yes,Mailed check,100.3,No,53
5448-VWNAM,Female,0,No,Yes,Yes,Yes,DSL,Yes,Yes,No,Yes,Yes,No,Month-to-month,Yes,Mailed check,75.9,No,19
5449-FIBXJ,Male,0,Yes,Yes,Yes,Yes,Fiber optic,No,No,Yes,Yes,Yes,Yes,Month-to-month,No,Electronic check,103.3,Yes,19
5451-MHQOF,Male,0,Yes,Yes,Yes,Yes,No,No internet service,No internet service,No internet service,No internet service,No internet service,No internet service,One year,Yes,Mailed check,24.45,No,56
5451-YHYPW,Female,1,Yes,No,Yes,Yes,Fiber optic,Yes,Yes,Yes,Yes,Yes,Yes,Two year,Yes,Credit card (automatic),115.75,No,72
5453-AXEPF,Male,0,Yes,No,Yes,Yes,Fiber optic,No,Yes,No,No,No,No,Month-to-month,Yes,Bank transfer (automatic),80.5,No,17
5453-YBTWV,Male,0,Yes,Yes,Yes,No,Fiber optic,Yes,Yes,Yes,Yes,Yes,No,Two year,Yes,Credit card (automatic),101.1,No,70
5456-ITGIC,Male,1,Yes,No,No,No phone service,DSL,Yes,Yes,Yes,Yes,Yes,Yes,Two year,Yes,Credit card (automatic),64.45,No,72
5457-COLHT,Male,0,Yes,Yes,Yes,No,DSL,Yes,Yes,No,Yes,Yes,Yes,Two year,No,Bank transfer (automatic),80.65,No,69
5458-CQJTA,Male,0,Yes,Yes,Yes,No,DSL,Yes,No,No,Yes,Yes,Yes,Two year,Yes,Bank transfer (automatic),74.8,Yes,65
5461-QKNTN,Male,1,Yes,No,Yes,Yes,Fiber optic,No,Yes,No,Yes,Yes,No,Month-to-month,Yes,Electronic check,94.3,No,43
5468-BPMMO,Male,0,Yes,No,Yes,No,No,No internet service,No internet service,No internet service,No internet service,No internet service,No internet service,Month-to-month,No,Electronic check,19.6,No,46
5469-NUJUR,Male,0,No,No,Yes,No,No,No internet service,No internet service,No internet service,No internet service,No internet service,No internet service,Two year,Yes,Mailed check,19.95,No,19
5472-CVMDX,Female,0,No,No,No,No phone service,DSL,Yes,No,Yes,Yes,No,No,Two year,No,Mailed check,38.9,No,68
5473-KHBPS,Female,0,Yes,Yes,Yes,Yes,Fiber optic,No,Yes,Yes,No,Yes,No,One year,Yes,Credit card (automatic),95.7,No,52
5474-LAMUQ,Male,0,Yes,No,Yes,No,No,No internet service,No internet service,No internet service,No internet service,No internet service,No internet service,One year,No,Mailed check,20.1,No,24
5478-JJVZK,Female,0,No,No,Yes,Yes,DSL,Yes,Yes,No,No,No,No,Month-to-month,Yes,Mailed check,60.9,No,33
5480-HPRRX,Female,1,No,No,No,No phone service,DSL,No,No,No,No,No,No,Month-to-month,No,Electronic check,25.3,Yes,3
5480-TBGPH,Female,0,Yes,No,Yes,No,Fiber optic,No,Yes,Yes,No,Yes,Yes,Month-to-month,Yes,Credit card (automatic),99.3,Yes,24
5480-XTFFL,Female,0,Yes,Yes,Yes,No,No,No internet service,No internet service,No internet service,No internet service,No internet service,No internet service,Two year,No,Mailed check,21.0,No,31
5481-NTDOH,Female,1,Yes,No,Yes,Yes,Fiber optic,Yes,No,Yes,No,Yes,Yes,One year,Yes,Credit card (automatic),107.05,No,67
5482-PLVPE,Female,1,No,No,No,No phone service,DSL,No,No,No,No,No,No,Month-to-month,No,Electronic check,24.35,Yes,2
5494-HECPR,Female,0,No,No,Yes,No,Fiber optic,No,No,No,No,Yes,No,Month-to-month,Yes,Electronic check,80.25,Yes,1
5494-WOZRZ,Female,0,Yes,Yes,Yes,No,DSL,Yes,No,Yes,Yes,Yes,Yes,Two year,Yes,Credit card (automatic),82.0,No,71
5495-GPSRW,Male,0,No,No,Yes,No,No,No internet service,No internet service,No internet service,No internet service,No internet service,No internet service,Two year,Yes,Mailed check,19.7,No,20
5498-IBWPI,Female,0,Yes,Yes,Yes,No,DSL,No,No,No,Yes,No,No,One year,Yes,Credit card (automatic),49.4,No,66
5498-TXHLF,Female,0,Yes,Yes,Yes,Yes,Fiber optic,No,No,Yes,No,Yes,No,Month-to-month,No,Electronic check,87.45,Yes,34
5502-RLUYV,Female,0,Yes,Yes,Yes,Yes,Fiber optic,No,Yes,Yes,No,Yes,Yes,Month-to-month,Yes,Electronic check,103.95,Yes,69
5504-WSIUR,Female,0,No,No,Yes,Yes,Fiber optic,No,Yes,Yes,Yes,No,No,One year,Yes,Bank transfer (automatic),90.25,No,70
5505-OVWQW,Female,0,No,No,Yes,No,No,No internet service,No internet service,No internet service,No internet service,No internet service,No internet service,One year,No,Mailed check,20.15,No,17
5512-IDZEI,Male,0,Yes,Yes,Yes,Yes,No,No internet service,No internet service,No internet service,No internet service,No internet service,No internet service,One year,No,Electronic check,24.9,No,46
5515-AKOAJ,Female,0,No,No,Yes,Yes,Fiber optic,No,No,No,Yes,Yes,Yes,Month-to-month,Yes,Electronic check,100.1,Yes,54
5515-IDEJJ,Male,0,Yes,Yes,Yes,No,No,No internet service,No internet service,No internet service,No internet service,No internet service,No internet service,Month-to-month,No,Mailed check,19.9,Yes,1
5515-RUGKN,Male,0,No,No,Yes,No,DSL,No,No,No,No,No,Yes,Month-to-month,Yes,Credit card (automatic),54.75,No,8
5519-TEEUH,Male,0,No,Yes,Yes,No,No,No internet service,No internet service,No internet service,No internet service,No internet service,No internet service,One year,Yes,Mailed check,20.15,No,33
5519-YLDGW,Female,0,Yes,No,Yes,Yes,Fiber optic,Yes,No,Yes,No,Yes,Yes,Month-to-month,Yes,Electronic check,103.9,Yes,21
5520-FVEWJ,Female,0,Yes,Yes,Yes,Yes,Fiber optic,No,Yes,Yes,No,No,No,Month-to-month,Yes,Electronic check,84.5,Yes,12
5522-JBWMO,Male,0,No,Yes,Yes,No,DSL,No,No,No,No,No,No,Month-to-month,No,Electronic check,44.0,No,1
5522-NYKPB,Male,0,Yes,Yes,Yes,No,Fiber optic,No,No,No,Yes,Yes,No,Month-to-month,No,Electronic check,85.9,No,25
5524-KHNJP,Male,0,Yes,Yes,Yes,No,DSL,Yes,No,Yes,No,Yes,Yes,One year,No,Credit card (automatic),74.75,No,33
5527-ACHSO,Female,0,No,No,Yes,No,DSL,No,No,No,Yes,Yes,Yes,Month-to-month,No,Mailed check,70.5,No,11
5529-GIBVH,Female,0,No,No,Yes,No,No,No internet service,No internet service,No internet service,No internet service,No internet service,No internet service,Two year,No,Mailed check,20.15,No,47
5533-NHFRF,Male,1,No,No,No,No phone service,DSL,No,Yes,No,Yes,No,Yes,Month-to-month,Yes,Electronic check,44.4,No,7
5536-RTPWK,Male,0,Yes,No,Yes,Yes,Fiber optic,No,Yes,No,No,Yes,Yes,Month-to-month,Yes,Bank transfer (automatic),99.05,Yes,49
5539-HIVAK,Female,1,Yes,No,Yes,Yes,No,No internet service,No internet service,No internet service,No internet service,No internet service,No internet service,Month-to-month,No,Mailed check,25.7,No,28
5539-TMZLF,Male,1,No,No,Yes,No,Fiber optic,No,No,No,No,No,No,Month-to-month,Yes,Electronic check,69.75,Yes,1
5542-NKVRU,Female,0,No,No,Yes,No,No,No internet service,No internet service,No internet service,No internet service,No internet service,No internet service,Two year,Yes,Bank transfer (automatic),20.75,No,42
5542-TBBWB,Male,0,No,No,Yes,No,Fiber optic,No,No,No,No,No,No,Month-to-month,Yes,Electronic check,69.9,No,1
5543-QDCRY,Male,0,No,No,Yes,No,DSL,No,No,No,No,Yes,No,Month-to-month,Yes,Electronic check,56.4,No,4
5546-QUERU,Male,0,No,No,Yes,No,No,No internet service,No internet service,No internet service,No internet service,No internet service,No internet service,One year,Yes,Mailed check,19.95,No,13
5549-ZGHFB,Male,0,Yes,Yes,Yes,Yes,No,No internet service,No internet service,No internet service,No internet service,No internet service,No internet service,Two year,No,Mailed check,24.95,No,50
5550-VFRLC,Female,1,No,No,Yes,No,Fiber optic,No,No,No,No,No,No,Month-to-month,Yes,Electronic check,69.85,Yes,1
5552-ZNFSJ,Male,0,No,No,Yes,No,DSL,No,No,No,No,No,No,Month-to-month,No,Electronic check,45.3,Yes,1
5553-AOINX,Female,1,Yes,Yes,Yes,Yes,Fiber optic,No,Yes,Yes,No,Yes,Yes,One year,Yes,Electronic check,104.9,No,66
5555-RNPGT,Male,0,No,Yes,Yes,Yes,No,No internet service,No internet service,No internet service,No internet service,No internet service,No internet service,Month-to-month,No,Credit card (automatic),24.8,No,10
5561-NWEVX,Female,1,Yes,No,Yes,Yes,Fiber optic,No,No,Yes,No,No,No,Month-to-month,No,Electronic check,79.2,Yes,2
5562-YJQGT,Female,0,No,No,Yes,No,No,No internet service,No internet service,No internet service,No internet service,No internet service,No internet service,Month-to-month,No,Credit card (automatic),20.35,No,2
5564-NEMQO,Female,1,No,No,Yes,No,Fiber optic,No,No,Yes,No,No,No,Month-to-month,Yes,Bank transfer (automatic),75.3,Yes,1
5565-FILXA,Female,1,No,No,Yes,Yes,Fiber optic,No,No,No,No,Yes,Yes,Month-to-month,Yes,Electronic check,96.15,Yes,16
5566-SOEZD,Male,0,Yes,Yes,Yes,No,Fiber optic,Yes,Yes,No,No,No,No,One year,Yes,Credit card (automatic),80.65,No,27
5567-WSELE,Male,1,Yes,No,Yes,Yes,Fiber optic,No,No,No,No,Yes,Yes,Month-to-month,Yes,Electronic check,94.6,Yes,3
5568-DMXZS,Female,0,No,No,Yes,No,DSL,No,Yes,No,Yes,Yes,No,Month-to-month,Yes,Electronic check,65.45,No,8
5569-IDSEY,Male,0,Yes,No,Yes,Yes,Fiber optic,No,Yes,Yes,No,Yes,Yes,One year,Yes,Bank transfer (automatic),105.7,No,71
5569-KGJHX,Female,0,Yes,Yes,Yes,Yes,Fiber optic,No,No,No,No,Yes,No,Month-to-month,Yes,Bank transfer (automatic),85.35,Yes,9
5569-OUICF,Female,1,Yes,No,Yes,Yes,Fiber optic,No,No,No,Yes,Yes,Yes,Month-to-month,Yes,Credit card (automatic),101.3,Yes,28
5570-PTWEH,Female,0,Yes,No,Yes,Yes,Fiber optic,No,No,No,No,No,No,Month-to-month,Yes,Credit card (automatic),75.15,Yes,3
5574-NXZIU,Male,0,No,No,Yes,No,Fiber optic,Yes,Yes,Yes,Yes,Yes,Yes,Two year,No,Credit card (automatic),109.2,No,63
5575-GNVDE,Male,0,No,No,Yes,No,DSL,Yes,No,Yes,No,No,No,One year,No,Mailed check,56.95,No,34
5575-TPIZQ,Male,0,No,No,Yes,Yes,Fiber optic,Yes,No,No,No,Yes,No,Month-to-month,Yes,Credit card (automatic),89.15,No,46
5583-EJXRD,Male,0,Yes,Yes,No,No phone service,DSL,Yes,Yes,Yes,Yes,No,Yes,Two year,Yes,Credit card (automatic),54.05,No,44
5583-SXDAG,Male,0,Yes,No,Yes,No,Fiber optic,No,No,No,No,No,No,Month-to-month,No,Electronic check,70.0,Yes,1
5590-BYNII,Male,0,No,No,Yes,Yes,Fiber optic,Yes,No,No,No,Yes,Yes,Month-to-month,Yes,Electronic check,100.75,Yes,22
5590-YRFJT,Female,0,Yes,No,No,No phone service,DSL,No,No,No,No,No,No,Month-to-month,Yes,Electronic check,24.45,Yes,20
5590-ZSKRV,Female,0,Yes,Yes,Yes,No,DSL,Yes,Yes,No,No,No,No,Month-to-month,No,Mailed check,54.65,No,8
5593-SUAOO,Female,0,Yes,Yes,Yes,Yes,Fiber optic,No,Yes,Yes,No,No,No,One year,No,Bank transfer (automatic),83.15,No,24
5597-GLBUC,Female,0,No,No,Yes,No,Fiber optic,No,No,Yes,No,Yes,No,Month-to-month,Yes,Electronic check,85.45,Yes,1
5598-IKHQQ,Female,0,No,No,Yes,Yes,No,No internet service,No internet service,No internet service,No internet service,No internet service,No internet service,Two year,No,Credit card (automatic),25.45,No,72
5599-HVLTW,Female,1,No,No,Yes,Yes,Fiber optic,No,No,Yes,No,No,No,Month-to-month,Yes,Bank transfer (automatic),80.35,No,14
5600-KTXFM,Male,0,Yes,Yes,Yes,No,Fiber optic,No,No,No,No,No,No,Month-to-month,No,Mailed check,69.95,No,2
5600-PDUJF,Male,0,No,No,Yes,No,DSL,No,No,No,Yes,No,No,Month-to-month,Yes,Credit card (automatic),49.5,No,6
5602-BVFMK,Female,0,No,No,Yes,No,No,No internet service,No internet service,No internet service,No internet service,No internet service,No internet service,One year,No,Mailed check,19.3,No,12
5605-IYGFG,Female,0,No,No,Yes,No,Fiber optic,No,No,No,No,No,No,Month-to-month,Yes,Bank transfer (automatic),69.85,No,7
5605-XNWEN,Male,1,Yes,No,Yes,Yes,No,No internet service,No internet service,No internet service,No internet service,No internet service,No internet service,Two year,Yes,Bank transfer (automatic),25.0,No,72
5606-AMZBO,Female,0,Yes,No,Yes,Yes,Fiber optic,Yes,No,No,No,No,No,Month-to-month,Yes,Credit card (automatic),78.15,No,10
5609-IMCGG,Female,0,No,No,Yes,Yes,Fiber optic,Yes,No,Yes,No,No,No,Month-to-month,Yes,Credit card (automatic),84.35,No,15
5616-PRTNT,Male,0,No,Yes,Yes,No,No,No internet service,No internet service,No internet service,No internet service,No internet service,No internet service,Month-to-month,Yes,Electronic check,19.4,Yes,20
5619-XZZKR,Male,0,No,No,Yes,No,No,No internet service,No internet service,No internet service,No internet service,No internet service,No internet service,One year,No,Mailed check,19.95,No,4
5624-BQSSA,Female,0,No,No,Yes,No,No,No internet service,No internet service,No internet service,No internet service,No internet service,No internet service,Month-to-month,No,Mailed check,20.95,Yes,1
5624-RYAMH,Female,0,No,No,Yes,No,No,No internet service,No internet service,No internet service,No internet service,No internet service,No internet service,Month-to-month,Yes,Electronic check,19.5,No,9
5626-MGTUK,Female,0,No,No,Yes,Yes,Fiber optic,Yes,No,No,No,Yes,No,Month-to-month,Yes,Bank transfer (automatic),89.1,No,20
5628-FCGYG,Male,0,No,No,Yes,Yes,Fiber optic,No,No,No,No,No,Yes,Month-to-month,Yes,Electronic check,84.1,No,21
5628-RKIFK,Female,1,No,No,Yes,Yes,Fiber optic,Yes,No,No,No,Yes,Yes,Month-to-month,No,Credit card (automatic),101.55,No,49
5630-AHZIL,Female,0,No,Yes,Yes,No,DSL,Yes,No,No,Yes,No,Yes,Month-to-month,Yes,Bank transfer (automatic),64.5,No,3
5630-IXDXV,Female,0,No,No,Yes,Yes,Fiber optic,No,Yes,Yes,No,Yes,Yes,Month-to-month,Yes,Electronic check,106.35,No,47
5639-NTUPK,Male,0,No,Yes,Yes,No,DSL,Yes,No,No,No,No,No,Month-to-month,Yes,Credit card (automatic),52.1,No,13
5640-CAXOA,Female,0,No,No,No,No phone service,DSL,No,No,No,Yes,No,Yes,One year,Yes,Credit card (automatic),40.35,No,30
5641-DMBFJ,Female,0,Yes,No,Yes,Yes,DSL,Yes,No,Yes,Yes,Yes,Yes,Two year,Yes,Electronic check,84.3,No,58
5642-MHDQT,Female,0,Yes,Yes,Yes,No,No,No internet service,No internet service,No internet service,No internet service,No internet service,No internet service,One year,Yes,Bank transfer (automatic),19.85,No,53
5644-PDMZC,Female,1,No,No,Yes,Yes,Fiber optic,No,Yes,No,No,No,Yes,Month-to-month,No,Electronic check,89.5,Yes,2
5647-FXOTP,Female,1,Yes,No,Yes,Yes,Fiber optic,No,Yes,Yes,No,Yes,Yes,Month-to-month,Yes,Electronic check,105.9,No,60
5647-URDKA,Male,0,Yes,Yes,Yes,No,No,No internet service,No internet service,No internet service,No internet service,No internet service,No internet service,Two year,No,Mailed check,19.7,No,8
5649-ANRML,Male,1,No,No,Yes,No,Fiber optic,No,Yes,Yes,Yes,No,Yes,Month-to-month,Yes,Credit card (automatic),95.1,Yes,2
5649-RXQTV,Male,0,No,No,Yes,No,Fiber optic,No,Yes,Yes,No,Yes,Yes,Month-to-month,Yes,Electronic check,99.0,No,51
5649-TJHOV,Male,1,Yes,No,No,No phone service,DSL,No,No,No,No,No,Yes,Month-to-month,No,Bank transfer (automatic),36.5,Yes,27
5649-VUKMC,Female,0,No,No,Yes,No,Fiber optic,No,No,Yes,No,Yes,Yes,One year,No,Mailed check,95.5,Yes,12
5650-VDUDS,Female,0,No,No,No,No phone service,DSL,No,No,No,No,No,No,Month-to-month,Yes,Mailed check,24.25,Yes,4
5650-YLIBA,Male,0,No,No,Yes,Yes,Fiber optic,No,Yes,No,No,No,No,Month-to-month,Yes,Electronic check,81.15,No,31
5651-CPDND,Male,0,No,No,Yes,No,DSL,No,No,No,No,No,No,Month-to-month,No,Mailed check,46.0,No,10
5651-CRHKQ,Female,0,Yes,No,Yes,No,Fiber optic,No,Yes,Yes,Yes,No,No,One year,Yes,Bank transfer (automatic),86.2,No,41
5651-WYIPH,Female,1,No,No,Yes,No,DSL,No,Yes,No,No,No,No,Month-to-month,Yes,Credit card (automatic),49.85,No,18
5651-YLPRD,Female,0,Yes,Yes,Yes,No,Fiber optic,No,Yes,No,No,Yes,No,Month-to-month,Yes,Electronic check,86.1,No,32
5652-MSDEY,Female,0,No,No,Yes,Yes,Fiber optic,No,No,No,No,No,No,Month-to-month,Yes,Mailed check,75.75,No,10
5655-JSMZM,Male,1,No,No,Yes,Yes,Fiber optic,No,No,No,No,Yes,Yes,Month-to-month,Yes,Electronic check,96.2,Yes,49
5656-JAMLX,Male,0,No,No,Yes,No,No,No internet service,No internet service,No internet service,No internet service,No internet service,No internet service,Two year,No,Bank transfer (automatic),19.85,No,62
5656-MJEFC,Male,0,Yes,Yes,No,No phone service,DSL,Yes,No,Yes,Yes,Yes,No,Two year,No,Credit card (automatic),48.15,No,42
5663-QBGIS,Male,1,Yes,No,Yes,Yes,Fiber optic,No,Yes,No,No,Yes,Yes,Two year,No,Bank transfer (automatic),98.35,No,72
5666-CYCYZ,Female,0,No,No,Yes,Yes,Fiber optic,No,No,No,Yes,No,Yes,Month-to-month,Yes,Electronic check,89.55,No,24
5668-MEISB,Female,0,Yes,Yes,Yes,Yes,Fiber optic,Yes,Yes,Yes,Yes,Yes,No,Two year,No,Credit card (automatic),106.1,No,72
5669-SRAIP,Female,0,No,No,No,No phone service,DSL,No,No,Yes,No,No,Yes,Month-to-month,No,Electronic check,39.5,Yes,5
5671-RQRLP,Female,1,Yes,No,Yes,Yes,Fiber optic,No,No,No,No,No,No,Two year,Yes,Credit card (automatic),75.65,No,70
5673-FSSMF,Female,0,No,No,Yes,Yes,DSL,No,No,No,No,No,Yes,Month-to-month,Yes,Electronic check,60.15,Yes,1
5673-TIYIB,Male,0,No,No,No,No phone service,DSL,No,Yes,Yes,Yes,No,No,Month-to-month,Yes,Credit card (automatic),40.4,Yes,2
5676-CFLYY,Male,0,Yes,Yes,Yes,No,DSL,No,Yes,No,Yes,Yes,Yes,Two year,Yes,Credit card (automatic),73.35,No,71
5678-VFNEQ,Female,0,Yes,No,Yes,Yes,Fiber optic,Yes,No,Yes,No,Yes,Yes,One year,Yes,Credit card (automatic),104.1,No,71
5680-LQOGP,Female,0,No,No,Yes,No,DSL,Yes,Yes,Yes,Yes,Yes,Yes,Two year,Yes,Credit card (automatic),82.45,No,68
5681-LLOEI,Male,0,Yes,Yes,Yes,Yes,Fiber optic,Yes,No,Yes,Yes,No,No,One year,Yes,Credit card (automatic),91.25,No,43
5684-FJVYR,Female,0,Yes,Yes,Yes,Yes,Fiber optic,Yes,Yes,No,Yes,No,No,Two year,Yes,Bank transfer (automatic),90.35,No,72
5685-IIXLY,Female,0,Yes,Yes,Yes,No,Fiber optic,No,Yes,No,No,No,Yes,Month-to-month,Yes,Electronic check,83.6,Yes,5
5686-CMAWK,Male,0,No,No,Yes,Yes,Fiber optic,No,No,Yes,Yes,No,No,One year,No,Electronic check,86.75,No,17
5687-DKDTV,Female,0,No,No,Yes,No,No,No internet service,No internet service,No internet service,No internet service,No internet service,No internet service,Month-to-month,No,Mailed check,20.35,Yes,4
5688-KZTSN,Male,0,Yes,Yes,Yes,No,No,No internet service,No internet service,No internet service,No internet service,No internet service,No internet service,Month-to-month,Yes,Electronic check,20.0,Yes,15
5692-FPTAH,Female,0,No,No,Yes,No,DSL,No,No,No,No,No,No,Month-to-month,Yes,Mailed check,45.4,Yes,1
5692-ICXLW,Male,1,No,No,Yes,Yes,Fiber optic,No,Yes,No,No,Yes,No,Month-to-month,Yes,Electronic check,90.7,No,31
5693-PIPCS,Male,0,No,No,Yes,No,Fiber optic,No,Yes,No,Yes,Yes,Yes,Two year,Yes,Credit card (automatic),99.65,No,41
5696-CEIQJ,Male,0,Yes,Yes,Yes,No,Fiber optic,No,Yes,Yes,Yes,Yes,Yes,Two year,No,Bank transfer (automatic),103.15,No,67
5696-EXCYS,Male,0,No,No,Yes,No,No,No internet service,No internet service,No internet service,No internet service,No internet service,No internet service,Two year,No,Credit card (automatic),19.45,No,17
5696-JVVQY,Female,0,Yes,Yes,Yes,No,DSL,Yes,Yes,Yes,No,No,Yes,Two year,Yes,Credit card (automatic),70.1,No,48
5697-GOMBF,Female,1,Yes,Yes,No,No phone service,DSL,No,No,No,No,Yes,No,Month-to-month,Yes,Electronic check,35.9,No,28
5698-BQJOH,Female,0,No,No,Yes,Yes,Fiber optic,No,No,No,No,Yes,Yes,Month-to-month,No,Electronic check,94.4,Yes,9
5699-BNCAS,Male,1,No,No,Yes,Yes,No,No internet service,No internet service,No internet service,No internet service,No internet service,No internet service,Two year,Yes,Mailed check,24.65,No,71
5701-SVCWR,Female,0,No,Yes,Yes,Yes,No,No internet service,No internet service,No internet service,No internet service,No internet service,No internet service,Month-to-month,No,Mailed check,24.0,No,1
5701-YVSVF,Female,1,Yes,No,Yes,No,Fiber optic,No,No,No,Yes,Yes,No,Month-to-month,Yes,Electronic check,82.9,No,11
5701-ZIKJE,Male,0,No,No,Yes,No,DSL,No,No,No,Yes,No,No,Month-to-month,Yes,Mailed check,50.55,No,13
5702-KVQRD,Male,0,Yes,No,Yes,No,DSL,Yes,No,Yes,Yes,Yes,Yes,Two year,Yes,Electronic check,82.55,No,71
5702-SKUOB,Female,0,Yes,No,Yes,No,No,No internet service,No internet service,No internet service,No internet service,No internet service,No internet service,Month-to-month,No,Mailed check,19.6,No,4
5707-ORNDZ,Male,1,No,No,Yes,Yes,DSL,Yes,No,No,No,No,No,Month-to-month,No,Electronic check,54.55,Yes,9
5707-ZMDJP,Male,0,Yes,Yes,Yes,No,DSL,Yes,Yes,No,Yes,Yes,No,Two year,Yes,Mailed check,69.7,No,53
5708-EVONK,Female,0,Yes,Yes,Yes,Yes,Fiber optic,Yes,Yes,No,No,No,Yes,Month-to-month,Yes,Bank transfer (automatic),93.4,Yes,58
5709-LVOEQ,Female,0,Yes,Yes,Yes,No,DSL,Yes,Yes,Yes,No,Yes,Yes,Two year,No,Mailed check,80.85,No,0
5712-AHQNN,Female,0,No,No,Yes,No,Fiber optic,No,Yes,Yes,No,Yes,No,Month-to-month,Yes,Electronic check,91.65,No,43
5712-PTIWW,Male,0,No,No,Yes,No,Fiber optic,No,No,Yes,Yes,No,No,Month-to-month,Yes,Electronic check,79.85,Yes,2
5712-VBOXD,Female,0,No,No,Yes,No,No,No internet service,No internet service,No internet service,No internet service,No internet service,No internet service,Month-to-month,Yes,Credit card (automatic),20.15,No,4
5716-EZXZN,Female,0,Yes,Yes,Yes,Yes,Fiber optic,Yes,Yes,No,Yes,Yes,No,Two year,Yes,Credit card (automatic),99.05,No,65
5724-BIDBU,Male,0,Yes,No,Yes,Yes,DSL,Yes,No,No,No,No,No,One year,Yes,Electronic check,55.35,No,49
5726-CVNYA,Female,0,Yes,Yes,Yes,No,No,No internet service,No internet service,No internet service,No internet service,No internet service,No internet service,Two year,Yes,Mailed check,19.85,No,8
5727-MYATE,Male,0,Yes,Yes,Yes,Yes,DSL,Yes,Yes,Yes,Yes,Yes,Yes,Two year,Yes,Credit card (automatic),90.8,No,72
5730-DBDSI,Male,0,No,No,Yes,No,No,No internet service,No internet service,No internet service,No internet service,No internet service,No internet service,Two year,No,Bank transfer (automatic),19.7,No,66
5730-RIITO,Female,1,No,No,No,No phone service,DSL,Yes,Yes,No,No,No,No,Month-to-month,Yes,Credit card (automatic),33.45,No,43
5732-IKGQH,Male,1,Yes,No,Yes,No,Fiber optic,Yes,No,Yes,Yes,Yes,Yes,One year,Yes,Bank transfer (automatic),104.45,No,52
5734-EJKXG,Female,0,No,No,Yes,Yes,Fiber optic,Yes,Yes,Yes,Yes,Yes,Yes,One year,Yes,Electronic check,118.6,No,61
5736-YEJAX,Male,0,No,Yes,Yes,Yes,DSL,Yes,Yes,Yes,Yes,Yes,No,Two year,Yes,Credit card (automatic),79.45,No,69
5740-YHGTW,Male,0,Yes,Yes,Yes,Yes,Fiber optic,Yes,Yes,No,No,Yes,No,Month-to-month,Yes,Credit card (automatic),97.55,No,70
5743-KHMNA,Male,0,No,No,Yes,Yes,No,No internet service,No internet service,No internet service,No internet service,No internet service,No internet service,Two year,No,Bank transfer (automatic),25.55,No,71
5747-PMBSQ,Male,1,Yes,No,Yes,No,Fiber optic,No,Yes,Yes,Yes,Yes,No,Month-to-month,Yes,Mailed check,92.5,Yes,10
5753-QQWPW,Female,0,No,No,Yes,No,DSL,Yes,Yes,No,Yes,No,No,One year,Yes,Electronic check,59.9,No,28
5759-RCVCB,Female,0,No,No,No,No phone service,DSL,No,No,No,No,Yes,No,Month-to-month,No,Credit card (automatic),35.2,Yes,3
5760-FXFVO,Male,0,No,No,Yes,No,Fiber optic,Yes,Yes,No,No,No,No,Month-to-month,Yes,Electronic check,78.95,No,6
5760-IFJOZ,Male,0,No,No,Yes,Yes,Fiber optic,No,Yes,Yes,No,Yes,Yes,Month-to-month,No,Mailed check,107.95,No,3
5760-WRAHC,Female,1,No,No,Yes,No,DSL,Yes,No,Yes,Yes,No,Yes,Month-to-month,Yes,Mailed check,69.75,No,22
5762-TJXGK,Female,0,No,No,No,No phone service,DSL,Yes,Yes,Yes,No,Yes,Yes,Two year,Yes,Bank transfer (automatic),58.75,No,52
5766-FTRTS,Male,0,Yes,No,Yes,No,DSL,Yes,Yes,Yes,Yes,Yes,Yes,Two year,No,Mailed check,84.45,No,72
5766-XQXMQ,Female,0,No,No,Yes,No,DSL,Yes,Yes,Yes,No,No,Yes,Month-to-month,Yes,Bank transfer (automatic),68.85,Yes,29
5766-ZJYBB,Male,0,No,No,Yes,No,No,No internet service,No internet service,No internet service,No internet service,No internet service,No internet service,Month-to-month,No,Mailed check,19.4,Yes,1
5774-XZTQC,Female,0,Yes,Yes,Yes,No,No,No internet service,No internet service,No internet service,No internet service,No internet service,No internet service,Month-to-month,No,Mailed check,20.45,No,7
5777-KJIRB,Female,0,No,No,Yes,No,DSL,No,No,Yes,No,No,No,One year,Yes,Mailed check,50.25,No,40
5778-BVOFB,Female,0,No,No,Yes,No,DSL,No,No,No,Yes,Yes,No,Month-to-month,Yes,Bank transfer (automatic),59.5,No,9
5781-BKHOP,Female,0,Yes,No,Yes,Yes,Fiber optic,Yes,Yes,Yes,No,Yes,No,Two year,No,Bank transfer (automatic),100.65,No,72
5781-RFZRP,Male,0,Yes,No,Yes,Yes,DSL,Yes,Yes,No,Yes,Yes,No,Two year,No,Credit card (automatic),73.5,No,71
5787-KXGIY,Male,0,Yes,No,Yes,No,No,No internet service,No internet service,No internet service,No internet service,No internet service,No internet service,Two year,No,Credit card (automatic),19.3,No,72
5788-YPOEG,Female,0,Yes,Yes,Yes,No,DSL,Yes,Yes,Yes,Yes,Yes,Yes,Two year,No,Mailed check,84.75,No,34
5789-LDFXO,Male,0,No,No,Yes,Yes,No,No internet service,No internet service,No internet service,No internet service,No internet service,No internet service,One year,No,Electronic check,24.6,No,24
5791-KAJFD,Female,0,Yes,Yes,Yes,Yes,DSL,Yes,No,Yes,No,No,Yes,One year,Yes,Bank transfer (automatic),68.75,No,56
5793-YOLJN,Female,0,Yes,Yes,Yes,No,No,No internet service,No internet service,No internet service,No internet service,No internet service,No internet service,Two year,No,Mailed check,21.0,No,55
5795-BKOYE,Female,0,Yes,Yes,Yes,No,DSL,No,Yes,Yes,Yes,No,No,One year,No,Bank transfer (automatic),59.1,No,69
5795-KTGUD,Female,0,Yes,No,Yes,Yes,Fiber optic,Yes,Yes,Yes,No,Yes,Yes,Two year,Yes,Bank transfer (automatic),110.8,No,68
5797-APWZC,Female,0,No,No,Yes,No,Fiber optic,No,No,No,No,Yes,Yes,Month-to-month,No,Electronic check,90.6,Yes,1
5799-JRCZO,Female,0,No,Yes,Yes,No,No,No internet service,No internet service,No internet service,No internet service,No internet service,No internet service,Two year,No,Credit card (automatic),19.5,No,63
5802-ADBRC,Female,0,Yes,No,Yes,Yes,Fiber optic,Yes,No,Yes,No,Yes,Yes,One year,Yes,Mailed check,104.4,No,50
5803-NQJZO,Male,0,Yes,No,Yes,Yes,DSL,Yes,Yes,Yes,Yes,No,No,Two year,Yes,Bank transfer (automatic),67.8,No,72
5808-TOTXO,Female,0,No,Yes,Yes,No,No,No internet service,No internet service,No internet service,No internet service,No internet service,No internet service,One year,Yes,Credit card (automatic),20.55,No,3
5815-HGGHV,Male,0,Yes,No,Yes,No,DSL,Yes,No,No,Yes,No,Yes,One year,Yes,Mailed check,64.15,No,20
5816-JMLGY,Female,0,Yes,Yes,Yes,No,DSL,No,Yes,Yes,Yes,Yes,Yes,Two year,Yes,Bank transfer (automatic),80.4,No,70
5816-QVHRX,Female,0,No,No,Yes,Yes,Fiber optic,No,No,No,Yes,Yes,Yes,Month-to-month,No,Credit card (automatic),100.3,No,37
5816-SCGFC,Female,1,No,No,Yes,No,DSL,No,Yes,No,No,No,No,Month-to-month,Yes,Mailed check,51.3,No,7
5820-PTRYM,Female,1,Yes,No,Yes,Yes,DSL,Yes,Yes,Yes,Yes,No,No,One year,Yes,Credit card (automatic),68.45,No,56
5821-MMEIL,Female,0,Yes,No,Yes,No,No,No internet service,No internet service,No internet service,No internet service,No internet service,No internet service,Two year,No,Bank transfer (automatic),19.9,No,57
5825-XJOCM,Male,0,No,Yes,Yes,Yes,DSL,Yes,Yes,Yes,No,No,No,One year,Yes,Bank transfer (automatic),64.4,No,48
5828-DWPIL,Male,1,Yes,No,Yes,Yes,Fiber optic,Yes,Yes,Yes,No,No,No,Month-to-month,Yes,Electronic check,89.1,No,62
5829-NVSQN,Female,0,Yes,No,Yes,No,DSL,Yes,No,Yes,Yes,No,Yes,One year,Yes,Bank transfer (automatic),68.75,No,23
5832-TRLPB,Male,0,No,No,Yes,No,DSL,No,No,Yes,Yes,Yes,Yes,One year,Yes,Bank transfer (automatic),75.35,No,29
5832-XKAES,Male,0,No,No,Yes,No,Fiber optic,No,No,No,No,No,No,Month-to-month,Yes,Credit card (automatic),69.8,Yes,2
5834-ASPWA,Male,0,No,No,Yes,Yes,Fiber optic,No,No,No,No,No,No,Month-to-month,Yes,Electronic check,75.45,Yes,1
5835-BEQEU,Male,0,No,No,Yes,Yes,Fiber optic,No,No,No,No,No,No,Month-to-month,Yes,Electronic check,76.95,Yes,3
5837-LXSDN,Female,0,Yes,Yes,Yes,No,DSL,No,Yes,No,No,Yes,No,One year,Yes,Credit card (automatic),58.85,No,21
5840-NVDCG,Female,0,Yes,Yes,Yes,No,DSL,Yes,Yes,No,Yes,No,Yes,Two year,No,Bank transfer (automatic),68.25,No,16
5842-POCOP,Female,0,Yes,No,Yes,No,Fiber optic,Yes,No,Yes,No,No,Yes,Month-to-month,Yes,Mailed check,88.9,Yes,5
5845-BZZIB,Male,0,Yes,Yes,Yes,No,No,No internet service,No internet service,No internet service,No internet service,No internet service,No internet service,Two year,No,Mailed check,20.1,No,35
5846-ABOBJ,Male,0,Yes,No,Yes,Yes,No,No internet service,No internet service,No internet service,No internet service,No internet service,No internet service,Two year,No,Bank transfer (automatic),24.45,No,71
5846-NEQVZ,Male,0,Yes,Yes,Yes,No,DSL,Yes,No,Yes,Yes,No,Yes,Two year,Yes,Credit card (automatic),70.85,No,71
5846-QFDFI,Female,0,Yes,Yes,Yes,Yes,Fiber optic,No,Yes,Yes,Yes,No,No,Month-to-month,No,Credit card (automatic),88.6,No,33
5848-FHRFC,Female,0,No,No,Yes,No,No,No internet service,No internet service,No internet service,No internet service,No internet service,No internet service,Two year,No,Bank transfer (automatic),20.05,No,68
5849-ASHZJ,Male,0,No,Yes,Yes,No,No,No internet service,No internet service,No internet service,No internet service,No internet service,No internet service,One year,No,Credit card (automatic),20.05,No,27
5854-KSRBJ,Male,0,Yes,Yes,Yes,Yes,No,No internet service,No internet service,No internet service,No internet service,No internet service,No internet service,Two year,No,Mailed check,25.4,No,70
5855-EIBDE,Female,0,Yes,No,Yes,Yes,Fiber optic,Yes,Yes,Yes,Yes,No,Yes,Two year,No,Credit card (automatic),106.65,No,49
5857-TYBCJ,Male,1,Yes,No,Yes,Yes,Fiber optic,No,No,Yes,No,Yes,No,Month-to-month,Yes,Electronic check,89.2,No,44
5858-EAFCZ,Male,0,No,No,Yes,No,DSL,No,No,No,No,No,No,Month-to-month,No,Mailed check,44.45,No,1
5859-HZYLF,Male,0,Yes,Yes,Yes,No,No,No internet service,No internet service,No internet service,No internet service,No internet service,No internet service,Two year,Yes,Credit card (automatic),19.15,No,26
5862-BRIXZ,Male,0,No,No,No,No phone service,DSL,Yes,No,Yes,Yes,Yes,Yes,Two year,Yes,Bank transfer (automatic),60.75,No,46
5863-OOKCL,Female,0,No,No,Yes,No,No,No internet service,No internet service,No internet service,No internet service,No internet service,No internet service,Month-to-month,No,Mailed check,18.85,No,10
5868-CZJDR,Male,0,No,Yes,No,No phone service,DSL,No,Yes,No,No,No,No,Month-to-month,Yes,Mailed check,31.35,Yes,1
5868-YTYKS,Male,0,No,Yes,Yes,No,No,No internet service,No internet service,No internet service,No internet service,No internet service,No internet service,Month-to-month,Yes,Mailed check,20.25,No,1
5868-YWPDW,Male,1,Yes,No,Yes,No,Fiber optic,No,Yes,No,No,No,Yes,Month-to-month,Yes,Electronic check,84.2,Yes,6
5871-DGTXZ,Male,0,No,No,Yes,No,No,No internet service,No internet service,No internet service,No internet service,No internet service,No internet service,One year,No,Mailed check,19.8,No,32
5872-OEQNH,Female,0,No,No,No,No phone service,DSL,Yes,No,Yes,No,No,Yes,One year,Yes,Electronic check,44.45,No,60
5875-YPQFJ,Male,0,No,No,Yes,No,Fiber optic,No,No,No,No,No,No,Month-to-month,Yes,Electronic check,69.9,Yes,1
5876-HZVZM,Female,0,Yes,Yes,Yes,No,DSL,Yes,Yes,No,No,No,No,Month-to-month,No,Credit card (automatic),55.9,Yes,6
5876-QMYLD,Female,0,Yes,Yes,Yes,No,No,No internet service,No internet service,No internet service,No internet service,No internet service,No internet service,One year,No,Mailed check,20.05,No,23
5879-HMFFH,Female,0,Yes,No,Yes,Yes,DSL,Yes,Yes,Yes,Yes,Yes,Yes,Two year,No,Bank transfer (automatic),88.05,No,72
5879-SESNB,Female,0,No,No,Yes,Yes,Fiber optic,No,No,No,No,No,No,Month-to-month,No,Electronic check,75.25,No,11
5882-CMAZQ,Female,0,Yes,Yes,No,No phone service,DSL,No,Yes,No,Yes,No,No,Month-to-month,No,Electronic check,34.25,No,5
5883-GTGVD,Male,0,No,No,Yes,Yes,Fiber optic,No,Yes,No,No,Yes,Yes,Month-to-month,Yes,Electronic check,99.95,Yes,19
5884-FBCTL,Female,0,Yes,Yes,Yes,Yes,No,No internet service,No internet service,No internet service,No internet service,No internet service,No internet service,Two year,No,Bank transfer (automatic),25.1,No,72
5884-GCYMI,Male,0,No,No,Yes,No,Fiber optic,No,No,No,No,No,No,Month-to-month,No,Mailed check,69.4,Yes,1
5886-VLQVU,Male,0,Yes,No,Yes,Yes,Fiber optic,No,No,No,Yes,No,Yes,Month-to-month,Yes,Bank transfer (automatic),89.85,No,35
5887-IKKYO,Male,0,Yes,Yes,Yes,Yes,Fiber optic,No,No,Yes,Yes,No,Yes,Two year,No,Bank transfer (automatic),94.35,No,58
5889-JTMUL,Female,1,Yes,No,Yes,Yes,Fiber optic,No,Yes,Yes,No,Yes,No,Month-to-month,Yes,Electronic check,95.05,Yes,50
5889-LFOLL,Female,0,No,No,Yes,Yes,Fiber optic,No,No,No,No,No,Yes,Month-to-month,Yes,Electronic check,84.6,Yes,13
5893-KCLGT,Female,0,No,Yes,Yes,No,No,No internet service,No internet service,No internet service,No internet service,No internet service,No internet service,Two year,Yes,Mailed check,19.75,No,72
5893-PYOLZ,Male,0,No,No,Yes,No,DSL,No,Yes,Yes,Yes,Yes,Yes,Two year,Yes,Credit card (automatic),81.8,No,56
5895-QSXOD,Male,0,No,No,Yes,No,Fiber optic,No,No,No,No,No,No,Month-to-month,No,Mailed check,70.05,No,9
5897-ZYEKH,Female,1,Yes,No,Yes,Yes,Fiber optic,Yes,Yes,No,No,Yes,Yes,One year,Yes,Electronic check,105.6,No,67
5898-IGSLP,Male,0,Yes,Yes,Yes,Yes,Fiber optic,Yes,No,Yes,Yes,No,No,Month-to-month,No,Electronic check,89.3,No,31
5906-BFOZT,Male,0,No,No,Yes,No,No,No internet service,No internet service,No internet service,No internet service,No internet service,No internet service,Month-to-month,Yes,Mailed check,19.5,No,1
5906-CVLHP,Female,0,Yes,Yes,Yes,No,DSL,No,Yes,No,Yes,No,No,One year,Yes,Credit card (automatic),54.15,Yes,45
5908-QMGOE,Male,1,No,No,Yes,Yes,Fiber optic,No,No,No,No,No,No,Month-to-month,Yes,Credit card (automatic),74.2,Yes,15
5909-ECHUI,Female,0,No,No,Yes,No,DSL,No,No,No,No,No,Yes,Month-to-month,Yes,Electronic check,56.25,Yes,1
5913-INRQV,Male,1,Yes,No,Yes,No,Fiber optic,Yes,No,No,Yes,Yes,No,One year,No,Mailed check,90.15,No,34
5914-DVBWJ,Female,1,No,No,Yes,Yes,Fiber optic,No,Yes,No,Yes,No,No,Month-to-month,Yes,Electronic check,85.45,Yes,18
5914-GXMDA,Female,0,Yes,No,Yes,No,No,No internet service,No internet service,No internet service,No internet service,No internet service,No internet service,One year,No,Mailed check,19.3,No,32
5915-ANOEI,Male,0,Yes,No,Yes,Yes,DSL,Yes,Yes,Yes,Yes,Yes,No,Two year,No,Mailed check,79.15,No,70
5915-DGNVC,Female,0,Yes,No,Yes,Yes,DSL,Yes,Yes,Yes,No,No,Yes,One year,No,Electronic check,71.8,No,49
5916-QEWPT,Female,0,Yes,No,Yes,No,DSL,No,No,Yes,No,Yes,Yes,Month-to-month,No,Credit card (automatic),69.0,No,2
5917-HBSDW,Female,0,Yes,Yes,Yes,No,No,No internet service,No internet service,No internet service,No internet service,No internet service,No internet service,Month-to-month,No,Electronic check,19.35,No,37
5918-VUKWP,Female,0,No,No,Yes,No,No,No internet service,No internet service,No internet service,No internet service,No internet service,No internet service,One year,No,Bank transfer (automatic),20.55,No,32
5919-TMRGD,Female,0,No,Yes,Yes,No,Fiber optic,No,No,No,No,Yes,No,Month-to-month,Yes,Electronic check,79.35,Yes,1
5919-VCZYM,Male,0,No,No,Yes,No,No,No internet service,No internet service,No internet service,No internet service,No internet service,No internet service,Month-to-month,No,Mailed check,20.05,No,2
5922-ABDVO,Female,0,Yes,No,Yes,Yes,Fiber optic,No,No,Yes,No,No,Yes,Month-to-month,No,Mailed check,89.65,Yes,19
5924-IFQTT,Male,0,Yes,Yes,Yes,Yes,DSL,No,Yes,Yes,Yes,Yes,No,Month-to-month,Yes,Electronic check,72.8,No,13
5924-SNGKP,Female,0,No,Yes,Yes,No,No,No internet service,No internet service,No internet service,No internet service,No internet service,No internet service,One year,Yes,Credit card (automatic),20.25,No,41
5928-QLDHB,Male,0,No,No,Yes,Yes,Fiber optic,No,No,No,No,No,No,Month-to-month,Yes,Electronic check,76.25,No,9
5930-GBIWP,Male,0,No,No,Yes,Yes,DSL,Yes,Yes,Yes,Yes,No,Yes,Two year,Yes,Credit card (automatic),81.5,No,69
5931-FLJJF,Male,1,Yes,No,Yes,No,Fiber optic,No,No,No,No,No,No,Month-to-month,Yes,Mailed check,70.1,Yes,7
5934-RMPOV,Female,0,No,Yes,Yes,Yes,Fiber optic,No,No,No,No,No,Yes,Month-to-month,Yes,Electronic check,84.75,No,22
5934-TSSAU,Female,0,Yes,Yes,Yes,No,Fiber optic,No,No,Yes,No,No,No,Month-to-month,Yes,Credit card (automatic),75.3,No,23
5935-FCCNB,Female,1,No,No,Yes,Yes,Fiber optic,No,No,No,No,Yes,Yes,Month-to-month,Yes,Electronic check,94.2,No,17
5937-EORGB,Male,1,Yes,No,Yes,Yes,Fiber optic,Yes,No,Yes,No,Yes,No,Month-to-month,Yes,Electronic check,96.5,No,15
5939-XAIXZ,Female,0,No,No,Yes,Yes,DSL,No,No,Yes,No,No,No,Month-to-month,Yes,Mailed check,56.1,No,19
5940-AHUHD,Male,0,No,No,Yes,No,Fiber optic,No,No,No,No,No,No,Month-to-month,No,Mailed check,70.6,Yes,1
5940-NFXKV,Male,0,Yes,Yes,Yes,Yes,Fiber optic,No,No,No,No,No,Yes,Month-to-month,Yes,Electronic check,83.65,Yes,19
5944-UGLLK,Male,0,No,No,No,No phone service,DSL,No,No,Yes,Yes,Yes,Yes,One year,No,Credit card (automatic),54.9,No,53
5945-AZYHT,Male,0,Yes,No,Yes,Yes,Fiber optic,Yes,Yes,Yes,No,Yes,Yes,One year,Yes,Electronic check,109.6,No,71
5947-SGKCL,Female,0,Yes,Yes,Yes,Yes,Fiber optic,No,Yes,Yes,No,Yes,Yes,Month-to-month,Yes,Bank transfer (automatic),105.35,No,15
5948-UJZLF,Male,0,No,No,Yes,No,DSL,No,Yes,No,No,No,No,Month-to-month,No,Mailed check,49.25,No,2
5949-HGVJL,Female,0,Yes,No,Yes,No,DSL,No,Yes,No,Yes,Yes,Yes,Month-to-month,Yes,Electronic check,73.05,No,26
5949-XIKAE,Female,0,Yes,Yes,Yes,No,Fiber optic,No,Yes,No,No,Yes,No,Month-to-month,Yes,Electronic check,83.55,Yes,8
5950-AAAGJ,Male,0,No,No,Yes,Yes,Fiber optic,No,No,No,No,Yes,No,Month-to-month,No,Bank transfer (automatic),84.3,No,18
5951-AOFIH,Male,0,No,No,Yes,No,DSL,No,Yes,Yes,No,Yes,No,Month-to-month,Yes,Credit card (automatic),66.4,No,33
5954-BDFSG,Female,0,No,No,Yes,Yes,Fiber optic,No,No,Yes,Yes,Yes,Yes,Two year,Yes,Credit card (automatic),107.5,No,72
5955-EPOAZ,Female,0,No,No,Yes,No,No,No internet service,No internet service,No internet service,No internet service,No internet service,No internet service,Month-to-month,Yes,Mailed check,20.95,No,6
5955-ERIHD,Male,0,Yes,No,Yes,Yes,Fiber optic,No,No,No,No,Yes,Yes,Month-to-month,Yes,Electronic check,94.7,Yes,18
5956-VKDTT,Female,1,Yes,No,Yes,Yes,Fiber optic,No,No,No,No,No,No,Month-to-month,Yes,Electronic check,74.35,Yes,5
5956-YHHRX,Male,1,No,No,Yes,Yes,Fiber optic,No,Yes,Yes,No,Yes,Yes,Month-to-month,Yes,Electronic check,104.35,No,21
5959-BELXA,Male,1,No,No,Yes,Yes,Fiber optic,No,No,No,No,Yes,Yes,Month-to-month,Yes,Credit card (automatic),96.15,Yes,32
5960-MVTUK,Male,0,No,No,No,No phone service,DSL,No,No,No,Yes,No,No,Month-to-month,Yes,Electronic check,29.75,No,3
5961-VUSRV,Female,0,No,No,Yes,No,No,No internet service,No internet service,No internet service,No internet service,No internet service,No internet service,One year,Yes,Bank transfer (automatic),19.35,No,12
5965-GGPRW,Male,0,Yes,Yes,Yes,Yes,Fiber optic,Yes,No,Yes,No,Yes,Yes,Two year,No,Bank transfer (automatic),105.25,No,72
5966-EMAZU,Male,0,Yes,No,Yes,Yes,Fiber optic,Yes,No,Yes,Yes,Yes,Yes,One year,Yes,Mailed check,108.5,No,64
5968-HYJRZ,Male,0,Yes,Yes,Yes,Yes,No,No internet service,No internet service,No internet service,No internet service,No internet service,No internet service,Two year,No,Mailed check,24.55,No,47
5968-VXZLG,Male,0,No,No,Yes,No,DSL,No,No,No,No,No,No,Month-to-month,Yes,Bank transfer (automatic),46.6,No,2
5970-GHJAW,Male,0,Yes,Yes,Yes,No,No,No internet service,No internet service,No internet service,No internet service,No internet service,No internet service,Two year,No,Credit card (automatic),19.95,No,46
5973-EJGDP,Male,0,No,No,Yes,Yes,Fiber optic,No,Yes,Yes,Yes,No,No,Month-to-month,Yes,Electronic check,87.35,No,51
5977-CKHON,Female,0,Yes,Yes,Yes,Yes,Fiber optic,No,No,Yes,No,No,Yes,Month-to-month,Yes,Bank transfer (automatic),92.55,No,43
5980-BDHPY,Male,0,Yes,No,Yes,Yes,DSL,Yes,Yes,Yes,Yes,Yes,Yes,Two year,Yes,Bank transfer (automatic),87.1,No,72
5980-NOPLP,Female,0,Yes,No,Yes,Yes,Fiber optic,No,No,No,No,Yes,Yes,Month-to-month,Yes,Electronic check,96.1,Yes,44
5981-ITEMU,Male,0,Yes,No,Yes,Yes,Fiber optic,No,No,No,No,Yes,Yes,Month-to-month,Yes,Bank transfer (automatic),97.1,Yes,40
5981-ZVXOT,Female,1,No,No,Yes,Yes,Fiber optic,Yes,Yes,Yes,No,Yes,Yes,One year,Yes,Electronic check,108.35,No,35
5982-FPVQN,Female,0,Yes,Yes,Yes,Yes,Fiber optic,No,Yes,Yes,No,No,Yes,Month-to-month,Yes,Electronic check,95.15,No,37
5982-PSMKW,Female,0,Yes,Yes,Yes,Yes,DSL,Yes,Yes,Yes,Yes,Yes,Yes,Two year,Yes,Credit card (automatic),91.1,No,23
5982-XMDEX,Female,0,No,No,Yes,Yes,No,No internet service,No internet service,No internet service,No internet service,No internet service,No internet service,Two year,No,Bank transfer (automatic),26.5,No,65
5985-BEHZK,Female,1,Yes,No,Yes,Yes,Fiber optic,No,Yes,Yes,No,Yes,Yes,One year,No,Credit card (automatic),105.0,No,72
5986-WWXDV,Male,0,No,Yes,Yes,No,No,No internet service,No internet service,No internet service,No internet service,No internet service,No internet service,One year,No,Bank transfer (automatic),19.35,No,39
5989-AXPUC,Female,0,Yes,No,Yes,Yes,Fiber optic,Yes,Yes,Yes,Yes,Yes,Yes,Two year,No,Mailed check,118.6,No,68
5989-OMNJE,Female,0,Yes,Yes,No,No phone service,DSL,Yes,Yes,Yes,No,Yes,Yes,One year,No,Electronic check,57.6,No,24
5995-LFTLE,Male,0,No,No,Yes,Yes,No,No internet service,No internet service,No internet service,No internet service,No internet service,No internet service,Two year,Yes,Credit card (automatic),25.3,No,58
5995-OIGLP,Male,0,No,No,Yes,No,DSL,Yes,No,No,Yes,No,No,Month-to-month,No,Mailed check,56.65,Yes,12
5995-SNNEW,Male,1,Yes,No,Yes,Yes,Fiber optic,No,Yes,Yes,No,Yes,Yes,Month-to-month,Yes,Electronic check,104.45,No,23
5995-WWKKG,Female,0,No,No,Yes,No,No,No internet service,No internet service,No internet service,No internet service,No internet service,No internet service,One year,Yes,Electronic check,19.8,No,37
5996-DAOQL,Male,0,No,No,Yes,No,No,No internet service,No internet service,No internet service,No internet service,No internet service,No internet service,Month-to-month,Yes,Mailed check,20.45,No,1
5996-EBTKM,Female,0,Yes,Yes,Yes,Yes,DSL,No,No,Yes,Yes,No,Yes,Two year,Yes,Bank transfer (automatic),69.9,No,67
5996-NRVXR,Male,1,Yes,No,Yes,No,Fiber optic,Yes,Yes,Yes,Yes,Yes,No,One year,Yes,Credit card (automatic),98.15,No,40
5997-OPVFA,Male,0,Yes,No,Yes,Yes,DSL,Yes,Yes,Yes,Yes,Yes,Yes,Two year,Yes,Bank transfer (automatic),89.05,No,72
5998-DZLYR,Female,0,Yes,No,Yes,Yes,Fiber optic,No,Yes,No,Yes,No,Yes,Two year,Yes,Bank transfer (automatic),94.35,No,61
5998-VVEJY,Male,0,No,No,Yes,Yes,Fiber optic,No,No,No,Yes,No,No,Month-to-month,Yes,Electronic check,80.5,Yes,26
5999-LCXAO,Female,0,No,No,No,No phone service,DSL,Yes,No,No,No,No,No,Month-to-month,No,Mailed check,29.9,No,1
6000-APYLU,Male,0,No,No,Yes,No,Fiber optic,No,No,No,No,No,Yes,Month-to-month,Yes,Electronic check,80.8,Yes,9
6000-UKLWI,Male,0,No,No,Yes,No,No,No internet service,No internet service,No internet service,No internet service,No internet service,No internet service,Two year,No,Mailed check,20.15,No,41
6005-OBZPH,Female,1,No,No,Yes,Yes,Fiber optic,No,Yes,No,No,Yes,No,Month-to-month,Yes,Electronic check,89.15,Yes,26
6007-TCTST,Female,0,Yes,Yes,Yes,Yes,Fiber optic,Yes,Yes,Yes,Yes,Yes,Yes,Two year,Yes,Bank transfer (automatic),115.8,No,72
6008-NAIXK,Male,1,No,No,No,No phone service,DSL,No,Yes,Yes,No,Yes,Yes,One year,Yes,Electronic check,55.45,No,54
6013-BHCAW,Male,0,Yes,Yes,Yes,Yes,DSL,No,No,Yes,Yes,Yes,Yes,Two year,Yes,Bank transfer (automatic),81.0,No,61
6015-VVHHE,Female,1,No,No,Yes,Yes,Fiber optic,No,No,No,No,Yes,No,Month-to-month,Yes,Credit card (automatic),83.15,Yes,5
6016-LVTJQ,Female,0,Yes,Yes,Yes,No,No,No internet service,No internet service,No internet service,No internet service,No internet service,No internet service,Month-to-month,No,Mailed check,20.65,No,34
6016-NXBNJ,Male,0,No,No,Yes,No,No,No internet service,No internet service,No internet service,No internet service,No internet service,No internet service,One year,Yes,Mailed check,19.15,No,35
6017-PPLPX,Male,0,Yes,Yes,Yes,No,Fiber optic,No,No,No,No,No,No,Month-to-month,Yes,Electronic check,70.45,Yes,20
6022-KOUQO,Female,0,Yes,Yes,No,No phone service,DSL,No,No,No,Yes,No,No,Month-to-month,No,Bank transfer (automatic),29.05,No,2
6022-UGGSO,Female,1,No,No,Yes,No,Fiber optic,No,Yes,No,No,No,No,Month-to-month,Yes,Electronic check,74.4,Yes,32
6023-GSSXW,Female,0,Yes,No,Yes,No,DSL,No,Yes,No,No,No,Yes,Two year,Yes,Credit card (automatic),61.45,No,69
6023-YEBUP,Male,0,No,No,Yes,Yes,Fiber optic,No,No,Yes,No,Yes,Yes,Month-to-month,Yes,Electronic check,100.95,Yes,3
6024-RUGGH,Male,0,Yes,Yes,Yes,Yes,No,No internet service,No internet service,No internet service,No internet service,No internet service,No internet service,Two year,Yes,Bank transfer (automatic),25.2,No,72
6029-CSMJE,Male,0,No,No,No,No phone service,DSL,No,No,No,No,No,No,Month-to-month,Yes,Mailed check,25.65,No,17
6029-WTIPC,Male,1,No,No,Yes,Yes,Fiber optic,No,No,Yes,No,Yes,Yes,Month-to-month,Yes,Electronic check,101.1,Yes,37
6030-REHUX,Female,1,Yes,No,Yes,Yes,Fiber optic,No,Yes,Yes,Yes,Yes,Yes,Month-to-month,Yes,Electronic check,110.85,No,28
6032-IGALN,Female,0,No,No,No,No phone service,DSL,No,No,No,No,No,No,Month-to-month,Yes,Mailed check,25.1,Yes,1
6032-KRXXO,Male,0,No,No,Yes,No,Fiber optic,No,No,No,No,Yes,Yes,Month-to-month,Yes,Electronic check,90.25,Yes,30
6034-YMTOB,Female,0,No,No,Yes,No,Fiber optic,No,No,No,Yes,No,No,Month-to-month,Yes,Mailed check,75.65,No,5
6034-ZRYCV,Female,0,Yes,No,No,No phone service,DSL,No,Yes,Yes,No,Yes,Yes,Two year,Yes,Electronic check,54.2,Yes,72
6035-BXTTY,Female,1,No,No,Yes,No,DSL,No,Yes,No,Yes,No,No,Month-to-month,No,Bank transfer (automatic),54.65,No,32
6035-RIIOM,Female,0,No,No,Yes,Yes,Fiber optic,No,Yes,No,No,Yes,Yes,Two year,Yes,Bank transfer (automatic),97.2,No,54
6038-GCYEC,Female,0,No,No,No,No phone service,DSL,No,Yes,Yes,No,Yes,Yes,Month-to-month,Yes,Credit card (automatic),54.15,Yes,24
6047-SUHPR,Male,0,Yes,Yes,Yes,No,DSL,Yes,Yes,Yes,No,No,No,One year,No,Electronic check,59.8,No,39
6047-YHPVI,Male,0,No,No,Yes,No,Fiber optic,No,No,No,No,No,No,Month-to-month,Yes,Electronic check,69.7,Yes,5
6048-UWKAL,Female,1,Yes,No,Yes,Yes,Fiber optic,No,Yes,No,Yes,Yes,Yes,Two year,No,Credit card (automatic),105.4,No,69
6050-FFXES,Female,0,Yes,No,Yes,Yes,Fiber optic,No,No,Yes,Yes,Yes,Yes,Two year,No,Bank transfer (automatic),105.35,No,69
6051-PTVNS,Female,0,Yes,Yes,Yes,No,No,No internet service,No internet service,No internet service,No internet service,No internet service,No internet service,One year,No,Credit card (automatic),19.15,No,55
6060-DRTNL,Female,1,No,No,Yes,No,Fiber optic,No,No,Yes,No,Yes,No,Month-to-month,Yes,Mailed check,84.85,Yes,5
6060-QBMGV,Male,0,Yes,No,Yes,No,No,No internet service,No internet service,No internet service,No internet service,No internet service,No internet service,Two year,No,Credit card (automatic),19.85,No,70
6061-GWWAV,Male,0,No,Yes,Yes,No,DSL,Yes,Yes,Yes,No,Yes,No,One year,No,Mailed check,70.2,No,41
6061-PQHMK,Female,0,No,No,Yes,No,No,No internet service,No internet service,No internet service,No internet service,No internet service,No internet service,One year,No,Credit card (automatic),19.9,No,25
6064-PUPMC,Male,0,Yes,Yes,Yes,No,DSL,Yes,No,No,Yes,No,No,One year,No,Credit card (automatic),57.2,No,23
6072-NUQCB,Male,0,Yes,Yes,Yes,No,No,No internet service,No internet service,No internet service,No internet service,No internet service,No internet service,One year,No,Bank transfer (automatic),20.25,No,22
6075-QMNRR,Female,0,No,No,Yes,No,DSL,Yes,No,No,No,No,No,Month-to-month,Yes,Bank transfer (automatic),49.75,No,52
6077-BDPXA,Female,0,No,No,Yes,No,Fiber optic,No,No,No,No,No,No,Month-to-month,Yes,Electronic check,70.15,No,3
6078-VESFR,Male,1,Yes,No,Yes,No,Fiber optic,No,No,No,No,No,No,Month-to-month,No,Bank transfer (automatic),70.45,No,13
6080-LNESI,Male,0,No,No,Yes,Yes,No,No internet service,No internet service,No internet service,No internet service,No internet service,No internet service,Two year,No,Mailed check,24.75,No,51
6080-TCMYC,Male,0,Yes,Yes,Yes,Yes,Fiber optic,No,No,Yes,No,No,No,Month-to-month,Yes,Electronic check,81.2,No,40
6082-GLJIX,Male,0,No,No,Yes,No,No,No internet service,No internet service,No internet service,No internet service,No internet service,No internet service,Month-to-month,No,Mailed check,19.25,No,18
6082-OQFBA,Male,0,Yes,Yes,Yes,No,No,No internet service,No internet service,No internet service,No internet service,No internet service,No internet service,One year,No,Mailed check,19.65,No,23
6086-ESGRL,Female,0,No,No,Yes,No,Fiber optic,No,No,No,No,No,Yes,Month-to-month,No,Credit card (automatic),80.15,Yes,1
6087-MVHJH,Female,0,No,No,Yes,Yes,Fiber optic,No,No,Yes,No,No,Yes,Month-to-month,Yes,Electronic check,88.45,Yes,16
6087-YPWHO,Male,0,Yes,No,Yes,Yes,DSL,Yes,Yes,Yes,Yes,No,No,Two year,No,Mailed check,68.15,No,72
6088-BXMRG,Female,0,Yes,Yes,Yes,Yes,Fiber optic,No,Yes,No,No,Yes,Yes,Month-to-month,Yes,Electronic check,98.85,No,32
6092-QZVPP,Male,0,No,No,Yes,No,DSL,Yes,No,Yes,Yes,Yes,Yes,Month-to-month,Yes,Credit card (automatic),79.2,No,36
6096-EGVTU,Female,0,Yes,Yes,Yes,Yes,No,No internet service,No internet service,No internet service,No internet service,No internet service,No internet service,One year,No,Mailed check,24.9,No,64
6097-EQISJ,Female,0,Yes,Yes,Yes,Yes,Fiber optic,No,Yes,Yes,No,Yes,Yes,One year,Yes,Credit card (automatic),102.45,Yes,66
6100-QQHEB,Male,0,Yes,Yes,Yes,Yes,Fiber optic,No,No,No,No,Yes,Yes,Month-to-month,Yes,Electronic check,92.55,Yes,17
6101-IMRMM,Male,0,No,Yes,Yes,No,Fiber optic,No,No,Yes,No,Yes,Yes,Month-to-month,No,Mailed check,94.5,Yes,6
6103-BOCOU,Female,0,No,No,Yes,Yes,Fiber optic,No,No,Yes,No,No,No,Month-to-month,Yes,Electronic check,80.7,No,26
6103-LIANB,Male,0,Yes,Yes,Yes,Yes,Fiber optic,No,No,Yes,No,Yes,Yes,Two year,Yes,Credit card (automatic),99.5,No,59
6103-QCKFX,Female,0,Yes,Yes,Yes,No,DSL,Yes,No,No,Yes,No,No,Month-to-month,No,Bank transfer (automatic),56.25,No,44
6108-OQZDQ,Female,0,Yes,Yes,Yes,Yes,Fiber optic,No,Yes,No,No,Yes,Yes,Month-to-month,Yes,Electronic check,97.95,Yes,4
6110-OHIHY,Male,0,No,No,Yes,No,Fiber optic,No,No,No,No,Yes,No,Month-to-month,No,Electronic check,79.25,Yes,3
6112-KTHFQ,Female,0,No,No,Yes,No,No,No internet service,No internet service,No internet service,No internet service,No internet service,No internet service,Month-to-month,Yes,Mailed check,19.3,No,13
6114-TCFID,Female,0,No,No,No,No phone service,DSL,Yes,Yes,No,Yes,No,No,One year,No,Credit card (automatic),39.5,No,29
6115-ZTBFQ,Female,0,Yes,No,No,No phone service,DSL,Yes,Yes,Yes,Yes,Yes,Yes,Two year,No,Bank transfer (automatic),65.5,No,72
6116-RFVHN,Female,0,Yes,No,Yes,Yes,Fiber optic,No,No,Yes,No,Yes,Yes,Month-to-month,Yes,Electronic check,100.45,No,34
6119-SPUDB,Male,0,No,No,No,No phone service,DSL,Yes,No,Yes,Yes,No,No,Two year,No,Mailed check,38.25,No,46
6121-VZNQB,Female,0,No,No,Yes,No,No,No internet service,No internet service,No internet service,No internet service,No internet service,No internet service,Month-to-month,Yes,Mailed check,19.1,Yes,1
6122-EFVKN,Male,0,No,Yes,No,No phone service,DSL,Yes,No,No,Yes,No,No,Two year,No,Mailed check,35.75,No,24
6124-ACRHJ,Female,0,No,No,Yes,No,No,No internet service,No internet service,No internet service,No internet service,No internet service,No internet service,Month-to-month,No,Mailed check,19.75,No,1
6127-ISGTU,Female,0,Yes,No,Yes,Yes,Fiber optic,No,No,No,No,Yes,No,Month-to-month,Yes,Electronic check,84.95,Yes,16
6127-IYJOZ,Male,1,No,No,Yes,No,DSL,No,No,No,No,No,No,Month-to-month,Yes,Mailed check,45.85,No,1
6128-CZOMY,Female,0,No,No,Yes,No,DSL,No,No,No,No,No,No,Month-to-month,Yes,Electronic check,45.65,Yes,1
6128-DAFVY,Female,0,No,No,No,No phone service,DSL,No,No,No,No,Yes,Yes,Month-to-month,Yes,Credit card (automatic),44.85,No,56
6131-FOYAS,Male,0,No,No,Yes,Yes,DSL,Yes,No,Yes,No,No,No,Month-to-month,Yes,Electronic check,59.6,No,35
6131-IUNXN,Female,0,Yes,Yes,Yes,No,No,No internet service,No internet service,No internet service,No internet service,No internet service,No internet service,Month-to-month,No,Mailed check,20.2,No,19
6131-JLWZM,Female,0,No,No,Yes,No,No,No internet service,No internet service,No internet service,No internet service,No internet service,No internet service,Month-to-month,Yes,Mailed check,20.3,No,13
6133-OZILE,Female,0,No,No,No,No phone service,DSL,No,No,Yes,Yes,No,No,Month-to-month,Yes,Electronic check,35.2,No,18
6134-KWTBV,Male,0,No,No,Yes,Yes,No,No internet service,No internet service,No internet service,No internet service,No internet service,No internet service,Two year,No,Bank transfer (automatic),23.4,No,62
6135-OZQVA,Female,0,No,No,Yes,Yes,DSL,Yes,No,No,No,No,No,Month-to-month,Yes,Electronic check,53.65,No,7
6137-MFAJN,Female,0,No,No,No,No phone service,DSL,Yes,Yes,No,No,Yes,No,Month-to-month,Yes,Electronic check,44.8,No,48
6137-NICCO,Female,0,Yes,Yes,Yes,Yes,Fiber optic,No,Yes,Yes,No,Yes,No,Month-to-month,Yes,Mailed check,94.05,No,6
6139-ZZRBQ,Male,1,No,No,Yes,No,No,No internet service,No internet service,No internet service,No internet service,No internet service,No internet service,Two year,Yes,Bank transfer (automatic),20.05,No,64
6140-QNRQQ,Male,0,No,No,Yes,No,Fiber optic,No,No,No,No,No,No,Month-to-month,Yes,Mailed check,71.55,Yes,1
6141-OOXUQ,Male,0,No,No,Yes,No,No,No internet service,No internet service,No internet service,No internet service,No internet service,No internet service,Month-to-month,No,Mailed check,19.65,Yes,1
6142-VSJQO,Female,0,Yes,Yes,Yes,No,DSL,No,No,No,No,No,No,Month-to-month,Yes,Bank transfer (automatic),44.35,Yes,1
6143-JQKEA,Male,0,No,No,Yes,No,DSL,No,No,No,No,No,No,Month-to-month,Yes,Credit card (automatic),45.8,No,10
6145-NNPNO,Female,0,No,No,Yes,No,DSL,No,No,No,No,No,No,Month-to-month,No,Bank transfer (automatic),44.15,No,1
6147-CBCRA,Female,0,Yes,No,Yes,No,No,No internet service,No internet service,No internet service,No internet service,No internet service,No internet service,Month-to-month,No,Mailed check,20.05,No,33
6152-ONASV,Female,0,Yes,No,Yes,Yes,DSL,Yes,No,No,Yes,No,No,One year,No,Bank transfer (automatic),58.25,No,68
6156-UZDLF,Female,0,No,No,Yes,No,Fiber optic,Yes,No,Yes,Yes,No,No,One year,Yes,Credit card (automatic),87.15,No,26
6158-DWPZT,Male,0,Yes,No,No,No phone service,DSL,No,No,No,No,No,No,One year,No,Bank transfer (automatic),24.1,Yes,9
6158-HDPXZ,Male,0,No,No,No,No phone service,DSL,No,No,No,No,No,No,Month-to-month,No,Mailed check,25.35,No,1
6161-ERDGD,Male,0,Yes,Yes,Yes,Yes,DSL,Yes,No,Yes,Yes,Yes,Yes,One year,No,Electronic check,85.45,No,71
6161-UUUTA,Male,1,No,No,Yes,No,Fiber optic,No,No,No,No,Yes,No,Month-to-month,Yes,Electronic check,79.9,Yes,3
6164-HAQTX,Male,0,No,No,No,No phone service,DSL,Yes,Yes,Yes,Yes,Yes,No,Two year,No,Bank transfer (automatic),53.95,No,71
6164-HXUGH,Female,0,Yes,Yes,Yes,No,No,No internet service,No internet service,No internet service,No internet service,No internet service,No internet service,Month-to-month,No,Mailed check,19.85,No,6
6166-ILMNY,Female,0,No,No,Yes,No,Fiber optic,No,No,No,No,No,No,Month-to-month,No,Bank transfer (automatic),69.75,Yes,2
6166-YIPFO,Male,0,Yes,No,No,No phone service,DSL,Yes,Yes,Yes,Yes,Yes,Yes,Two year,Yes,Electronic check,64.7,No,72
6168-WFVVF,Female,1,No,No,Yes,No,Fiber optic,No,No,No,No,No,No,Month-to-month,Yes,Electronic check,70.3,Yes,3
6168-YBYNP,Male,0,No,No,Yes,Yes,Fiber optic,No,Yes,Yes,Yes,Yes,Yes,Month-to-month,Yes,Electronic check,111.35,No,59
6169-PGNCD,Female,0,No,No,Yes,No,DSL,Yes,Yes,Yes,Yes,Yes,No,Two year,Yes,Credit card (automatic),74.3,No,57
6171-ZTVYB,Male,0,Yes,No,Yes,Yes,DSL,Yes,Yes,No,Yes,No,No,Month-to-month,No,Bank transfer (automatic),66.25,No,43
6173-GOLSU,Male,1,Yes,No,Yes,Yes,Fiber optic,No,No,No,No,Yes,Yes,Month-to-month,Yes,Credit card (automatic),94.65,No,67
6173-ITPWD,Male,0,Yes,No,Yes,Yes,Fiber optic,No,Yes,Yes,No,No,No,Month-to-month,Yes,Bank transfer (automatic),83.35,Yes,47
6174-NRBTZ,Male,0,No,No,No,No phone service,DSL,Yes,No,No,No,No,No,One year,Yes,Bank transfer (automatic),30.75,No,46
6177-PEVRA,Female,0,No,No,Yes,No,DSL,Yes,Yes,No,No,No,No,Two year,No,Credit card (automatic),55.5,No,48
6178-KFNHS,Female,0,No,Yes,Yes,Yes,Fiber optic,Yes,No,No,No,No,No,Month-to-month,Yes,Electronic check,78.3,Yes,12
6181-AXXYF,Male,0,Yes,Yes,Yes,Yes,No,No internet service,No internet service,No internet service,No internet service,No internet service,No internet service,Two year,No,Credit card (automatic),24.75,No,72
6184-DYUOB,Female,0,Yes,No,Yes,No,No,No internet service,No internet service,No internet service,No internet service,No internet service,No internet service,Month-to-month,Yes,Mailed check,19.6,No,3
6185-TASNN,Male,1,No,No,Yes,No,DSL,No,No,No,No,No,No,Month-to-month,No,Electronic check,46.3,No,1
6188-UXBBR,Female,0,Yes,No,Yes,No,No,No internet service,No internet service,No internet service,No internet service,No internet service,No internet service,One year,Yes,Credit card (automatic),20.25,No,38
6194-HBGQN,Male,0,No,No,Yes,Yes,DSL,Yes,Yes,Yes,Yes,Yes,No,One year,Yes,Credit card (automatic),81.15,No,51
6196-HBOBZ,Male,0,Yes,No,Yes,Yes,Fiber optic,Yes,Yes,Yes,No,Yes,No,Two year,Yes,Electronic check,99.35,No,65
6198-PNNSZ,Female,0,Yes,No,Yes,Yes,Fiber optic,Yes,Yes,Yes,No,Yes,Yes,One year,No,Bank transfer (automatic),109.8,No,56
6198-RTPMF,Female,0,Yes,No,Yes,Yes,Fiber optic,No,No,No,No,Yes,Yes,Month-to-month,No,Electronic check,92.6,No,17
6199-IPCAO,Female,0,Yes,Yes,Yes,Yes,No,No internet service,No internet service,No internet service,No internet service,No internet service,No internet service,Two year,No,Mailed check,26.1,No,29
6199-IWKGC,Female,1,Yes,No,Yes,Yes,Fiber optic,No,No,No,Yes,Yes,Yes,One year,No,Electronic check,100.25,No,46
6202-DYYFX,Female,0,No,No,Yes,Yes,Fiber optic,No,No,No,No,No,No,One year,Yes,Credit card (automatic),76.0,No,22
6202-JVYEU,Male,0,No,No,Yes,No,No,No internet service,No internet service,No internet service,No internet service,No internet service,No internet service,One year,Yes,Electronic check,19.9,No,9
6203-HBZPA,Male,0,No,No,No,No phone service,DSL,Yes,Yes,Yes,Yes,Yes,Yes,Two year,No,Credit card (automatic),63.9,No,52
6207-WIOLX,Female,0,Yes,Yes,No,No phone service,DSL,Yes,Yes,Yes,No,Yes,Yes,Month-to-month,Yes,Credit card (automatic),58.6,Yes,25
6210-KBBPI,Male,1,No,No,Yes,Yes,Fiber optic,No,Yes,No,No,Yes,Yes,Month-to-month,Yes,Credit card (automatic),99.45,Yes,9
6211-WHMYA,Female,1,No,No,No,No phone service,DSL,No,Yes,No,Yes,Yes,No,Month-to-month,Yes,Electronic check,43.85,No,64
6212-ATMLK,Female,0,No,No,Yes,Yes,Fiber optic,No,No,No,No,Yes,Yes,Month-to-month,Yes,Electronic check,95.7,No,50
6214-EDAKZ,Female,0,Yes,Yes,Yes,No,DSL,No,Yes,No,Yes,No,No,Month-to-month,No,Electronic check,55.15,Yes,22
6215-NQCPY,Male,0,No,No,Yes,Yes,Fiber optic,Yes,No,No,No,Yes,Yes,Month-to-month,Yes,Electronic check,99.7,No,15
6217-KDYWC,Male,0,No,Yes,Yes,No,No,No internet service,No internet service,No internet service,No internet service,No internet service,No internet service,Two year,Yes,Mailed check,19.6,No,57
6217-TOWGS,Female,0,Yes,No,Yes,Yes,DSL,No,Yes,No,No,Yes,Yes,Month-to-month,Yes,Bank transfer (automatic),75.4,No,17
6218-KNUBD,Male,0,No,No,Yes,No,DSL,No,Yes,No,No,Yes,No,Month-to-month,No,Electronic check,59.45,No,6
6221-AVQYL,Male,0,No,No,Yes,Yes,Fiber optic,No,No,No,No,No,No,Month-to-month,Yes,Credit card (automatic),73.25,Yes,2
6223-DHJGV,Female,0,No,No,Yes,No,No,No internet service,No internet service,No internet service,No internet service,No internet service,No internet service,One year,Yes,Mailed check,20.65,No,42
6227-FBDXH,Male,0,Yes,No,Yes,Yes,Fiber optic,No,No,Yes,No,Yes,Yes,One year,No,Bank transfer (automatic),99.5,No,69
6227-HWPWX,Female,0,No,Yes,Yes,No,Fiber optic,No,No,No,No,No,No,Month-to-month,No,Bank transfer (automatic),69.0,Yes,15
6229-LSCKB,Male,1,No,No,Yes,No,Fiber optic,No,No,No,No,Yes,No,Month-to-month,Yes,Electronic check,79.7,No,6
6231-WFGFH,Male,0,Yes,Yes,Yes,No,No,No internet service,No internet service,No internet service,No internet service,No internet service,No internet service,Month-to-month,Yes,Mailed check,20.5,No,4
6233-HXJMX,Female,0,No,No,Yes,Yes,Fiber optic,No,No,Yes,No,No,Yes,Month-to-month,Yes,Credit card (automatic),89.3,No,45
6234-PFPXL,Male,0,Yes,No,Yes,Yes,Fiber optic,Yes,No,No,Yes,Yes,No,Month-to-month,No,Credit card (automatic),95.9,No,22
6234-RAAPL,Female,0,Yes,Yes,Yes,Yes,Fiber optic,Yes,Yes,No,Yes,Yes,No,Two year,No,Bank transfer (automatic),99.9,No,72
6235-VDHOM,Female,1,No,No,No,No phone service,DSL,No,Yes,No,No,No,No,Month-to-month,No,Electronic check,28.45,Yes,5
6240-EURKS,Female,0,No,Yes,No,No phone service,DSL,No,No,No,No,No,Yes,Month-to-month,Yes,Electronic check,35.0,Yes,18
6242-MBHPK,Female,1,Yes,No,Yes,No,Fiber optic,Yes,No,No,No,Yes,Yes,Month-to-month,Yes,Electronic check,95.1,No,23
6242-SGYTS,Male,0,Yes,Yes,Yes,Yes,Fiber optic,Yes,Yes,No,No,Yes,No,One year,Yes,Credit card (automatic),94.95,No,62
6243-OZGFH,Female,0,No,No,No,No phone service,DSL,No,No,No,No,Yes,Yes,Month-to-month,Yes,Electronic check,44.95,No,23
6244-BESBM,Male,0,Yes,Yes,Yes,No,Fiber optic,No,No,No,Yes,Yes,Yes,Two year,Yes,Credit card (automatic),95.2,No,69
6248-TKCQV,Female,0,Yes,Yes,Yes,Yes,DSL,Yes,No,No,Yes,Yes,Yes,Two year,Yes,Bank transfer (automatic),80.6,No,70
6250-CGGUN,Male,0,No,No,Yes,No,Fiber optic,Yes,No,Yes,Yes,No,No,One year,No,Electronic check,84.4,No,54
6253-GNHWH,Female,0,Yes,Yes,Yes,Yes,DSL,Yes,Yes,Yes,Yes,No,No,Two year,No,Mailed check,71.1,No,71
6257-DTAYD,Male,0,Yes,No,Yes,Yes,Fiber optic,No,Yes,No,Yes,Yes,Yes,Two year,Yes,Credit card (automatic),104.15,No,71
6258-NGCNG,Male,0,No,No,Yes,Yes,No,No internet service,No internet service,No internet service,No internet service,No internet service,No internet service,Month-to-month,No,Mailed check,23.5,No,7
6258-PVZWJ,Male,0,Yes,No,Yes,Yes,DSL,Yes,Yes,Yes,Yes,Yes,Yes,Two year,Yes,Credit card (automatic),90.8,No,68
6260-ONULR,Male,0,No,No,Yes,No,DSL,No,No,No,No,Yes,Yes,Month-to-month,Yes,Mailed check,62.8,No,1
6265-SXWBU,Male,0,Yes,Yes,Yes,Yes,Fiber optic,No,Yes,Yes,No,Yes,No,One year,No,Credit card (automatic),95.75,No,69
6266-QHOJZ,Female,0,No,No,Yes,Yes,Fiber optic,Yes,Yes,No,Yes,No,No,One year,Yes,Electronic check,89.85,No,65
6267-DCFFZ,Female,1,Yes,No,Yes,Yes,Fiber optic,No,Yes,No,No,Yes,No,Month-to-month,Yes,Electronic check,90.05,No,30
6270-OMFIW,Male,0,Yes,No,Yes,No,Fiber optic,No,Yes,No,No,Yes,Yes,One year,Yes,Electronic check,94.4,Yes,60
6275-YDUVO,Female,0,No,No,Yes,No,Fiber optic,No,No,Yes,No,No,Yes,Month-to-month,Yes,Mailed check,86.2,Yes,2
6278-FEPBZ,Female,0,No,No,Yes,No,No,No internet service,No internet service,No internet service,No internet service,No internet service,No internet service,Month-to-month,No,Mailed check,20.25,No,9
6281-FKEWS,Female,0,No,No,No,No phone service,DSL,No,No,Yes,No,Yes,Yes,One year,Yes,Electronic check,49.05,No,44
6283-GITPX,Male,0,No,Yes,Yes,No,DSL,Yes,Yes,Yes,Yes,Yes,No,Two year,Yes,Credit card (automatic),76.9,No,71
6284-AHOOQ,Male,1,No,No,Yes,Yes,Fiber optic,No,No,No,Yes,Yes,No,Month-to-month,Yes,Bank transfer (automatic),90.5,Yes,22
6284-KMNUF,Female,0,Yes,No,Yes,Yes,Fiber optic,Yes,No,No,No,Yes,Yes,One year,Yes,Electronic check,98.0,No,56
6285-FTQBF,Male,0,Yes,Yes,Yes,Yes,No,No internet service,No internet service,No internet service,No internet service,No internet service,No internet service,Two year,No,Credit card (automatic),25.55,No,72
6286-SUUWT,Male,0,No,No,Yes,No,No,No internet service,No internet service,No internet service,No internet service,No internet service,No internet service,Month-to-month,No,Mailed check,19.95,No,1
6286-ZHAOK,Female,0,Yes,Yes,Yes,Yes,No,No internet service,No internet service,No internet service,No internet service,No internet service,No internet service,Month-to-month,Yes,Bank transfer (automatic),25.55,No,20
6288-LBEAR,Female,0,No,No,Yes,No,Fiber optic,No,Yes,No,Yes,No,No,Month-to-month,Yes,Mailed check,79.1,No,23
6289-CPNLD,Male,0,Yes,Yes,Yes,No,DSL,No,No,Yes,Yes,Yes,Yes,One year,Yes,Mailed check,73.9,Yes,33
6292-TOSSS,Male,0,No,No,Yes,Yes,No,No internet service,No internet service,No internet service,No internet service,No internet service,No internet service,Two year,No,Bank transfer (automatic),24.9,No,50
6295-OSINB,Male,0,Yes,No,Yes,Yes,Fiber optic,Yes,Yes,Yes,No,Yes,Yes,Two year,Yes,Electronic check,109.65,No,72
6296-DDOOR,Female,0,No,No,Yes,No,DSL,No,Yes,No,No,Yes,No,One year,No,Electronic check,58.2,No,19
6297-NOOPG,Female,0,Yes,No,Yes,Yes,Fiber optic,No,Yes,Yes,Yes,Yes,Yes,Two year,Yes,Electronic check,110.5,No,70
6298-QDFNH,Male,0,No,No,Yes,Yes,Fiber optic,No,Yes,No,No,No,No,Month-to-month,Yes,Electronic check,79.35,Yes,22
6300-BWMJX,Female,0,Yes,No,Yes,Yes,Fiber optic,No,No,Yes,Yes,Yes,No,Month-to-month,No,Electronic check,93.35,No,59
6302-JGYRJ,Male,0,No,Yes,Yes,Yes,DSL,No,Yes,No,Yes,Yes,Yes,One year,Yes,Mailed check,79.45,Yes,31
6303-KFWSL,Female,0,No,No,Yes,Yes,DSL,No,Yes,No,No,No,No,One year,Yes,Electronic check,55.25,No,29
6304-IJFSQ,Male,0,No,No,Yes,No,DSL,No,Yes,No,No,No,No,Month-to-month,Yes,Mailed check,49.9,Yes,3
6305-YLBMM,Male,0,No,No,Yes,No,Fiber optic,No,Yes,Yes,Yes,Yes,Yes,One year,Yes,Bank transfer (automatic),104.05,Yes,69
6308-CQRBU,Female,0,Yes,No,Yes,Yes,Fiber optic,No,Yes,Yes,Yes,Yes,Yes,Two year,No,Electronic check,109.25,No,71
6311-UEUME,Female,0,No,No,Yes,No,Fiber optic,No,No,No,No,Yes,No,Month-to-month,Yes,Electronic check,78.9,Yes,29
6313-GIDIT,Male,1,No,No,No,No phone service,DSL,No,Yes,Yes,No,Yes,Yes,Month-to-month,Yes,Electronic check,54.45,Yes,53
6317-YPKDH,Female,0,No,No,No,No phone service,DSL,No,Yes,No,No,No,No,Month-to-month,No,Bank transfer (automatic),29.95,Yes,1
6319-IEJWJ,Male,0,Yes,Yes,Yes,No,Fiber optic,No,No,No,No,Yes,Yes,Month-to-month,Yes,Electronic check,90.2,Yes,20
6319-QSUSR,Female,0,No,Yes,Yes,No,No,No internet service,No internet service,No internet service,No internet service,No internet service,No internet service,Month-to-month,No,Credit card (automatic),19.7,No,11
6322-PJJDJ,Male,0,Yes,No,Yes,No,Fiber optic,No,Yes,No,No,Yes,Yes,Two year,Yes,Electronic check,94.8,No,49
6323-AYBRX,Male,0,No,No,Yes,No,No,No internet service,No internet service,No internet service,No internet service,No internet service,No internet service,Two year,No,Mailed check,19.35,Yes,59
6328-ZPBGN,Female,1,No,No,Yes,Yes,Fiber optic,No,No,No,No,Yes,Yes,Month-to-month,Yes,Bank transfer (automatic),95.15,Yes,11
6330-JKLPC,Male,0,Yes,No,Yes,Yes,Fiber optic,No,Yes,No,No,No,No,Month-to-month,Yes,Bank transfer (automatic),80.5,Yes,11
6331-EWIEB,Male,0,No,No,Yes,Yes,Fiber optic,No,No,No,No,Yes,No,Month-to-month,Yes,Electronic check,85.25,Yes,20
6331-LWDTQ,Male,0,No,No,Yes,Yes,DSL,No,No,No,No,Yes,Yes,Month-to-month,Yes,Credit card (automatic),72.15,Yes,10
6332-FBZRI,Male,0,Yes,Yes,Yes,Yes,DSL,Yes,Yes,Yes,Yes,No,No,One year,Yes,Credit card (automatic),69.35,No,67
6333-YDVLT,Male,0,No,No,Yes,Yes,Fiber optic,Yes,No,Yes,Yes,Yes,Yes,One year,Yes,Credit card (automatic),110.0,No,65
6338-AVWCY,Male,0,No,No,No,No phone service,DSL,No,No,Yes,No,Yes,No,Month-to-month,Yes,Mailed check,40.15,Yes,3
6339-RZCBJ,Male,0,No,No,Yes,No,DSL,No,Yes,Yes,Yes,Yes,Yes,Two year,No,Credit card (automatic),78.9,No,48
6339-TBELP,Male,0,No,No,Yes,Yes,Fiber optic,No,No,Yes,Yes,No,No,Two year,Yes,Credit card (automatic),86.4,No,71
6339-YPSAH,Male,0,No,No,Yes,No,Fiber optic,No,No,Yes,No,No,No,Month-to-month,Yes,Electronic check,73.8,No,9
6340-DACFT,Female,0,Yes,Yes,Yes,No,No,No internet service,No internet service,No internet service,No internet service,No internet service,No internet service,Two year,No,Credit card (automatic),20.55,No,50
6341-JVQGF,Female,0,Yes,Yes,Yes,No,DSL,Yes,No,Yes,Yes,Yes,Yes,One year,Yes,Mailed check,81.15,No,31
6344-SFJVH,Female,0,No,No,No,No phone service,DSL,No,No,No,No,No,No,Month-to-month,No,Credit card (automatic),24.9,No,20
6345-HOVES,Male,0,No,No,No,No phone service,DSL,No,No,No,No,No,No,Month-to-month,Yes,Bank transfer (automatic),25.05,No,34
6345-ULYRW,Male,1,Yes,No,Yes,Yes,Fiber optic,No,Yes,No,No,No,Yes,One year,No,Mailed check,88.4,Yes,44
6348-SNFUS,Male,0,Yes,Yes,No,No phone service,DSL,Yes,Yes,Yes,Yes,No,Yes,Two year,Yes,Credit card (automatic),55.45,No,72
6349-JDHQP,Female,0,No,No,Yes,No,No,No internet service,No internet service,No internet service,No internet service,No internet service,No internet service,Two year,No,Credit card (automatic),19.85,No,53
6350-XFYGW,Male,1,No,No,Yes,No,Fiber optic,No,No,Yes,No,Yes,Yes,Month-to-month,Yes,Electronic check,94.75,No,4
6351-SCJKT,Male,0,No,No,No,No phone service,DSL,Yes,No,Yes,Yes,No,No,Month-to-month,No,Mailed check,41.35,No,3
6352-GIGGQ,Male,0,No,No,Yes,Yes,DSL,Yes,Yes,Yes,Yes,Yes,Yes,One year,Yes,Bank transfer (automatic),88.8,No,67
6352-TWCAU,Female,0,No,No,Yes,Yes,Fiber optic,No,No,No,No,Yes,No,Month-to-month,Yes,Electronic check,86.45,Yes,35
6353-BRMMA,Female,0,Yes,Yes,Yes,Yes,Fiber optic,Yes,Yes,No,No,Yes,Yes,Month-to-month,Yes,Bank transfer (automatic),104.1,No,54
6358-LYNGM,Male,0,No,No,Yes,Yes,Fiber optic,No,No,No,No,No,No,Month-to-month,Yes,Electronic check,74.9,Yes,1
6360-SVNWV,Female,1,No,No,Yes,No,Fiber optic,Yes,No,No,No,No,No,Month-to-month,Yes,Credit card (automatic),73.55,No,31
6362-QHAFM,Male,0,Yes,No,Yes,Yes,Fiber optic,No,No,Yes,Yes,Yes,Yes,One year,Yes,Electronic check,108.3,No,42
6365-HITVU,Female,0,Yes,Yes,Yes,No,DSL,Yes,Yes,Yes,Yes,Yes,Yes,Two year,No,Credit card (automatic),87.25,No,71
6365-MTGZX,Male,0,No,No,Yes,No,Fiber optic,No,No,No,Yes,Yes,Yes,Month-to-month,Yes,Electronic check,96.0,Yes,24
6366-XIVKZ,Female,0,Yes,Yes,Yes,No,DSL,Yes,No,Yes,No,No,Yes,Month-to-month,Yes,Mailed check,63.15,No,13
6366-ZGQGL,Male,0,No,No,No,No phone service,DSL,No,No,No,No,No,No,Month-to-month,No,Bank transfer (automatic),24.8,Yes,1
6368-NWMCE,Female,0,No,No,Yes,Yes,DSL,No,Yes,No,Yes,No,Yes,Month-to-month,No,Credit card (automatic),68.15,No,38
6370-ZVHDV,Female,0,Yes,No,Yes,Yes,No,No internet service,No internet service,No internet service,No internet service,No internet service,No internet service,Two year,No,Bank transfer (automatic),25.3,No,61
6371-NZYEG,Male,0,Yes,Yes,Yes,No,DSL,Yes,No,Yes,No,Yes,No,Two year,No,Mailed check,64.25,No,16
6374-AFWOX,Male,0,Yes,No,Yes,No,DSL,Yes,Yes,Yes,Yes,No,No,Two year,No,Mailed check,65.65,No,46
6374-NTQLP,Male,1,Yes,Yes,Yes,No,Fiber optic,Yes,No,Yes,Yes,Yes,Yes,Two year,Yes,Credit card (automatic),104.1,No,72
6376-GAHQE,Male,0,No,No,Yes,No,Fiber optic,No,No,No,No,Yes,No,Month-to-month,No,Electronic check,77.85,Yes,4
6377-KSLXC,Male,0,No,No,Yes,No,No,No internet service,No internet service,No internet service,No internet service,No internet service,No internet service,Month-to-month,No,Mailed check,19.95,No,5
6377-WHAOX,Female,0,Yes,No,Yes,Yes,Fiber optic,No,Yes,Yes,No,Yes,Yes,Month-to-month,Yes,Electronic check,106.15,No,60
6379-RXJRQ,Male,0,Yes,No,Yes,No,Fiber optic,No,No,No,No,No,No,Month-to-month,Yes,Electronic check,70.1,Yes,10
6380-ARCEH,Male,0,No,No,Yes,No,No,No internet service,No internet service,No internet service,No internet service,No internet service,No internet service,Month-to-month,No,Mailed check,20.2,No,1
6383-ZTSIW,Female,1,Yes,No,Yes,No,Fiber optic,Yes,Yes,No,No,Yes,Yes,One year,No,Mailed check,99.1,No,39
6386-SZZKH,Female,0,Yes,Yes,Yes,Yes,Fiber optic,No,Yes,Yes,Yes,Yes,Yes,Two year,Yes,Bank transfer (automatic),107.95,Yes,49
6388-TABGU,Male,0,No,Yes,Yes,No,DSL,Yes,Yes,No,No,No,No,One year,No,Bank transfer (automatic),56.15,No,62
6393-WRYZE,Female,0,Yes,No,Yes,Yes,Fiber optic,No,No,No,No,Yes,Yes,Month-to-month,Yes,Electronic check,97.65,Yes,34
6394-HHHZM,Male,0,No,No,Yes,No,No,No internet service,No internet service,No internet service,No internet service,No internet service,No internet service,Month-to-month,No,Mailed check,20.7,No,3
6397-JNZZG,Female,1,Yes,No,No,No phone service,DSL,No,Yes,Yes,No,Yes,Yes,Month-to-month,No,Credit card (automatic),55.55,Yes,43
6400-BWQKW,Female,0,No,No,Yes,Yes,Fiber optic,Yes,No,No,No,No,No,Month-to-month,Yes,Electronic check,79.05,Yes,6
6402-EJMWF,Male,0,No,No,Yes,No,DSL,No,No,No,No,No,Yes,Month-to-month,Yes,Mailed check,55.3,No,4
6402-SSEJG,Female,0,No,No,No,No phone service,DSL,Yes,Yes,Yes,No,Yes,Yes,One year,No,Electronic check,61.05,No,25
6402-ZFPPI,Female,1,No,No,Yes,Yes,Fiber optic,Yes,Yes,No,No,Yes,Yes,Month-to-month,Yes,Mailed check,102.8,Yes,25
6408-OTUBZ,Female,0,No,No,Yes,Yes,Fiber optic,Yes,Yes,Yes,Yes,Yes,No,One year,Yes,Bank transfer (automatic),104.55,No,66
6410-LEFEN,Female,0,No,No,Yes,No,DSL,No,No,No,No,No,No,Month-to-month,No,Electronic check,45.15,Yes,9
6413-XKKPU,Male,0,Yes,Yes,Yes,No,Fiber optic,Yes,No,Yes,No,Yes,No,Month-to-month,Yes,Electronic check,89.4,Yes,17
6416-JNVRK,Female,0,No,No,Yes,No,DSL,No,No,No,No,No,Yes,One year,No,Credit card (automatic),55.65,No,46
6416-TVAIH,Male,0,Yes,Yes,Yes,No,Fiber optic,No,No,No,No,No,No,Month-to-month,Yes,Electronic check,68.5,Yes,1
6418-HNFED,Male,0,Yes,No,Yes,No,DSL,Yes,Yes,Yes,Yes,Yes,Yes,Two year,Yes,Credit card (automatic),83.25,No,51
6418-PIQSP,Female,0,Yes,No,Yes,No,DSL,Yes,No,Yes,Yes,Yes,Yes,Two year,No,Mailed check,81.0,No,62
6419-ZTTLE,Male,1,Yes,No,Yes,No,No,No internet service,No internet service,No internet service,No internet service,No internet service,No internet service,One year,Yes,Electronic check,20.75,No,23
6424-ELEYH,Female,0,Yes,No,Yes,Yes,Fiber optic,No,No,No,No,No,No,Month-to-month,Yes,Credit card (automatic),74.75,Yes,3
6425-JWTDV,Male,0,Yes,No,Yes,No,No,No internet service,No internet service,No internet service,No internet service,No internet service,No internet service,Two year,No,Mailed check,19.25,No,48
6425-YQLLO,Female,1,Yes,No,Yes,Yes,Fiber optic,No,No,Yes,Yes,Yes,Yes,One year,Yes,Credit card (automatic),105.95,Yes,66
6429-SHBCB,Male,0,No,No,Yes,Yes,DSL,No,No,No,No,Yes,Yes,Month-to-month,No,Mailed check,69.6,No,19
6432-TWQLB,Male,0,Yes,No,Yes,Yes,Fiber optic,No,Yes,No,Yes,No,No,Month-to-month,Yes,Electronic check,85.4,Yes,5
6434-TTGJP,Male,0,Yes,Yes,No,No phone service,DSL,Yes,Yes,Yes,Yes,No,Yes,Two year,No,Credit card (automatic),53.7,No,10
6435-SRWBJ,Female,0,No,No,Yes,Yes,Fiber optic,No,No,Yes,Yes,No,No,Month-to-month,Yes,Electronic check,82.75,No,5
6435-VWCCY,Male,1,Yes,No,Yes,Yes,Fiber optic,Yes,Yes,No,No,Yes,No,Two year,Yes,Credit card (automatic),92.7,No,65
6437-UDQJM,Female,1,Yes,No,Yes,Yes,DSL,Yes,Yes,Yes,No,Yes,Yes,Two year,Yes,Credit card (automatic),84.1,No,72
6437-UKHMV,Female,0,No,No,Yes,No,Fiber optic,No,No,No,No,Yes,No,Month-to-month,Yes,Electronic check,79.7,Yes,7
6439-GTPCA,Female,0,No,No,Yes,Yes,Fiber optic,No,No,Yes,Yes,No,No,Month-to-month,Yes,Electronic check,87.25,Yes,45
6439-PKTRR,Female,0,Yes,Yes,Yes,Yes,DSL,Yes,Yes,Yes,Yes,Yes,No,Two year,No,Electronic check,80.7,No,70
6440-DKQGE,Male,0,No,Yes,Yes,No,DSL,No,Yes,Yes,No,Yes,No,One year,No,Credit card (automatic),64.5,No,30
6447-EGDIV,Female,0,No,No,Yes,No,No,No internet service,No internet service,No internet service,No internet service,No internet service,No internet service,One year,No,Mailed check,20.95,No,31
6447-GORXK,Male,0,No,Yes,No,No phone service,DSL,No,No,No,No,No,No,Month-to-month,No,Credit card (automatic),25.0,No,31
6457-USBER,Male,0,No,No,Yes,No,Fiber optic,No,No,No,No,No,Yes,Month-to-month,Yes,Electronic check,80.8,Yes,1
6458-CYIDZ,Female,1,No,No,Yes,No,Fiber optic,Yes,Yes,No,No,No,No,Month-to-month,No,Electronic check,80.7,No,5
6461-PPAXN,Female,0,Yes,Yes,Yes,No,DSL,Yes,No,No,Yes,No,No,One year,Yes,Bank transfer (automatic),54.95,No,35
6461-SZMCV,Female,0,Yes,No,Yes,Yes,DSL,Yes,Yes,Yes,Yes,Yes,Yes,Two year,No,Bank transfer (automatic),87.95,No,71
6463-HHXJR,Female,0,Yes,Yes,Yes,Yes,Fiber optic,Yes,Yes,Yes,No,Yes,No,Two year,No,Bank transfer (automatic),100.5,No,71
6463-MVYRY,Female,1,No,No,Yes,No,DSL,Yes,No,Yes,Yes,Yes,No,Two year,No,Bank transfer (automatic),69.85,No,57
6464-KEXXH,Male,0,No,No,No,No phone service,DSL,No,No,No,No,No,No,Month-to-month,Yes,Credit card (automatic),25.25,No,8
6465-GSRCL,Female,0,No,Yes,Yes,Yes,Fiber optic,No,Yes,No,Yes,Yes,Yes,One year,Yes,Bank transfer (automatic),106.6,No,67
6467-CHFZW,Male,0,Yes,Yes,Yes,Yes,Fiber optic,No,Yes,No,No,Yes,Yes,Month-to-month,Yes,Electronic check,99.35,Yes,47
6469-MRVET,Male,0,Yes,Yes,Yes,No,No,No internet service,No internet service,No internet service,No internet service,No internet service,No internet service,One year,Yes,Electronic check,20.2,No,1
6469-QJKZW,Female,0,Yes,No,Yes,No,No,No internet service,No internet service,No internet service,No internet service,No internet service,No internet service,Month-to-month,No,Electronic check,20.15,No,4
6474-FVJLC,Male,0,No,No,Yes,Yes,Fiber optic,No,No,No,No,No,Yes,Month-to-month,Yes,Electronic check,86.0,Yes,2
6475-VHUIZ,Female,0,Yes,No,Yes,No,DSL,No,No,Yes,Yes,No,No,Month-to-month,No,Electronic check,54.25,No,23
6476-EPYZR,Male,0,Yes,Yes,Yes,No,No,No internet service,No internet service,No internet service,No internet service,No internet service,No internet service,Month-to-month,No,Mailed check,20.5,No,12
6476-YHMGA,Female,0,Yes,Yes,Yes,No,DSL,No,Yes,Yes,Yes,Yes,Yes,Month-to-month,No,Bank transfer (automatic),76.5,No,15
6478-HRRCZ,Male,0,Yes,No,Yes,No,DSL,Yes,Yes,No,Yes,No,Yes,One year,No,Mailed check,70.5,No,32
6479-OAUSD,Male,0,No,No,Yes,No,No,No internet service,No internet service,No internet service,No internet service,No internet service,No internet service,One year,No,Credit card (automatic),19.9,No,25
6479-SZPLM,Male,0,Yes,Yes,Yes,No,No,No internet service,No internet service,No internet service,No internet service,No internet service,No internet service,Two year,No,Credit card (automatic),19.45,No,36
6479-VDGRK,Female,0,Yes,Yes,Yes,No,DSL,Yes,Yes,Yes,Yes,Yes,Yes,Two year,No,Bank transfer (automatic),85.3,No,72
6481-ESCNL,Female,0,No,No,Yes,Yes,Fiber optic,No,No,Yes,No,Yes,Yes,Month-to-month,No,Bank transfer (automatic),100.55,No,29
6481-LXPWL,Male,0,Yes,Yes,No,No phone service,DSL,No,Yes,Yes,No,No,No,One year,Yes,Credit card (automatic),36.1,No,56
6481-OGDOO,Male,0,Yes,No,Yes,No,Fiber optic,Yes,Yes,No,No,No,Yes,One year,Yes,Credit card (automatic),90.6,Yes,67
6483-OATDN,Male,0,Yes,Yes,Yes,No,DSL,Yes,No,No,No,No,No,Month-to-month,Yes,Credit card (automatic),51.3,No,8
6485-QXWWE,Female,0,No,Yes,Yes,Yes,No,No internet service,No internet service,No internet service,No internet service,No internet service,No internet service,Two year,No,Bank transfer (automatic),26.0,No,62
6486-LHTMA,Female,1,Yes,No,Yes,Yes,Fiber optic,No,No,Yes,No,Yes,No,One year,Yes,Electronic check,90.7,No,31
6490-FGZAT,Male,0,No,No,Yes,No,No,No internet service,No internet service,No internet service,No internet service,No internet service,No internet service,Month-to-month,No,Mailed check,20.65,No,6
6496-JDSSB,Female,0,No,No,Yes,No,Fiber optic,No,No,No,No,Yes,No,Month-to-month,Yes,Bank transfer (automatic),80.0,No,8
6496-SLWHQ,Male,1,No,No,Yes,Yes,Fiber optic,No,Yes,Yes,No,Yes,Yes,Month-to-month,Yes,Electronic check,105.0,Yes,3
6497-TILVL,Female,0,Yes,Yes,Yes,No,DSL,Yes,No,No,No,No,No,Month-to-month,No,Mailed check,50.7,No,7
6502-HCJTI,Male,1,Yes,No,Yes,Yes,Fiber optic,Yes,Yes,No,No,No,Yes,Month-to-month,Yes,Credit card (automatic),94.7,Yes,7
6502-KUGLL,Female,0,Yes,Yes,Yes,No,DSL,Yes,Yes,No,Yes,No,No,Month-to-month,No,Bank transfer (automatic),59.45,No,14
6502-MJQAE,Male,0,No,No,Yes,No,Fiber optic,No,No,No,No,No,No,Month-to-month,Yes,Electronic check,69.6,Yes,1
6505-OZNPG,Female,0,No,No,No,No phone service,DSL,Yes,Yes,Yes,Yes,Yes,Yes,Two year,Yes,Mailed check,63.4,No,6
6506-EYCNH,Female,0,Yes,Yes,Yes,No,No,No internet service,No internet service,No internet service,No internet service,No internet service,No internet service,Month-to-month,Yes,Bank transfer (automatic),19.55,No,28
6507-DTJZV,Male,0,No,Yes,Yes,No,DSL,No,No,No,No,Yes,Yes,Month-to-month,No,Credit card (automatic),66.4,No,13
6507-ZJSUR,Male,1,Yes,No,Yes,No,Fiber optic,No,No,No,No,Yes,Yes,Month-to-month,Yes,Electronic check,90.45,No,23
6508-NJYRO,Male,0,Yes,No,Yes,No,No,No internet service,No internet service,No internet service,No internet service,No internet service,No internet service,One year,No,Mailed check,18.8,No,15
6518-KZXCB,Male,0,No,No,Yes,Yes,No,No internet service,No internet service,No internet service,No internet service,No internet service,No internet service,Two year,No,Mailed check,25.25,No,22
6518-LGAOV,Female,0,Yes,No,Yes,Yes,Fiber optic,No,No,Yes,Yes,Yes,Yes,Month-to-month,Yes,Electronic check,105.0,Yes,38
6518-PPLMZ,Male,0,Yes,Yes,Yes,No,No,No internet service,No internet service,No internet service,No internet service,No internet service,No internet service,Two year,Yes,Mailed check,19.4,No,53
6519-CFDBX,Female,0,No,No,Yes,No,DSL,No,No,No,No,No,No,Month-to-month,Yes,Electronic check,45.4,No,2
6521-YYTYI,Male,0,No,Yes,Yes,Yes,Fiber optic,No,No,No,No,Yes,Yes,Month-to-month,Yes,Electronic check,93.3,Yes,1
6522-OIQSX,Female,0,Yes,Yes,No,No phone service,DSL,No,Yes,Yes,No,Yes,Yes,Two year,Yes,Credit card (automatic),54.95,No,69
6522-YRBXD,Male,1,Yes,No,Yes,Yes,Fiber optic,Yes,Yes,No,No,No,Yes,Month-to-month,Yes,Electronic check,94.55,No,35
6532-YLWSI,Female,0,Yes,No,Yes,No,No,No internet service,No internet service,No internet service,No internet service,No internet service,No internet service,One year,No,Bank transfer (automatic),20.8,Yes,53
6537-OTKMY,Male,0,No,No,No,No phone service,DSL,No,No,Yes,No,Yes,Yes,One year,No,Electronic check,50.75,No,15
6537-QLGEX,Female,0,No,No,No,No phone service,DSL,Yes,No,No,No,Yes,No,Month-to-month,Yes,Electronic check,38.9,No,16
6538-POCHL,Male,0,No,No,Yes,No,Fiber optic,No,Yes,Yes,No,No,No,Month-to-month,Yes,Credit card (automatic),79.0,No,33
6543-CPZMK,Male,0,Yes,Yes,No,No phone service,DSL,No,Yes,No,No,No,No,Month-to-month,Yes,Electronic check,29.95,Yes,9
6543-JXSOO,Female,0,Yes,Yes,Yes,No,DSL,Yes,Yes,No,Yes,No,No,One year,Yes,Mailed check,57.75,No,23
6543-XRMYR,Female,1,No,No,Yes,Yes,Fiber optic,No,Yes,No,No,Yes,Yes,Month-to-month,Yes,Electronic check,99.7,Yes,30
6546-OPBBH,Male,0,Yes,Yes,Yes,Yes,No,No internet service,No internet service,No internet service,No internet service,No internet service,No internet service,One year,Yes,Mailed check,23.95,No,51
6549-BTYPG,Female,0,Yes,No,No,No phone service,DSL,No,Yes,Yes,Yes,Yes,Yes,Two year,No,Credit card (automatic),60.8,No,60
6549-NNDYT,Female,0,No,No,No,No phone service,DSL,Yes,No,No,No,No,No,Month-to-month,Yes,Bank transfer (automatic),30.85,No,13
6549-YMFAW,Male,1,Yes,No,Yes,No,No,No internet service,No internet service,No internet service,No internet service,No internet service,No internet service,Month-to-month,Yes,Mailed check,21.25,No,9
6551-GNYDG,Female,0,Yes,Yes,Yes,No,Fiber optic,No,No,No,No,No,Yes,Month-to-month,Yes,Bank transfer (automatic),80.9,No,14
6551-VLJMV,Male,0,Yes,No,Yes,No,No,No internet service,No internet service,No internet service,No internet service,No internet service,No internet service,Two year,No,Credit card (automatic),20.05,No,34
6551-ZCOTS,Male,1,No,No,Yes,Yes,No,No internet service,No internet service,No internet service,No internet service,No internet service,No internet service,One year,Yes,Bank transfer (automatic),24.9,No,33
6556-DBKZF,Female,0,Yes,Yes,Yes,No,Fiber optic,No,No,Yes,No,No,No,Two year,No,Electronic check,76.05,No,71
6557-BZXLQ,Male,1,No,No,Yes,No,Fiber optic,No,No,No,No,No,No,Month-to-month,No,Electronic check,69.65,No,16
6559-PDZLR,Male,0,No,No,Yes,No,Fiber optic,No,No,Yes,Yes,Yes,Yes,Month-to-month,Yes,Electronic check,98.65,No,26
6559-RAKOZ,Male,0,Yes,Yes,Yes,Yes,Fiber optic,No,No,No,Yes,Yes,Yes,One year,Yes,Electronic check,97.95,No,49
6563-VNPMN,Female,1,No,No,Yes,No,Fiber optic,Yes,Yes,No,Yes,No,No,Month-to-month,Yes,Bank transfer (automatic),85.7,No,45
6568-POCUI,Female,0,Yes,No,Yes,No,Fiber optic,No,No,No,Yes,Yes,Yes,Two year,Yes,Credit card (automatic),95.2,No,45
6572-ADKRS,Female,0,No,No,Yes,No,Fiber optic,No,No,Yes,No,No,No,Month-to-month,Yes,Credit card (automatic),74.8,No,46
6574-MCOEH,Female,0,Yes,Yes,Yes,Yes,DSL,No,No,Yes,Yes,Yes,Yes,One year,Yes,Electronic check,79.15,No,33
6575-SUVOI,Female,1,Yes,No,Yes,Yes,DSL,Yes,No,No,Yes,Yes,No,Month-to-month,Yes,Credit card (automatic),69.5,No,25
6576-FBXOJ,Male,0,Yes,No,No,No phone service,DSL,No,No,Yes,Yes,Yes,Yes,One year,No,Electronic check,54.6,No,17
6579-JPICP,Male,0,No,No,Yes,No,No,No internet service,No internet service,No internet service,No internet service,No internet service,No internet service,Month-to-month,No,Mailed check,20.4,No,1
6581-NQCBA,Female,0,Yes,No,No,No phone service,DSL,No,No,No,Yes,Yes,Yes,Month-to-month,Yes,Electronic check,49.95,Yes,16
6582-OIVSP,Female,0,No,No,Yes,No,DSL,No,No,No,No,No,No,Month-to-month,No,Mailed check,45.3,No,1
6582-PLFUU,Male,0,Yes,Yes,Yes,No,No,No internet service,No internet service,No internet service,No internet service,No internet service,No internet service,Two year,No,Credit card (automatic),19.55,No,51
6583-KQJLK,Female,1,Yes,No,Yes,No,Fiber optic,No,Yes,No,No,Yes,Yes,Month-to-month,Yes,Electronic check,94.65,No,15
6584-VQMYT,Male,0,No,Yes,Yes,No,DSL,Yes,Yes,No,No,No,No,One year,No,Mailed check,56.2,No,27
6586-MYGKD,Male,0,Yes,No,Yes,Yes,DSL,Yes,No,No,Yes,Yes,Yes,Two year,Yes,Credit card (automatic),76.95,No,70
6586-PSJOX,Male,0,No,Yes,Yes,No,DSL,No,No,Yes,Yes,No,No,One year,No,Credit card (automatic),55.2,No,15
6591-QGOYB,Male,0,No,No,Yes,Yes,Fiber optic,Yes,Yes,Yes,Yes,Yes,No,Month-to-month,Yes,Bank transfer (automatic),106.65,No,17
6595-COKXZ,Female,0,No,No,Yes,No,DSL,No,No,No,No,No,No,Month-to-month,Yes,Mailed check,44.45,Yes,1
6598-KELSS,Male,0,No,Yes,No,No phone service,DSL,Yes,Yes,No,No,Yes,No,One year,Yes,Bank transfer (automatic),43.05,No,50
6599-CEBNN,Female,0,No,No,Yes,No,Fiber optic,No,Yes,No,No,No,No,Month-to-month,Yes,Credit card (automatic),73.95,Yes,34
6599-GZWCM,Female,0,No,No,Yes,No,Fiber optic,No,Yes,No,No,No,No,One year,Yes,Mailed check,74.65,No,13
6599-RCLCJ,Male,0,Yes,No,Yes,Yes,Fiber optic,No,Yes,Yes,Yes,Yes,Yes,Month-to-month,Yes,Electronic check,109.55,Yes,47
6599-SFQVE,Female,0,No,No,Yes,No,DSL,No,No,No,No,No,Yes,Month-to-month,Yes,Electronic check,55.0,No,6
6603-QWSPR,Female,0,No,No,Yes,No,Fiber optic,No,Yes,Yes,Yes,Yes,Yes,Two year,Yes,Bank transfer (automatic),104.4,No,46
6603-YRDCJ,Male,0,Yes,No,Yes,No,DSL,Yes,Yes,No,Yes,No,No,Two year,Yes,Mailed check,61.05,No,33
6609-MXJHJ,Female,0,Yes,Yes,Yes,Yes,No,No internet service,No internet service,No internet service,No internet service,No internet service,No internet service,Two year,Yes,Mailed check,25.1,No,30
6614-FHDBO,Male,0,No,No,Yes,Yes,Fiber optic,No,Yes,Yes,Yes,Yes,Yes,Two year,No,Bank transfer (automatic),109.2,No,72
6614-YOLAC,Female,0,Yes,Yes,No,No phone service,DSL,Yes,Yes,No,Yes,Yes,Yes,Two year,No,Mailed check,58.65,No,71
6614-YWYSC,Male,1,Yes,No,Yes,Yes,No,No internet service,No internet service,No internet service,No internet service,No internet service,No internet service,Two year,No,Bank transfer (automatic),25.0,No,61
6615-NGGZJ,Male,0,No,No,Yes,Yes,Fiber optic,No,Yes,No,No,Yes,Yes,Month-to-month,Yes,Electronic check,100.55,Yes,14
6616-AALSR,Female,0,Yes,Yes,Yes,Yes,Fiber optic,Yes,No,Yes,No,Yes,Yes,Two year,Yes,Credit card (automatic),104.3,No,65
6618-RYATB,Female,0,No,No,Yes,Yes,Fiber optic,No,No,Yes,No,No,No,Month-to-month,Yes,Mailed check,79.55,Yes,1
6619-RPLQZ,Female,0,Yes,Yes,Yes,No,No,No internet service,No internet service,No internet service,No internet service,No internet service,No internet service,Two year,No,Mailed check,20.85,No,45
6620-JDYNW,Female,0,No,No,Yes,Yes,DSL,Yes,No,Yes,No,No,No,Month-to-month,Yes,Mailed check,60.6,No,18
6621-NRZAK,Female,0,Yes,Yes,Yes,No,No,No internet service,No internet service,No internet service,No internet service,No internet service,No internet service,Two year,No,Credit card (automatic),20.0,No,63
6621-YOBKI,Male,0,No,No,Yes,No,No,No internet service,No internet service,No internet service,No internet service,No internet service,No internet service,Month-to-month,No,Mailed check,20.35,No,5
6624-JDRDS,Female,0,No,No,No,No phone service,DSL,Yes,No,No,No,No,No,Month-to-month,No,Bank transfer (automatic),29.45,No,6
6625-FLENO,Male,0,Yes,No,Yes,No,No,No internet service,No internet service,No internet service,No internet service,No internet service,No internet service,Two year,No,Mailed check,20.75,No,58
6625-UTXEW,Female,0,Yes,No,Yes,No,DSL,No,Yes,No,No,No,No,Month-to-month,Yes,Electronic check,51.25,No,12
6627-CFOSN,Female,0,No,No,Yes,Yes,Fiber optic,Yes,Yes,Yes,No,No,Yes,Month-to-month,Yes,Bank transfer (automatic),99.45,No,59
6629-CZTTH,Male,0,No,No,Yes,No,DSL,No,No,No,No,No,Yes,Month-to-month,Yes,Mailed check,55.7,Yes,1
6629-LADHQ,Female,0,No,No,Yes,No,DSL,Yes,No,No,No,No,No,Month-to-month,No,Mailed check,50.95,No,2
6630-UJZMY,Female,1,Yes,No,Yes,Yes,Fiber optic,No,No,No,No,Yes,No,Month-to-month,Yes,Electronic check,83.25,No,4
6631-HMANX,Male,0,Yes,No,Yes,Yes,DSL,No,Yes,Yes,Yes,Yes,Yes,Two year,Yes,Credit card (automatic),85.45,No,72
6633-MPWBS,Male,0,No,No,Yes,No,DSL,No,No,No,Yes,No,No,Month-to-month,Yes,Electronic check,49.2,Yes,5
6633-SYEUS,Female,0,No,No,Yes,No,Fiber optic,No,Yes,Yes,Yes,No,No,Month-to-month,No,Bank transfer (automatic),83.2,No,23
6637-KYRCV,Female,0,Yes,Yes,No,No phone service,DSL,No,Yes,No,No,No,No,Month-to-month,Yes,Electronic check,30.5,No,5
6641-XRPSU,Female,0,No,No,Yes,No,Fiber optic,No,No,No,No,No,No,Month-to-month,Yes,Credit card (automatic),70.0,Yes,34
6645-MXQJT,Male,0,Yes,Yes,Yes,No,Fiber optic,Yes,No,No,No,Yes,Yes,Month-to-month,No,Electronic check,97.1,No,2
6646-JPPHA,Female,1,No,No,Yes,No,Fiber optic,Yes,Yes,No,No,No,No,Month-to-month,No,Electronic check,78.85,No,14
6646-QVXLR,Male,1,Yes,No,Yes,Yes,Fiber optic,No,Yes,Yes,No,Yes,Yes,One year,Yes,Electronic check,103.75,Yes,62
6646-VRFOL,Male,1,Yes,No,Yes,Yes,Fiber optic,No,Yes,Yes,No,Yes,Yes,Month-to-month,Yes,Electronic check,103.85,Yes,53
6647-ZEDXT,Female,0,No,No,Yes,Yes,Fiber optic,No,Yes,Yes,Yes,Yes,Yes,One year,No,Credit card (automatic),110.45,No,30
6648-INWPS,Male,0,Yes,Yes,Yes,No,No,No internet service,No internet service,No internet service,No internet service,No internet service,No internet service,Month-to-month,No,Electronic check,20.15,No,16
6650-BWFRT,Female,0,Yes,No,Yes,Yes,Fiber optic,Yes,Yes,Yes,Yes,Yes,Yes,Two year,Yes,Credit card (automatic),117.15,No,72
6651-AZVTJ,Male,0,Yes,Yes,Yes,Yes,Fiber optic,No,No,Yes,No,Yes,Yes,Month-to-month,Yes,Electronic check,99.8,Yes,49
6651-RLGGM,Male,0,Yes,Yes,Yes,Yes,No,No internet service,No internet service,No internet service,No internet service,No internet service,No internet service,Two year,No,Mailed check,26.3,No,67
6652-YFFJO,Female,0,No,No,Yes,No,DSL,No,No,No,No,Yes,Yes,Month-to-month,Yes,Electronic check,64.9,No,11
6653-CBBOM,Female,0,No,No,Yes,No,Fiber optic,No,No,No,No,No,No,Month-to-month,Yes,Electronic check,70.3,Yes,1
6656-GULJQ,Male,0,Yes,Yes,Yes,Yes,DSL,Yes,No,Yes,Yes,Yes,Yes,Two year,Yes,Credit card (automatic),83.55,No,72
6656-JWRQX,Female,0,No,No,No,No phone service,DSL,No,No,No,Yes,No,No,Month-to-month,No,Mailed check,30.55,No,1
6661-EIPZC,Female,0,Yes,Yes,No,No phone service,DSL,No,No,No,Yes,No,No,Month-to-month,Yes,Credit card (automatic),29.5,No,48
6661-HBGWL,Female,1,No,No,Yes,Yes,Fiber optic,No,Yes,Yes,No,Yes,Yes,Month-to-month,Yes,Bank transfer (automatic),104.75,Yes,42
6664-FPDAC,Female,1,No,No,Yes,Yes,Fiber optic,No,Yes,Yes,Yes,Yes,Yes,One year,Yes,Electronic check,111.95,Yes,56
6668-CNMFP,Female,0,Yes,Yes,Yes,Yes,Fiber optic,No,No,No,Yes,No,Yes,One year,Yes,Bank transfer (automatic),89.35,No,19
6670-MFRPK,Male,0,Yes,Yes,Yes,Yes,Fiber optic,No,No,Yes,No,No,No,Two year,Yes,Credit card (automatic),79.2,No,69
6671-NGWON,Female,0,No,No,Yes,No,No,No internet service,No internet service,No internet service,No internet service,No internet service,No internet service,Month-to-month,No,Mailed check,20.35,No,7
6674-KVJHG,Female,0,No,No,Yes,Yes,No,No internet service,No internet service,No internet service,No internet service,No internet service,No internet service,One year,No,Electronic check,25.2,No,11
6680-NENYN,Female,0,No,No,Yes,Yes,Fiber optic,No,Yes,Yes,No,Yes,Yes,Two year,Yes,Electronic check,104.6,Yes,43
6680-WKXRZ,Female,0,No,No,Yes,Yes,Fiber optic,No,No,No,No,No,No,Month-to-month,No,Bank transfer (automatic),74.4,Yes,3
6681-ZSEXG,Male,0,Yes,No,Yes,Yes,DSL,No,Yes,Yes,No,No,No,Two year,No,Credit card (automatic),59.5,No,56
6682-QJDGB,Male,0,No,Yes,Yes,No,DSL,Yes,Yes,No,No,No,No,Month-to-month,Yes,Mailed check,55.25,Yes,40
6682-VCIXC,Female,0,Yes,Yes,No,No phone service,DSL,Yes,Yes,No,Yes,Yes,No,One year,Yes,Bank transfer (automatic),51.25,No,43
6683-VLCTZ,Male,1,No,No,Yes,Yes,Fiber optic,No,No,Yes,No,Yes,Yes,Month-to-month,Yes,Electronic check,98.55,Yes,20
6685-XSHHU,Male,0,Yes,Yes,Yes,No,No,No internet service,No internet service,No internet service,No internet service,No internet service,No internet service,Two year,Yes,Bank transfer (automatic),20.95,No,60
6686-YPGHK,Male,1,No,No,Yes,No,Fiber optic,Yes,No,No,No,No,Yes,Month-to-month,No,Mailed check,85.5,Yes,47
6688-UZPWD,Female,0,Yes,No,Yes,Yes,Fiber optic,No,Yes,No,No,Yes,Yes,Month-to-month,Yes,Electronic check,102.0,Yes,11
6689-KXGBO,Female,0,No,No,Yes,No,DSL,No,Yes,No,No,No,No,Month-to-month,No,Electronic check,50.55,Yes,1
6689-TCZHQ,Female,1,No,No,Yes,No,Fiber optic,No,No,No,No,No,Yes,Month-to-month,No,Electronic check,78.95,Yes,5
6689-VRRTK,Female,1,No,No,Yes,Yes,Fiber optic,Yes,Yes,Yes,No,Yes,Yes,One year,Yes,Credit card (automatic),109.8,No,44
6691-CCIHA,Female,0,Yes,No,Yes,Yes,DSL,Yes,Yes,No,Yes,Yes,Yes,Two year,Yes,Electronic check,84.95,No,62
6692-UDPJC,Female,0,Yes,Yes,Yes,Yes,Fiber optic,No,No,No,Yes,Yes,No,Month-to-month,Yes,Electronic check,91.65,Yes,14
6692-YQHXC,Male,0,No,No,Yes,No,Fiber optic,No,No,No,No,No,No,Month-to-month,Yes,Credit card (automatic),69.95,No,16
6693-DJWTY,Female,0,No,Yes,Yes,No,DSL,Yes,Yes,No,No,No,No,One year,No,Credit card (automatic),55.6,No,35
6695-AMZUF,Female,0,Yes,No,Yes,No,DSL,Yes,Yes,Yes,Yes,Yes,Yes,Two year,No,Credit card (automatic),86.45,No,70
6695-FRVEC,Male,0,Yes,Yes,Yes,No,DSL,Yes,No,Yes,Yes,No,No,Two year,Yes,Bank transfer (automatic),60.4,No,67
6696-YDAYZ,Male,0,Yes,Yes,Yes,No,No,No internet service,No internet service,No internet service,No internet service,No internet service,No internet service,Two year,No,Mailed check,20.5,No,16
6698-OXETB,Male,0,No,No,Yes,No,No,No internet service,No internet service,No internet service,No internet service,No internet service,No internet service,Two year,No,Mailed check,20.4,No,11
6701-YVNQG,Male,0,Yes,No,Yes,Yes,DSL,Yes,Yes,Yes,Yes,Yes,Yes,Two year,Yes,Credit card (automatic),88.7,No,72
6702-OHFWR,Male,1,No,No,No,No phone service,DSL,No,Yes,Yes,No,No,Yes,Month-to-month,Yes,Electronic check,43.3,Yes,1
6704-UTUKK,Male,0,Yes,No,No,No phone service,DSL,No,No,No,No,Yes,Yes,Month-to-month,Yes,Electronic check,45.9,No,29
6705-LXORM,Female,1,Yes,No,Yes,No,Fiber optic,No,No,No,No,No,No,Month-to-month,No,Electronic check,70.05,No,5
6710-HSJRD,Male,0,Yes,No,Yes,Yes,Fiber optic,No,Yes,Yes,Yes,Yes,Yes,Month-to-month,Yes,Electronic check,114.1,No,61
6711-VTNRE,Female,0,No,No,Yes,No,Fiber optic,No,No,Yes,Yes,No,Yes,Month-to-month,Yes,Electronic check,87.55,Yes,36
6712-OAWRH,Female,1,No,No,Yes,No,Fiber optic,No,No,No,No,Yes,Yes,Month-to-month,Yes,Electronic check,91.25,Yes,26
6713-OKOMC,Female,0,No,No,No,No phone service,DSL,Yes,No,No,No,No,No,Month-to-month,No,Mailed check,29.75,No,10
6715-OFDBP,Male,0,No,No,Yes,No,DSL,No,No,Yes,No,Yes,Yes,Month-to-month,Yes,Electronic check,70.05,Yes,5
6718-BDGHG,Female,0,Yes,No,Yes,Yes,DSL,No,No,No,Yes,Yes,No,One year,Yes,Bank transfer (automatic),64.85,No,43
6719-FGEDO,Female,0,Yes,No,Yes,Yes,Fiber optic,Yes,Yes,Yes,Yes,No,No,Two year,Yes,Bank transfer (automatic),97.0,No,72
6719-OXYBR,Male,0,No,No,Yes,No,Fiber optic,No,No,Yes,No,Yes,No,Month-to-month,No,Electronic check,85.3,No,15
6723-CEGQI,Female,0,No,Yes,No,No phone service,DSL,No,Yes,No,Yes,Yes,No,Two year,No,Mailed check,45.25,No,65
6723-WSNTY,Female,1,Yes,No,Yes,Yes,Fiber optic,No,Yes,Yes,Yes,Yes,Yes,One year,Yes,Credit card (automatic),108.1,No,66
6725-TPKJO,Male,0,No,No,Yes,No,No,No internet service,No internet service,No internet service,No internet service,No internet service,No internet service,Two year,No,Mailed check,20.05,No,44
6726-NNFWD,Female,1,Yes,No,Yes,No,Fiber optic,No,Yes,Yes,No,No,Yes,Two year,No,Credit card (automatic),89.45,No,71
6726-WEXXK,Male,1,Yes,No,Yes,Yes,Fiber optic,Yes,No,Yes,No,No,No,One year,Yes,Electronic check,85.9,No,27
6728-CZFEI,Female,0,No,No,Yes,No,DSL,No,No,No,No,Yes,No,One year,No,Mailed check,56.15,No,15
6728-DKUCO,Female,0,Yes,Yes,Yes,Yes,Fiber optic,Yes,Yes,No,No,Yes,Yes,One year,Yes,Electronic check,104.15,No,72
6728-VOIFY,Female,0,Yes,No,Yes,No,Fiber optic,No,Yes,No,No,Yes,Yes,One year,Yes,Electronic check,96.0,No,63
6728-WYQBC,Male,0,No,No,Yes,No,No,No internet service,No internet service,No internet service,No internet service,No internet service,No internet service,Month-to-month,No,Bank transfer (automatic),20.95,No,1
6729-FZWSY,Male,0,No,No,Yes,No,No,No internet service,No internet service,No internet service,No internet service,No internet service,No internet service,One year,Yes,Mailed check,19.45,No,67
6729-GDNGC,Female,1,No,No,Yes,No,Fiber optic,No,No,No,No,Yes,No,Month-to-month,No,Bank transfer (automatic),80.7,No,20
6732-VAILE,Male,0,Yes,Yes,Yes,Yes,DSL,No,Yes,Yes,Yes,Yes,Yes,Two year,Yes,Credit card (automatic),85.95,No,70
6733-LRIZX,Male,0,No,No,Yes,Yes,Fiber optic,Yes,No,Yes,Yes,Yes,Yes,Two year,Yes,Electronic check,108.95,No,35
6734-CKRSM,Female,0,No,No,Yes,No,No,No internet service,No internet service,No internet service,No internet service,No internet service,No internet service,Month-to-month,No,Mailed check,20.0,No,3
6734-FQAJX,Male,1,No,No,Yes,No,Fiber optic,Yes,Yes,No,Yes,Yes,Yes,Two year,Yes,Electronic check,105.05,No,67
6734-GMPVK,Male,0,No,No,Yes,Yes,Fiber optic,No,Yes,Yes,No,Yes,Yes,Month-to-month,No,Electronic check,105.3,No,5
6734-JDTTV,Male,0,Yes,Yes,Yes,No,No,No internet service,No internet service,No internet service,No internet service,No internet service,No internet service,Two year,Yes,Credit card (automatic),19.85,No,65
6734-PSBAW,Male,0,Yes,No,Yes,Yes,No,No internet service,No internet service,No internet service,No internet service,No internet service,No internet service,Two year,Yes,Bank transfer (automatic),23.55,No,72
6738-ISCBM,Male,0,No,No,No,No phone service,DSL,Yes,No,Yes,No,Yes,Yes,One year,Yes,Electronic check,54.0,No,44
6741-EGCBI,Male,1,No,No,Yes,Yes,Fiber optic,Yes,No,No,No,No,Yes,Month-to-month,Yes,Credit card (automatic),90.5,No,30
6741-QRLUP,Female,0,No,No,Yes,Yes,DSL,Yes,Yes,Yes,Yes,No,Yes,Two year,Yes,Credit card (automatic),80.3,No,63
6743-HHQPF,Male,0,Yes,No,No,No phone service,DSL,No,No,No,No,No,No,Month-to-month,Yes,Credit card (automatic),25.1,No,42
6746-WAUWT,Male,0,No,No,Yes,No,No,No internet service,No internet service,No internet service,No internet service,No internet service,No internet service,One year,Yes,Credit card (automatic),19.7,No,19
6752-APNJL,Male,0,Yes,Yes,Yes,No,DSL,Yes,Yes,No,No,No,No,Month-to-month,No,Mailed check,54.5,No,42
6754-LZUKA,Male,0,Yes,No,Yes,Yes,DSL,No,Yes,Yes,No,Yes,Yes,Two year,No,Bank transfer (automatic),80.9,No,61
6754-WKSHP,Male,0,No,Yes,Yes,Yes,No,No internet service,No internet service,No internet service,No internet service,No internet service,No internet service,One year,No,Bank transfer (automatic),25.35,No,30
6762-NSODU,Female,0,Yes,Yes,Yes,No,No,No internet service,No internet service,No internet service,No internet service,No internet service,No internet service,Two year,No,Credit card (automatic),19.4,No,46
6762-QVYJO,Female,0,Yes,Yes,No,No phone service,DSL,Yes,No,Yes,Yes,Yes,Yes,Two year,No,Mailed check,59.75,No,58
6765-MBQNU,Female,0,Yes,No,Yes,Yes,No,No internet service,No internet service,No internet service,No internet service,No internet service,No internet service,One year,No,Mailed check,26.0,No,26
6769-DCQLI,Male,0,No,No,Yes,No,Fiber optic,No,Yes,Yes,Yes,Yes,Yes,One year,Yes,Bank transfer (automatic),105.0,Yes,52
6769-DYBQN,Male,1,No,No,Yes,No,Fiber optic,Yes,No,No,No,No,Yes,Month-to-month,No,Electronic check,85.0,Yes,46
6770-UAYGJ,Female,0,Yes,Yes,Yes,Yes,No,No internet service,No internet service,No internet service,No internet service,No internet service,No internet service,Two year,No,Mailed check,25.25,No,49
6772-KSATR,Male,0,No,No,Yes,Yes,Fiber optic,Yes,No,No,No,No,No,Month-to-month,Yes,Electronic check,81.7,Yes,1
6772-WFQRD,Male,0,No,Yes,Yes,No,No,No internet service,No internet service,No internet service,No internet service,No internet service,No internet service,One year,Yes,Bank transfer (automatic),20.4,No,40
6773-LQTVT,Female,1,Yes,Yes,No,No phone service,DSL,No,Yes,Yes,No,No,No,Month-to-month,Yes,Mailed check,35.65,No,29
6778-EICRF,Male,0,Yes,Yes,Yes,Yes,DSL,Yes,No,No,No,Yes,Yes,One year,No,Mailed check,74.8,No,24
6778-JFCMK,Male,0,No,No,No,No phone service,DSL,Yes,No,No,No,Yes,Yes,One year,Yes,Mailed check,50.6,No,24
6786-OBWQR,Female,0,Yes,Yes,Yes,No,Fiber optic,No,No,No,No,Yes,No,Month-to-month,Yes,Electronic check,80.85,No,5
6789-HJBWG,Female,0,No,No,Yes,No,DSL,No,Yes,No,No,No,No,Month-to-month,Yes,Electronic check,49.4,No,12
6791-YBNAK,Male,0,Yes,Yes,No,No phone service,DSL,No,No,No,No,No,No,Month-to-month,No,Credit card (automatic),25.55,No,18
6794-HKIAJ,Male,0,No,No,Yes,Yes,Fiber optic,Yes,Yes,Yes,No,No,No,Month-to-month,No,Bank transfer (automatic),90.7,No,62
6806-YDEUL,Female,1,No,No,Yes,No,No,No internet service,No internet service,No internet service,No internet service,No internet service,No internet service,Month-to-month,No,Bank transfer (automatic),19.5,No,6
6807-SIWJI,Male,0,No,No,Yes,Yes,Fiber optic,Yes,Yes,No,No,Yes,Yes,One year,Yes,Electronic check,104.85,No,38
6810-VCAEX,Female,0,No,No,No,No phone service,DSL,Yes,Yes,No,Yes,No,No,One year,No,Credit card (automatic),39.65,No,47
6813-GZQCG,Female,0,Yes,Yes,Yes,Yes,No,No internet service,No internet service,No internet service,No internet service,No internet service,No internet service,Two year,Yes,Credit card (automatic),24.65,No,45
6814-ZPWFQ,Male,1,No,No,Yes,Yes,No,No internet service,No internet service,No internet service,No internet service,No internet service,No internet service,One year,No,Bank transfer (automatic),25.0,No,51
6818-DJXAA,Female,0,No,Yes,Yes,No,Fiber optic,No,No,Yes,Yes,Yes,No,Month-to-month,Yes,Electronic check,91.1,No,10
6818-WOBHJ,Female,1,Yes,No,Yes,Yes,Fiber optic,No,Yes,No,No,No,Yes,Month-to-month,Yes,Bank transfer (automatic),89.6,Yes,68
6821-BUXUX,Female,0,No,No,Yes,Yes,Fiber optic,Yes,Yes,No,No,Yes,No,Month-to-month,Yes,Electronic check,96.65,Yes,13
6821-JPCDC,Female,0,Yes,No,Yes,No,Fiber optic,No,Yes,Yes,No,Yes,Yes,One year,Yes,Electronic check,97.05,No,48
6823-SIDFQ,Male,0,No,No,Yes,No,No,No internet service,No internet service,No internet service,No internet service,No internet service,No internet service,One year,No,Credit card (automatic),18.25,No,28
6825-UYPFK,Female,0,No,No,Yes,Yes,Fiber optic,No,No,No,No,No,No,Month-to-month,No,Bank transfer (automatic),75.6,Yes,23
6827-IEAUQ,Female,0,Yes,Yes,Yes,No,DSL,Yes,Yes,Yes,Yes,No,No,One year,No,Mailed check,66.15,No,27
6828-HMKWP,Male,0,Yes,Yes,Yes,No,No,No internet service,No internet service,No internet service,No internet service,No internet service,No internet service,Two year,No,Bank transfer (automatic),21.05,No,12
6834-NXDCA,Female,0,No,No,No,No phone service,DSL,No,No,No,No,No,No,Month-to-month,Yes,Electronic check,23.9,Yes,13
6837-BJYDQ,Male,0,No,No,Yes,No,No,No internet service,No internet service,No internet service,No internet service,No internet service,No internet service,One year,No,Mailed check,19.6,No,3
6837-HAEVO,Male,0,Yes,Yes,Yes,Yes,Fiber optic,No,Yes,Yes,No,Yes,Yes,Two year,Yes,Electronic check,105.0,No,69
6838-HVLXG,Female,0,No,No,Yes,No,No,No internet service,No internet service,No internet service,No internet service,No internet service,No internet service,Month-to-month,No,Mailed check,20.3,No,12
6838-YAUVY,Female,0,No,No,Yes,Yes,Fiber optic,No,No,Yes,Yes,No,Yes,Two year,Yes,Bank transfer (automatic),95.1,No,54
6839-ITVZJ,Female,0,Yes,Yes,Yes,Yes,DSL,No,Yes,No,Yes,No,No,Month-to-month,Yes,Electronic check,60.05,Yes,26
6844-DZKRF,Male,0,No,No,Yes,No,DSL,No,No,No,Yes,No,No,Month-to-month,Yes,Credit card (automatic),50.2,No,2
6845-RGTYS,Female,0,Yes,No,Yes,Yes,Fiber optic,Yes,Yes,Yes,No,Yes,No,Month-to-month,Yes,Electronic check,98.75,Yes,47
6847-KJLTS,Female,1,Yes,No,Yes,Yes,Fiber optic,No,No,No,Yes,Yes,Yes,Month-to-month,Yes,Bank transfer (automatic),100.4,No,58
6849-OYAMU,Male,0,Yes,Yes,Yes,No,Fiber optic,No,Yes,No,Yes,Yes,Yes,One year,No,Bank transfer (automatic),100.0,Yes,19
6849-WLEYG,Male,0,No,Yes,Yes,No,No,No internet service,No internet service,No internet service,No internet service,No internet service,No internet service,Month-to-month,No,Mailed check,19.75,Yes,1
6851-WEFYX,Male,1,Yes,No,Yes,Yes,Fiber optic,No,No,Yes,No,Yes,Yes,Month-to-month,Yes,Electronic check,100.8,No,35
6855-VLGOS,Male,0,Yes,Yes,Yes,No,No,No internet service,No internet service,No internet service,No internet service,No internet service,No internet service,Two year,No,Electronic check,20.55,No,72
6856-RAURS,Female,0,No,No,Yes,Yes,Fiber optic,No,No,No,No,No,No,Month-to-month,Yes,Mailed check,74.9,No,2
6857-TKDJV,Male,0,Yes,Yes,Yes,Yes,No,No internet service,No internet service,No internet service,No internet service,No internet service,No internet service,Two year,No,Bank transfer (automatic),24.65,No,67
6857-VWJDT,Female,0,No,No,Yes,Yes,Fiber optic,No,No,No,No,Yes,Yes,Month-to-month,No,Mailed check,95.65,Yes,1
6859-QNXIQ,Female,0,Yes,Yes,Yes,Yes,Fiber optic,Yes,Yes,Yes,Yes,Yes,Yes,Two year,Yes,Bank transfer (automatic),113.1,No,72
6859-RKMZJ,Male,0,Yes,No,Yes,No,DSL,No,No,No,No,Yes,No,Month-to-month,Yes,Bank transfer (automatic),55.05,No,11
6861-OKBCE,Female,0,No,Yes,Yes,No,No,No internet service,No internet service,No internet service,No internet service,No internet service,No internet service,Month-to-month,No,Credit card (automatic),20.1,Yes,11
6861-XWTWQ,Male,1,Yes,No,Yes,Yes,Fiber optic,No,No,Yes,No,Yes,Yes,Month-to-month,Yes,Electronic check,99.25,Yes,7
6869-FGJJC,Male,0,No,No,Yes,No,Fiber optic,No,Yes,Yes,No,No,No,One year,No,Credit card (automatic),79.6,No,68
6870-ZWMNX,Male,0,Yes,No,Yes,Yes,DSL,No,Yes,Yes,Yes,Yes,No,Two year,No,Credit card (automatic),76.1,No,70
6872-HXFNF,Female,0,Yes,No,Yes,Yes,DSL,No,No,Yes,Yes,No,No,One year,No,Bank transfer (automatic),58.35,No,64
6876-ADESB,Male,0,No,Yes,Yes,No,DSL,No,No,Yes,No,No,No,Month-to-month,No,Electronic check,48.95,Yes,1
6877-LGWXO,Male,1,Yes,No,Yes,No,Fiber optic,No,No,No,No,No,Yes,Month-to-month,No,Electronic check,78.55,Yes,18
6877-TJMBR,Male,0,Yes,No,Yes,No,Fiber optic,No,No,No,Yes,Yes,No,Month-to-month,Yes,Electronic check,84.8,Yes,1
6878-GGDWG,Female,0,Yes,No,Yes,No,No,No internet service,No internet service,No internet service,No internet service,No internet service,No internet service,Month-to-month,No,Bank transfer (automatic),19.4,No,32
6885-PKOAM,Female,0,Yes,No,Yes,Yes,DSL,Yes,Yes,Yes,Yes,Yes,Yes,Two year,No,Credit card (automatic),85.75,No,71
6888-SBYAI,Male,0,No,No,Yes,No,DSL,Yes,No,No,No,No,No,Month-to-month,Yes,Mailed check,50.7,No,1
6890-PFRQX,Male,0,No,No,Yes,Yes,DSL,Yes,No,Yes,No,Yes,No,Month-to-month,No,Mailed check,69.5,No,18
6891-JPYFF,Female,0,Yes,Yes,Yes,Yes,Fiber optic,Yes,Yes,No,No,Yes,Yes,Month-to-month,Yes,Credit card (automatic),105.25,No,48
6892-BOGQE,Female,0,Yes,No,Yes,No,No,No internet service,No internet service,No internet service,No internet service,No internet service,No internet service,Two year,Yes,Bank transfer (automatic),20.9,No,71
6892-EZDTG,Female,0,Yes,No,Yes,Yes,Fiber optic,No,Yes,No,No,Yes,No,Month-to-month,Yes,Electronic check,91.65,Yes,4
6892-XPFPU,Male,1,Yes,No,Yes,Yes,Fiber optic,No,Yes,Yes,No,Yes,Yes,Month-to-month,Yes,Electronic check,104.25,Yes,24
6893-ODYYE,Male,0,No,No,Yes,No,Fiber optic,Yes,Yes,Yes,Yes,No,No,One year,Yes,Credit card (automatic),90.1,No,50
6894-LFHLY,Male,1,No,No,Yes,Yes,Fiber optic,No,No,No,No,No,No,Month-to-month,Yes,Electronic check,75.75,Yes,1
6896-SRVYQ,Male,1,No,No,Yes,No,Fiber optic,No,No,Yes,No,No,No,Month-to-month,No,Electronic check,73.85,No,44
6897-RWMUB,Male,0,Yes,Yes,Yes,No,DSL,Yes,Yes,Yes,Yes,No,No,Two year,Yes,Bank transfer (automatic),68.05,No,61
6897-UUBNU,Male,0,No,No,Yes,No,Fiber optic,No,Yes,No,Yes,Yes,No,Month-to-month,No,Mailed check,89.65,No,29
6898-MDLZW,Male,0,No,No,Yes,No,DSL,No,Yes,No,Yes,No,No,Month-to-month,Yes,Mailed check,53.75,No,12
6898-RBTLU,Female,0,Yes,Yes,Yes,Yes,DSL,No,Yes,No,Yes,Yes,Yes,Two year,No,Bank transfer (automatic),79.3,No,49
6899-PPEEA,Female,1,No,No,Yes,Yes,Fiber optic,No,No,No,No,Yes,Yes,Month-to-month,Yes,Electronic check,96.55,Yes,37
6900-PXRMS,Male,1,Yes,Yes,Yes,Yes,Fiber optic,No,Yes,Yes,No,Yes,Yes,Month-to-month,No,Electronic check,105.75,Yes,26
6900-RBKER,Male,0,No,No,Yes,Yes,Fiber optic,No,No,Yes,No,No,Yes,Two year,Yes,Credit card (automatic),89.45,No,52
6901-GOGZG,Male,0,No,Yes,Yes,Yes,DSL,Yes,No,Yes,Yes,Yes,Yes,Two year,Yes,Electronic check,84.95,No,60
6904-JLBGY,Female,1,No,No,Yes,Yes,Fiber optic,Yes,Yes,Yes,Yes,Yes,Yes,Two year,Yes,Credit card (automatic),117.35,No,72
6906-ANDWJ,Male,0,Yes,Yes,Yes,Yes,Fiber optic,No,No,No,No,No,No,Month-to-month,Yes,Bank transfer (automatic),74.9,Yes,15
6906-MPARY,Male,0,No,No,Yes,No,Fiber optic,No,Yes,No,Yes,No,Yes,One year,Yes,Credit card (automatic),89.6,No,40
6907-CQGPN,Male,0,No,No,No,No phone service,DSL,No,Yes,No,Yes,No,No,Month-to-month,No,Electronic check,34.3,No,29
6907-FLBER,Male,0,No,No,Yes,Yes,DSL,No,Yes,No,No,No,No,Month-to-month,No,Electronic check,54.3,No,1
6907-NZZIJ,Female,0,No,No,Yes,Yes,Fiber optic,No,Yes,No,No,Yes,Yes,Month-to-month,Yes,Electronic check,99.15,Yes,36
6908-VVYHM,Male,0,Yes,No,Yes,Yes,Fiber optic,No,Yes,No,No,No,Yes,Month-to-month,Yes,Electronic check,90.65,No,65
6910-HADCM,Female,0,No,No,Yes,No,Fiber optic,No,No,Yes,No,No,No,Month-to-month,No,Electronic check,76.35,Yes,1
6916-HIJSE,Female,0,No,No,Yes,No,DSL,Yes,Yes,Yes,Yes,Yes,Yes,Two year,Yes,Bank transfer (automatic),84.85,No,65
6917-IAYHD,Male,0,No,Yes,No,No phone service,DSL,No,Yes,No,Yes,No,No,Month-to-month,No,Mailed check,33.6,No,1
6917-YACBP,Female,1,No,No,Yes,Yes,Fiber optic,Yes,Yes,Yes,No,No,No,Month-to-month,Yes,Electronic check,89.75,No,59
6918-UMQCG,Female,0,No,No,Yes,No,Fiber optic,No,No,No,No,Yes,No,Month-to-month,No,Electronic check,80.2,No,5
6919-ELBGL,Male,1,Yes,Yes,Yes,Yes,Fiber optic,Yes,Yes,Yes,Yes,Yes,Yes,Two year,Yes,Bank transfer (automatic),114.95,No,72
6921-OZMFH,Male,0,Yes,Yes,Yes,Yes,DSL,No,No,No,Yes,No,No,Month-to-month,Yes,Mailed check,55.7,No,5
6922-NCEDI,Male,0,No,Yes,Yes,No,No,No internet service,No internet service,No internet service,No internet service,No internet service,No internet service,One year,Yes,Mailed check,21.2,No,56
6923-AQONU,Male,0,Yes,Yes,Yes,No,No,No internet service,No internet service,No internet service,No internet service,No internet service,No internet service,Two year,No,Mailed check,20.9,No,23
6923-EFPNL,Male,0,No,No,Yes,Yes,DSL,No,No,No,No,No,No,Month-to-month,No,Credit card (automatic),51.75,Yes,4
6923-JHPMP,Female,0,No,No,Yes,No,Fiber optic,Yes,No,Yes,No,No,No,Month-to-month,Yes,Electronic check,80.45,No,2
6924-TDGMT,Male,0,Yes,No,Yes,No,No,No internet service,No internet service,No internet service,No internet service,No internet service,No internet service,One year,Yes,Mailed check,20.55,No,11
6925-BAYGL,Female,1,Yes,No,Yes,Yes,No,No internet service,No internet service,No internet service,No internet service,No internet service,No internet service,Two year,No,Credit card (automatic),25.1,No,53
6927-WTFIV,Male,1,No,No,Yes,No,Fiber optic,No,No,No,No,No,No,Month-to-month,No,Credit card (automatic),71.3,Yes,20
6928-ONTRW,Female,0,Yes,Yes,Yes,No,No,No internet service,No internet service,No internet service,No internet service,No internet service,No internet service,Two year,No,Credit card (automatic),19.7,No,72
6933-FHBZC,Female,0,No,No,Yes,No,DSL,No,Yes,Yes,No,No,No,One year,Yes,Mailed check,56.05,No,26
6933-VLYFX,Male,0,Yes,Yes,No,No phone service,DSL,Yes,No,Yes,Yes,Yes,Yes,One year,No,Electronic check,59.95,No,31
6937-GCDGQ,Male,0,Yes,Yes,Yes,No,DSL,Yes,No,No,No,No,No,One year,Yes,Bank transfer (automatic),48.95,No,19
6941-KXRRV,Female,1,Yes,No,Yes,No,DSL,No,Yes,No,No,No,Yes,One year,Yes,Bank transfer (automatic),58.95,No,48
6941-PMGEP,Female,0,No,No,Yes,No,Fiber optic,No,No,No,No,No,Yes,Month-to-month,Yes,Electronic check,80.0,Yes,5
6942-LBFDP,Female,0,No,No,Yes,No,No,No internet service,No internet service,No internet service,No internet service,No internet service,No internet service,Month-to-month,Yes,Mailed check,20.55,No,2
6946-LMSQS,Male,1,Yes,No,Yes,Yes,Fiber optic,Yes,No,No,No,No,Yes,One year,Yes,Electronic check,89.05,Yes,25
6950-TWMYB,Male,0,Yes,Yes,Yes,No,Fiber optic,No,Yes,No,Yes,No,No,Two year,Yes,Bank transfer (automatic),79.95,No,54
6952-OMNWB,Male,1,Yes,No,Yes,Yes,Fiber optic,No,No,Yes,No,No,No,Month-to-month,Yes,Credit card (automatic),80.35,No,68
6953-PBDIN,Male,0,Yes,No,Yes,Yes,DSL,No,Yes,Yes,Yes,Yes,No,Two year,No,Bank transfer (automatic),72.95,No,70
6954-OOYZZ,Male,0,Yes,No,Yes,No,DSL,No,No,No,No,No,No,Month-to-month,Yes,Bank transfer (automatic),44.35,No,18
6959-GQEGV,Male,0,No,No,Yes,No,DSL,Yes,No,Yes,No,Yes,Yes,Month-to-month,Yes,Electronic check,75.95,No,45
6959-UWKHF,Male,0,No,No,Yes,No,DSL,No,No,No,No,No,No,Month-to-month,Yes,Electronic check,42.9,Yes,1
6961-MJKBO,Male,0,No,No,Yes,No,No,No internet service,No internet service,No internet service,No internet service,No internet service,No internet service,Two year,No,Bank transfer (automatic),20.45,No,47
6961-VCPMC,Male,1,Yes,No,Yes,No,Fiber optic,No,No,No,No,No,Yes,Month-to-month,Yes,Electronic check,80.4,Yes,46
6963-EZQEE,Male,1,Yes,No,Yes,Yes,DSL,Yes,Yes,Yes,Yes,Yes,Yes,Two year,Yes,Credit card (automatic),88.55,No,70
6963-KQYQB,Female,0,Yes,Yes,Yes,Yes,No,No internet service,No internet service,No internet service,No internet service,No internet service,No internet service,Two year,No,Mailed check,24.05,No,70
6967-PEJLL,Male,0,Yes,Yes,No,No phone service,DSL,Yes,No,Yes,Yes,No,No,One year,Yes,Electronic check,40.2,No,37
6967-QIQRV,Male,0,Yes,Yes,Yes,No,Fiber optic,Yes,No,No,Yes,Yes,Yes,One year,No,Electronic check,101.9,No,15
6968-GMKPR,Female,0,No,No,Yes,No,Fiber optic,No,Yes,Yes,No,No,No,Month-to-month,Yes,Electronic check,81.55,No,55
6968-MHOMU,Male,0,Yes,No,No,No phone service,DSL,No,No,No,No,Yes,Yes,One year,Yes,Credit card (automatic),45.0,No,58
6968-URWQU,Male,0,Yes,No,Yes,No,DSL,No,No,No,No,Yes,No,One year,Yes,Mailed check,56.35,No,43
6969-MVBAI,Female,1,No,No,Yes,Yes,Fiber optic,No,No,Yes,No,Yes,No,Month-to-month,Yes,Electronic check,90.1,No,9
6972-SNKKW,Female,0,No,No,Yes,No,No,No internet service,No internet service,No internet service,No internet service,No internet service,No internet service,Month-to-month,No,Mailed check,20.0,No,6
6974-DAFLI,Female,0,Yes,No,Yes,No,No,No internet service,No internet service,No internet service,No internet service,No internet service,No internet service,One year,No,Electronic check,19.7,No,55
6976-BWGLQ,Female,0,Yes,Yes,Yes,Yes,No,No internet service,No internet service,No internet service,No internet service,No internet service,No internet service,Two year,No,Bank transfer (automatic),25.2,No,72
6979-TNDEU,Female,0,No,No,Yes,No,No,No internet service,No internet service,No internet service,No internet service,No internet service,No internet service,Month-to-month,No,Mailed check,19.2,No,8
6980-CDGFC,Female,0,Yes,No,Yes,No,No,No internet service,No internet service,No internet service,No internet service,No internet service,No internet service,One year,Yes,Bank transfer (automatic),20.85,No,67
6981-TDRFT,Male,0,Yes,Yes,No,No phone service,DSL,No,No,Yes,Yes,Yes,Yes,One year,Yes,Electronic check,54.3,No,44
6982-SSHFK,Male,0,No,No,Yes,No,DSL,No,No,No,No,No,No,Month-to-month,No,Mailed check,44.4,Yes,1
6982-UQZLY,Female,1,Yes,No,Yes,No,No,No internet service,No internet service,No internet service,No internet service,No internet service,No internet service,Month-to-month,Yes,Mailed check,20.85,Yes,1
6985-HAYWX,Female,0,Yes,No,Yes,Yes,Fiber optic,No,Yes,No,No,No,No,Month-to-month,No,Bank transfer (automatic),79.3,No,26
6986-IXNDM,Male,0,No,No,Yes,No,Fiber optic,No,No,No,No,Yes,Yes,Month-to-month,Yes,Electronic check,92.9,No,14
6987-XQSJT,Female,1,No,No,Yes,Yes,Fiber optic,No,Yes,No,No,No,No,Month-to-month,Yes,Electronic check,79.5,Yes,54
6988-CJEYV,Male,0,No,No,Yes,Yes,Fiber optic,No,Yes,No,No,Yes,Yes,Month-to-month,No,Electronic check,98.7,No,49
6990-YNRIO,Male,0,Yes,Yes,Yes,Yes,Fiber optic,Yes,No,Yes,Yes,Yes,Yes,Two year,No,Bank transfer (automatic),108.65,Yes,65
6993-OHLXR,Female,0,No,No,Yes,No,Fiber optic,No,No,No,No,No,No,Month-to-month,No,Electronic check,68.95,Yes,2
6993-YGFJV,Male,0,Yes,No,Yes,Yes,Fiber optic,Yes,Yes,Yes,Yes,Yes,Yes,Two year,Yes,Bank transfer (automatic),112.55,No,69
6994-FGRHH,Male,0,Yes,Yes,Yes,No,Fiber optic,No,Yes,Yes,Yes,Yes,Yes,One year,Yes,Electronic check,106.15,No,70
6994-KERXL,Male,0,No,No,Yes,No,DSL,No,No,No,No,No,Yes,Month-to-month,Yes,Electronic check,55.9,No,4
6994-ORCWG,Female,0,No,No,Yes,Yes,DSL,No,Yes,No,No,No,No,One year,Yes,Mailed check,54.25,No,14
6996-KNSML,Female,0,No,No,Yes,No,Fiber optic,No,No,Yes,No,No,No,Month-to-month,Yes,Electronic check,74.9,Yes,1
6997-UVGOX,Male,0,Yes,Yes,Yes,No,DSL,Yes,Yes,Yes,Yes,Yes,Yes,Two year,No,Bank transfer (automatic),85.45,No,71
7005-CCBKV,Male,0,No,No,Yes,No,Fiber optic,No,Yes,No,No,No,Yes,Month-to-month,Yes,Electronic check,84.4,Yes,6
7005-CYUIL,Female,1,Yes,No,Yes,No,Fiber optic,Yes,Yes,Yes,Yes,Yes,No,Two year,Yes,Electronic check,99.4,No,71
7008-LZVOZ,Male,0,Yes,Yes,Yes,Yes,No,No internet service,No internet service,No internet service,No internet service,No internet service,No internet service,Two year,Yes,Credit card (automatic),25.3,No,66
7009-PCARS,Male,0,No,Yes,Yes,No,No,No internet service,No internet service,No internet service,No internet service,No internet service,No internet service,One year,No,Bank transfer (automatic),19.1,No,55
7010-ZMVBF,Female,0,Yes,Yes,Yes,No,No,No internet service,No internet service,No internet service,No internet service,No internet service,No internet service,Month-to-month,No,Mailed check,20.45,No,18
7011-CVEUC,Male,0,Yes,No,Yes,No,Fiber optic,No,No,No,Yes,Yes,Yes,Month-to-month,Yes,Credit card (automatic),95.7,No,25
7013-PSXHK,Female,0,No,No,Yes,Yes,DSL,No,No,Yes,Yes,Yes,Yes,One year,Yes,Mailed check,80.75,No,40
7014-ZZXAW,Female,0,Yes,No,Yes,Yes,No,No internet service,No internet service,No internet service,No internet service,No internet service,No internet service,Two year,Yes,Credit card (automatic),24.25,No,71
7016-BPGEU,Female,0,No,No,No,No phone service,DSL,No,No,No,No,No,No,Month-to-month,Yes,Credit card (automatic),25.1,Yes,29
7016-NVRIC,Male,1,Yes,No,Yes,No,Fiber optic,Yes,No,Yes,No,No,Yes,One year,No,Bank transfer (automatic),90.1,No,29
7017-VFHAY,Female,0,Yes,Yes,Yes,Yes,Fiber optic,Yes,Yes,Yes,Yes,Yes,Yes,Two year,No,Credit card (automatic),115.1,No,61
7017-VFULY,Female,0,Yes,No,Yes,No,No,No internet service,No internet service,No internet service,No internet service,No internet service,No internet service,Month-to-month,No,Bank transfer (automatic),20.1,No,2
7018-WBJNK,Male,0,No,Yes,Yes,No,Fiber optic,No,No,No,No,Yes,No,Month-to-month,Yes,Credit card (automatic),78.3,No,13
7020-OZKXZ,Female,1,No,No,Yes,No,Fiber optic,No,No,Yes,No,No,No,Month-to-month,No,Credit card (automatic),75.5,No,9
7025-IWFHT,Male,0,No,No,Yes,No,Fiber optic,No,Yes,No,Yes,Yes,No,One year,Yes,Electronic check,89.55,No,41
7026-YMSBE,Male,0,No,No,Yes,No,No,No internet service,No internet service,No internet service,No internet service,No internet service,No internet service,One year,No,Mailed check,19.7,No,30
7028-DVOIQ,Male,1,No,No,Yes,Yes,Fiber optic,No,No,Yes,No,Yes,Yes,Month-to-month,Yes,Electronic check,99.05,Yes,35
7029-IJEJK,Female,0,No,No,No,No phone service,DSL,Yes,No,No,Yes,No,Yes,One year,No,Bank transfer (automatic),44.1,No,54
7029-RPUAV,Male,1,Yes,No,Yes,Yes,Fiber optic,No,No,Yes,No,Yes,Yes,Month-to-month,Yes,Credit card (automatic),100.45,Yes,17
7030-NJVDP,Male,0,Yes,No,Yes,No,Fiber optic,Yes,No,No,Yes,No,Yes,Month-to-month,Yes,Electronic check,89.25,No,24
7032-LMBHI,Female,0,No,No,Yes,Yes,DSL,Yes,No,No,No,Yes,No,One year,No,Bank transfer (automatic),64.65,No,37
7033-CLAMM,Female,0,Yes,Yes,Yes,No,No,No internet service,No internet service,No internet service,No internet service,No internet service,No internet service,Two year,No,Bank transfer (automatic),20.2,No,48
7036-TYDEC,Female,0,No,No,Yes,Yes,Fiber optic,No,No,Yes,Yes,Yes,Yes,Two year,No,Electronic check,104.0,No,69
7036-ZZKBD,Male,0,Yes,No,Yes,No,DSL,No,No,Yes,Yes,No,Yes,Month-to-month,Yes,Credit card (automatic),66.4,No,31
7037-MTYVW,Male,0,Yes,Yes,Yes,Yes,DSL,Yes,No,Yes,Yes,Yes,Yes,Two year,Yes,Bank transfer (automatic),85.4,No,38
7041-TXQJH,Female,0,No,No,No,No phone service,DSL,No,No,Yes,No,No,Yes,Month-to-month,Yes,Credit card (automatic),40.2,No,37
7044-YAACC,Male,1,Yes,No,Yes,No,Fiber optic,No,No,No,No,No,No,Month-to-month,Yes,Electronic check,70.2,No,4
7047-FWEYA,Female,0,Yes,No,Yes,Yes,Fiber optic,No,Yes,No,Yes,Yes,Yes,One year,Yes,Electronic check,103.15,No,46
7047-YXDMZ,Male,0,No,No,Yes,No,No,No internet service,No internet service,No internet service,No internet service,No internet service,No internet service,Month-to-month,No,Mailed check,20.0,No,21
7048-GXDAY,Male,0,No,No,Yes,Yes,Fiber optic,Yes,Yes,No,No,Yes,Yes,Month-to-month,Yes,Electronic check,106.4,No,39
7049-GKVZY,Female,0,No,No,Yes,No,DSL,Yes,Yes,No,Yes,Yes,Yes,One year,No,Credit card (automatic),79.85,No,17
7054-DMVAS,Male,0,No,No,Yes,No,DSL,Yes,Yes,No,No,Yes,No,Two year,Yes,Bank transfer (automatic),65.3,No,54
7054-ENNGU,Female,0,Yes,No,Yes,No,DSL,No,Yes,No,No,No,No,Month-to-month,No,Mailed check,50.85,No,9
7055-HNEOJ,Male,0,Yes,No,Yes,No,DSL,No,No,Yes,Yes,No,No,Month-to-month,Yes,Mailed check,55.8,No,3
7055-JCGNI,Female,0,No,No,Yes,Yes,Fiber optic,Yes,Yes,Yes,Yes,Yes,Yes,Two year,Yes,Credit card (automatic),111.95,No,70
7055-VKGDA,Male,0,No,No,Yes,No,Fiber optic,Yes,Yes,No,Yes,Yes,Yes,One year,Yes,Credit card (automatic),105.4,Yes,54
7061-OVMIM,Female,0,Yes,Yes,Yes,No,No,No internet service,No internet service,No internet service,No internet service,No internet service,No internet service,One year,No,Bank transfer (automatic),19.55,No,30
7064-FRRSW,Male,1,No,No,Yes,Yes,Fiber optic,No,Yes,No,No,Yes,Yes,One year,Yes,Electronic check,99.0,No,48
7067-KSAZT,Female,1,Yes,No,Yes,Yes,Fiber optic,No,Yes,Yes,No,Yes,Yes,One year,Yes,Electronic check,106.25,Yes,65
7072-MBHEV,Female,1,Yes,Yes,Yes,Yes,Fiber optic,No,No,Yes,No,No,No,Month-to-month,Yes,Credit card (automatic),78.1,No,11
7073-QETQY,Male,0,Yes,Yes,Yes,No,No,No internet service,No internet service,No internet service,No internet service,No internet service,No internet service,One year,Yes,Electronic check,20.35,No,66
7074-IEVOJ,Female,1,No,No,Yes,Yes,Fiber optic,No,Yes,No,No,No,No,Month-to-month,Yes,Electronic check,79.4,Yes,3
7074-STDCN,Male,0,No,No,No,No phone service,DSL,No,No,No,Yes,No,Yes,Month-to-month,Yes,Electronic check,40.6,No,39
7078-NVFAM,Female,0,Yes,Yes,No,No phone service,DSL,Yes,Yes,No,No,No,No,Month-to-month,Yes,Electronic check,35.15,No,32
7079-QRCBC,Female,0,No,No,Yes,Yes,Fiber optic,No,No,Yes,No,Yes,Yes,Month-to-month,Yes,Electronic check,98.75,Yes,24
7083-MIOPC,Female,0,No,No,Yes,No,No,No internet service,No internet service,No internet service,No internet service,No internet service,No internet service,Two year,No,Credit card (automatic),20.25,No,72
7083-YNSKY,Female,0,No,No,Yes,Yes,No,No internet service,No internet service,No internet service,No internet service,No internet service,No internet service,Month-to-month,Yes,Credit card (automatic),25.4,Yes,15
7089-XXAYG,Male,0,Yes,No,No,No phone service,DSL,No,No,Yes,No,Yes,No,One year,Yes,Credit card (automatic),38.1,No,25
7094-MSZAO,Male,0,Yes,Yes,Yes,No,No,No internet service,No internet service,No internet service,No internet service,No internet service,No internet service,Month-to-month,Yes,Credit card (automatic),20.05,No,10
7096-UCLNH,Male,0,No,No,Yes,No,No,No internet service,No internet service,No internet service,No internet service,No internet service,No internet service,Month-to-month,No,Mailed check,20.05,No,1
7096-ZNBZI,Female,0,Yes,No,Yes,Yes,No,No internet service,No internet service,No internet service,No internet service,No internet service,No internet service,Two year,No,Credit card (automatic),26.45,No,72
7100-FQPRV,Male,0,Yes,Yes,Yes,Yes,DSL,Yes,No,No,Yes,No,Yes,One year,Yes,Credit card (automatic),71.9,No,43
7101-HRBLJ,Female,0,Yes,Yes,Yes,No,DSL,Yes,Yes,Yes,Yes,Yes,Yes,Two year,Yes,Bank transfer (automatic),83.7,No,72
7103-IPXPJ,Male,0,Yes,No,Yes,Yes,Fiber optic,No,No,No,Yes,Yes,Yes,One year,No,Electronic check,99.4,No,50
7103-ZGVNT,Female,0,Yes,Yes,Yes,Yes,DSL,Yes,Yes,No,Yes,Yes,No,One year,No,Credit card (automatic),73.7,No,69
7105-BENQF,Male,0,No,Yes,Yes,No,DSL,Yes,No,Yes,No,No,Yes,One year,No,Mailed check,64.85,No,15
7105-MXJLL,Female,1,Yes,No,Yes,No,DSL,No,No,Yes,No,No,Yes,One year,No,Mailed check,60.7,No,26
7108-DGVUU,Female,1,Yes,No,Yes,Yes,DSL,No,Yes,Yes,No,No,Yes,One year,No,Bank transfer (automatic),71.7,No,21
7109-CQYUZ,Male,0,No,No,Yes,Yes,DSL,Yes,Yes,Yes,Yes,Yes,Yes,Two year,Yes,Mailed check,89.25,No,52
7109-MFBYV,Male,0,No,No,Yes,No,DSL,No,No,No,No,No,No,Month-to-month,No,Electronic check,45.45,No,26
7110-BDTWG,Female,0,Yes,No,No,No phone service,DSL,No,No,Yes,Yes,No,Yes,Two year,Yes,Electronic check,47.05,No,71
7112-OPOTK,Male,0,No,No,Yes,No,Fiber optic,No,No,No,No,No,No,Month-to-month,No,Electronic check,68.25,Yes,33
7113-HIPFI,Male,0,Yes,Yes,Yes,No,DSL,Yes,Yes,Yes,Yes,No,No,Two year,No,Mailed check,65.85,No,66
7115-IRDHS,Female,0,Yes,No,Yes,Yes,No,No internet service,No internet service,No internet service,No internet service,No internet service,No internet service,Two year,No,Bank transfer (automatic),24.65,No,72
7123-WQUHX,Male,0,No,No,Yes,Yes,Fiber optic,No,No,Yes,Yes,Yes,No,One year,No,Bank transfer (automatic),95.0,No,38
7124-UGSUR,Female,1,Yes,No,Yes,Yes,Fiber optic,No,Yes,Yes,No,Yes,Yes,One year,Yes,Credit card (automatic),104.4,Yes,61
7128-GGCNO,Male,0,No,No,Yes,Yes,Fiber optic,No,No,No,No,No,No,Month-to-month,No,Bank transfer (automatic),72.8,No,46
7129-AZJDE,Male,0,Yes,Yes,Yes,No,Fiber optic,No,No,No,No,No,Yes,One year,Yes,Bank transfer (automatic),78.95,No,34
7129-CAKJW,Female,0,No,No,Yes,Yes,Fiber optic,No,No,Yes,No,No,No,Month-to-month,No,Bank transfer (automatic),80.05,No,17
7130-VTEWQ,Female,1,No,No,Yes,Yes,Fiber optic,No,No,No,No,No,No,Month-to-month,Yes,Electronic check,75.75,Yes,8
7131-ZQZNK,Female,0,Yes,Yes,No,No phone service,DSL,Yes,No,Yes,Yes,Yes,Yes,Two year,No,Credit card (automatic),59.85,No,60
7134-HBPBS,Female,1,No,No,Yes,Yes,Fiber optic,No,Yes,Yes,Yes,Yes,Yes,Two year,Yes,Bank transfer (automatic),108.1,No,72
7136-IHZJA,Female,0,Yes,Yes,Yes,No,DSL,Yes,Yes,No,Yes,No,Yes,Month-to-month,Yes,Mailed check,71.35,No,40
7137-NAXML,Male,0,No,No,Yes,No,No,No internet service,No internet service,No internet service,No internet service,No internet service,No internet service,One year,No,Bank transfer (automatic),20.15,No,23
7138-GIRSH,Male,0,No,No,Yes,Yes,DSL,No,No,Yes,Yes,No,Yes,Two year,No,Bank transfer (automatic),69.5,No,50
7139-JZFVG,Male,0,Yes,Yes,Yes,No,DSL,Yes,Yes,Yes,No,No,No,Two year,No,Bank transfer (automatic),60.5,No,60
7140-ADSMJ,Male,0,No,No,Yes,No,No,No internet service,No internet service,No internet service,No internet service,No internet service,No internet service,Month-to-month,Yes,Credit card (automatic),20.45,No,8
7142-HVGBG,Male,1,Yes,No,Yes,Yes,Fiber optic,No,Yes,Yes,No,Yes,Yes,Month-to-month,Yes,Electronic check,103.0,Yes,43
7143-BQIBA,Male,0,No,No,Yes,No,DSL,Yes,No,No,Yes,Yes,No,Month-to-month,No,Bank transfer (automatic),62.25,No,10
7145-FEJWU,Female,0,No,Yes,Yes,Yes,Fiber optic,No,Yes,Yes,No,Yes,Yes,Month-to-month,Yes,Electronic check,105.3,No,12
7147-AYBAA,Male,0,No,No,Yes,No,Fiber optic,No,No,No,No,No,No,Month-to-month,Yes,Mailed check,70.35,No,37
7153-CHRBV,Female,0,Yes,Yes,Yes,No,DSL,Yes,No,Yes,Yes,No,No,One year,Yes,Mailed check,59.3,No,57
7153-OANIO,Male,0,No,No,Yes,No,Fiber optic,No,No,No,No,No,No,Month-to-month,No,Electronic check,69.95,Yes,1
7156-MXBJE,Female,0,No,No,Yes,Yes,DSL,No,Yes,Yes,Yes,Yes,Yes,One year,No,Credit card (automatic),85.1,No,43
7157-SMCFK,Male,0,No,Yes,Yes,No,No,No internet service,No internet service,No internet service,No internet service,No internet service,No internet service,Two year,No,Mailed check,19.75,No,61
7159-NOKYQ,Male,0,Yes,No,Yes,Yes,Fiber optic,No,Yes,Yes,No,No,Yes,Two year,Yes,Electronic check,93.15,No,67
7161-DFHUF,Female,0,Yes,No,Yes,Yes,No,No internet service,No internet service,No internet service,No internet service,No internet service,No internet service,Two year,No,Mailed check,23.85,No,71
7162-WPHPM,Male,0,Yes,Yes,Yes,Yes,DSL,Yes,Yes,Yes,Yes,No,No,Two year,No,Credit card (automatic),71.6,No,58
7163-OCEQI,Male,0,Yes,Yes,Yes,Yes,DSL,No,No,Yes,Yes,Yes,Yes,One year,Yes,Mailed check,78.65,No,22
7167-PCEYD,Male,0,No,No,Yes,No,No,No internet service,No internet service,No internet service,No internet service,No internet service,No internet service,Two year,Yes,Mailed check,19.8,No,67
7168-HDQHG,Female,0,Yes,Yes,Yes,No,No,No internet service,No internet service,No internet service,No internet service,No internet service,No internet service,Month-to-month,No,Bank transfer (automatic),19.2,No,36
7169-YWAMK,Male,0,Yes,Yes,Yes,No,DSL,Yes,Yes,No,Yes,Yes,No,Two year,No,Bank transfer (automatic),68.4,No,72
7175-NTIXE,Female,0,No,No,Yes,No,DSL,Yes,No,No,Yes,Yes,Yes,Month-to-month,Yes,Credit card (automatic),76.15,No,25
7176-WIONM,Female,0,Yes,No,No,No phone service,DSL,No,No,Yes,No,Yes,Yes,Month-to-month,Yes,Bank transfer (automatic),49.85,No,12
7180-PISOG,Male,0,Yes,Yes,Yes,Yes,Fiber optic,No,No,No,No,No,No,Month-to-month,Yes,Electronic check,74.5,Yes,1
7181-BQYBV,Female,0,Yes,Yes,Yes,Yes,Fiber optic,Yes,No,Yes,No,Yes,Yes,Month-to-month,Yes,Electronic check,102.45,Yes,1
7181-OQCUT,Male,0,No,No,Yes,Yes,Fiber optic,Yes,No,Yes,No,Yes,Yes,Month-to-month,No,Mailed check,103.85,No,21
7184-LRUUR,Female,0,No,No,Yes,No,DSL,No,Yes,Yes,No,Yes,No,One year,No,Bank transfer (automatic),65.25,No,22
7188-CBBBA,Female,0,No,No,Yes,Yes,Fiber optic,No,Yes,Yes,No,Yes,No,One year,Yes,Electronic check,95.5,No,65
7190-XHTWJ,Female,0,No,No,Yes,No,No,No internet service,No internet service,No internet service,No internet service,No internet service,No internet service,One year,No,Mailed check,19.3,No,38
7191-ADRGF,Male,0,Yes,No,No,No phone service,DSL,No,Yes,Yes,No,Yes,Yes,Two year,No,Bank transfer (automatic),54.3,No,44
7197-VOJMM,Male,0,Yes,No,Yes,No,DSL,Yes,Yes,No,Yes,No,Yes,Two year,Yes,Credit card (automatic),69.2,No,67
7203-OYKCT,Male,0,No,No,Yes,Yes,Fiber optic,No,Yes,Yes,No,Yes,Yes,One year,Yes,Electronic check,104.95,No,72
7205-BAIAD,Female,0,No,No,Yes,No,No,No internet service,No internet service,No internet service,No internet service,No internet service,No internet service,Two year,Yes,Bank transfer (automatic),20.6,No,40
7206-GZCDC,Female,1,No,No,Yes,No,Fiber optic,No,No,No,No,No,No,Month-to-month,Yes,Electronic check,69.25,Yes,1
7207-RMRDB,Female,0,Yes,Yes,Yes,Yes,Fiber optic,No,Yes,Yes,No,Yes,Yes,Month-to-month,Yes,Electronic check,105.5,Yes,65
7208-PSIHR,Female,0,Yes,No,Yes,Yes,Fiber optic,No,No,Yes,Yes,Yes,Yes,Two year,Yes,Bank transfer (automatic),104.3,No,70
7209-JCUDS,Male,0,No,No,Yes,No,Fiber optic,No,No,Yes,No,Yes,Yes,Month-to-month,Yes,Electronic check,94.9,Yes,10
7216-EWTRS,Female,1,Yes,No,Yes,Yes,Fiber optic,No,No,Yes,No,Yes,Yes,Month-to-month,Yes,Electronic check,100.8,Yes,1
7217-JYHOQ,Male,0,Yes,Yes,Yes,No,DSL,Yes,Yes,No,Yes,No,Yes,Month-to-month,Yes,Credit card (automatic),70.3,No,24
7219-TLZHO,Female,0,Yes,Yes,Yes,No,No,No internet service,No internet service,No internet service,No internet service,No internet service,No internet service,Month-to-month,No,Mailed check,20.85,No,4
7225-CBZPL,Male,1,Yes,No,Yes,Yes,Fiber optic,No,No,No,No,Yes,Yes,Month-to-month,Yes,Electronic check,94.8,No,17
7225-IILWY,Male,0,Yes,Yes,Yes,Yes,No,No internet service,No internet service,No internet service,No internet service,No internet service,No internet service,Two year,No,Mailed check,25.75,No,68
7228-OMTPN,Male,0,No,No,Yes,No,Fiber optic,No,No,No,No,Yes,Yes,Month-to-month,Yes,Electronic check,88.45,Yes,4
7228-PAQPD,Female,0,No,No,Yes,No,DSL,No,No,No,Yes,No,Yes,One year,No,Credit card (automatic),59.1,No,14
7233-DRTRF,Male,0,Yes,No,Yes,Yes,Fiber optic,No,Yes,Yes,No,Yes,Yes,Month-to-month,Yes,Electronic check,102.4,No,63
7233-IOQNP,Female,0,Yes,No,No,No phone service,DSL,Yes,No,No,Yes,No,No,Month-to-month,No,Bank transfer (automatic),34.0,No,43
7233-PAHHL,Male,0,Yes,Yes,Yes,Yes,DSL,Yes,No,Yes,Yes,Yes,Yes,Two year,Yes,Mailed check,84.0,No,66
7234-KMNRQ,Male,0,No,No,Yes,No,No,No internet service,No internet service,No internet service,No internet service,No internet service,No internet service,Month-to-month,No,Mailed check,19.0,No,4
7235-NXZCP,Male,1,No,No,Yes,Yes,Fiber optic,No,No,No,No,No,No,Month-to-month,Yes,Mailed check,74.85,Yes,2
7240-ETPTR,Female,0,Yes,No,No,No phone service,DSL,No,No,Yes,No,Yes,Yes,Month-to-month,Yes,Electronic check,48.75,Yes,9
7241-AJHFS,Male,0,No,No,Yes,Yes,Fiber optic,Yes,No,No,Yes,No,No,Month-to-month,No,Bank transfer (automatic),87.65,No,32
7242-EDTYC,Male,0,No,Yes,Yes,No,No,No internet service,No internet service,No internet service,No internet service,No internet service,No internet service,Two year,No,Bank transfer (automatic),19.55,No,44
7243-LCGGZ,Female,0,No,No,Yes,No,No,No internet service,No internet service,No internet service,No internet service,No internet service,No internet service,Month-to-month,No,Mailed check,20.9,No,1
7244-KXYZN,Female,0,No,No,Yes,No,No,No internet service,No internet service,No internet service,No internet service,No internet service,No internet service,One year,No,Credit card (automatic),20.45,No,24
7244-QWYHG,Male,0,Yes,No,No,No phone service,DSL,Yes,No,No,Yes,Yes,No,One year,Yes,Bank transfer (automatic),44.45,No,50
7245-NIIWQ,Female,0,No,No,Yes,No,Fiber optic,No,No,No,No,No,No,Month-to-month,Yes,Electronic check,69.85,No,3
7246-ZGQDF,Female,0,No,Yes,Yes,No,DSL,Yes,No,No,Yes,No,No,Month-to-month,No,Electronic check,54.5,No,1
7247-XOZPB,Male,0,Yes,No,Yes,Yes,DSL,Yes,No,Yes,Yes,Yes,No,One year,No,Bank transfer (automatic),77.4,No,53
7248-VZQLC,Female,1,No,No,Yes,Yes,Fiber optic,No,Yes,Yes,No,No,No,Month-to-month,Yes,Bank transfer (automatic),85.2,Yes,47
7249-WBIYX,Male,0,Yes,No,Yes,Yes,Fiber optic,No,No,No,No,Yes,No,Month-to-month,Yes,Electronic check,85.6,Yes,10
7250-EQKIY,Female,0,Yes,Yes,Yes,No,DSL,No,No,Yes,No,No,No,Month-to-month,No,Mailed check,50.45,Yes,1
7251-LJBQN,Female,1,No,No,Yes,Yes,Fiber optic,No,No,Yes,Yes,Yes,Yes,One year,Yes,Credit card (automatic),103.75,No,40
7251-XFOIL,Female,0,No,No,Yes,Yes,Fiber optic,No,No,Yes,No,No,Yes,Month-to-month,No,Mailed check,89.2,No,61
7252-NTGSS,Female,0,No,No,Yes,No,DSL,No,No,No,No,No,No,Month-to-month,No,Mailed check,45.15,No,1
7253-UVNDW,Female,0,No,No,Yes,No,DSL,No,No,Yes,Yes,No,No,Two year,No,Credit card (automatic),54.35,Yes,46
7254-IQWOZ,Male,0,No,No,Yes,No,Fiber optic,No,No,No,No,No,No,Month-to-month,Yes,Electronic check,69.65,Yes,1
7255-SSFBC,Male,0,Yes,Yes,Yes,Yes,Fiber optic,No,Yes,Yes,Yes,Yes,Yes,Two year,Yes,Bank transfer (automatic),112.25,No,72
7267-FRMJW,Female,0,Yes,Yes,Yes,No,No,No internet service,No internet service,No internet service,No internet service,No internet service,No internet service,Two year,No,Mailed check,20.1,No,25
7268-IGMFD,Male,1,No,No,Yes,Yes,Fiber optic,No,No,Yes,Yes,Yes,No,Month-to-month,No,Bank transfer (automatic),93.9,No,18
7271-AJDTL,Female,0,Yes,No,Yes,Yes,Fiber optic,No,Yes,Yes,No,Yes,No,Month-to-month,Yes,Credit card (automatic),94.45,No,55
7272-QDCKA,Male,0,No,No,Yes,Yes,Fiber optic,No,Yes,No,No,Yes,Yes,One year,No,Electronic check,100.2,No,28
7277-KAMWT,Male,0,No,No,Yes,No,No,No internet service,No internet service,No internet service,No internet service,No internet service,No internet service,Two year,No,Credit card (automatic),20.0,No,13
7277-OZCGZ,Female,0,No,No,Yes,No,Fiber optic,Yes,No,No,Yes,No,Yes,Month-to-month,Yes,Electronic check,89.05,No,22
7279-BUYWN,Female,1,No,No,Yes,Yes,Fiber optic,Yes,Yes,Yes,No,Yes,Yes,Month-to-month,Yes,Electronic check,113.2,Yes,41
7279-NMVJC,Female,0,No,No,Yes,No,No,No internet service,No internet service,No internet service,No internet service,No internet service,No internet service,One year,No,Bank transfer (automatic),19.9,No,17
7284-BUYEC,Female,0,No,No,No,No phone service,DSL,No,Yes,No,No,Yes,Yes,Month-to-month,Yes,Credit card (automatic),50.95,No,5
7284-ZZLOH,Male,0,Yes,No,Yes,No,DSL,Yes,No,Yes,No,No,No,Two year,No,Credit card (automatic),53.3,No,45
7291-CDTMJ,Male,0,No,No,Yes,No,No,No internet service,No internet service,No internet service,No internet service,No internet service,No internet service,Month-to-month,Yes,Bank transfer (automatic),19.65,No,1
7293-LSCDV,Female,0,Yes,Yes,Yes,No,No,No internet service,No internet service,No internet service,No internet service,No internet service,No internet service,Two year,Yes,Credit card (automatic),19.25,No,60
7294-TMAOP,Female,0,No,No,Yes,No,Fiber optic,No,No,No,No,Yes,Yes,Month-to-month,No,Electronic check,90.55,Yes,1
7295-JOMMD,Female,0,No,Yes,Yes,No,Fiber optic,No,No,Yes,Yes,Yes,Yes,Month-to-month,Yes,Bank transfer (automatic),98.1,Yes,4
7296-PIXQY,Female,0,Yes,Yes,Yes,No,Fiber optic,No,No,No,No,No,No,Month-to-month,No,Electronic check,70.2,No,14
7297-DVYGA,Female,0,No,No,Yes,No,No,No internet service,No internet service,No internet service,No internet service,No internet service,No internet service,One year,Yes,Bank transfer (automatic),19.85,No,51
7298-IZWLY,Female,0,No,No,Yes,No,No,No internet service,No internet service,No internet service,No internet service,No internet service,No internet service,Month-to-month,Yes,Mailed check,19.4,No,1
7299-GNVPL,Female,0,Yes,Yes,Yes,No,Fiber optic,Yes,Yes,No,Yes,No,No,Month-to-month,No,Mailed check,84.4,No,23
7301-ABVAD,Female,0,No,No,Yes,Yes,DSL,No,Yes,Yes,Yes,Yes,Yes,Two year,No,Bank transfer (automatic),86.6,No,72
7305-ZWMAJ,Male,0,Yes,No,Yes,No,No,No internet service,No internet service,No internet service,No internet service,No internet service,No internet service,One year,No,Credit card (automatic),20.7,No,30
7310-EGVHZ,Male,0,No,No,Yes,No,No,No internet service,No internet service,No internet service,No internet service,No internet service,No internet service,Month-to-month,No,Bank transfer (automatic),20.2,No,1
7311-MQJCH,Female,0,No,No,Yes,No,No,No internet service,No internet service,No internet service,No internet service,No internet service,No internet service,One year,No,Electronic check,19.55,No,5
7312-XSBAT,Male,0,No,No,Yes,No,DSL,Yes,No,No,No,No,No,Month-to-month,No,Electronic check,49.75,No,1
7315-WYOAW,Male,0,No,No,Yes,Yes,Fiber optic,No,No,No,Yes,Yes,Yes,Month-to-month,No,Electronic check,100.75,No,13
7317-GGVPB,Male,0,Yes,No,Yes,Yes,Fiber optic,No,Yes,Yes,Yes,Yes,Yes,Two year,Yes,Credit card (automatic),108.6,Yes,71
7318-EIVKO,Male,0,No,No,Yes,Yes,DSL,No,No,No,No,Yes,No,Month-to-month,Yes,Electronic check,59.25,No,8
7319-VENRZ,Male,0,No,No,Yes,No,DSL,No,No,Yes,Yes,Yes,No,Month-to-month,No,Bank transfer (automatic),64.3,No,7
7319-ZNRTR,Male,0,Yes,Yes,Yes,No,No,No internet service,No internet service,No internet service,No internet service,No internet service,No internet service,One year,No,Electronic check,19.6,No,25
7321-KKSDU,Male,0,No,Yes,Yes,No,No,No internet service,No internet service,No internet service,No internet service,No internet service,No internet service,Two year,No,Mailed check,20.5,No,32
7321-PKUYW,Female,0,No,No,Yes,Yes,Fiber optic,No,No,No,Yes,Yes,No,Month-to-month,No,Electronic check,90.15,Yes,11
7321-VGNKU,Female,0,Yes,No,Yes,No,Fiber optic,No,No,No,No,No,No,Month-to-month,Yes,Electronic check,70.35,No,2
7321-ZNSLA,Male,0,Yes,Yes,No,No phone service,DSL,Yes,Yes,No,Yes,No,No,Two year,No,Mailed check,40.55,No,13
7325-ENZFI,Female,0,No,No,No,No phone service,DSL,Yes,Yes,No,Yes,No,No,One year,Yes,Bank transfer (automatic),40.3,No,39
7328-OWMOM,Female,0,No,Yes,Yes,No,No,No internet service,No internet service,No internet service,No internet service,No internet service,No internet service,One year,No,Credit card (automatic),20.1,No,31
7328-ZJAJO,Female,0,Yes,Yes,Yes,No,No,No internet service,No internet service,No internet service,No internet service,No internet service,No internet service,Two year,No,Credit card (automatic),19.5,No,59
7330-WZLNC,Female,0,No,No,Yes,Yes,Fiber optic,No,Yes,No,No,Yes,No,Month-to-month,Yes,Electronic check,90.8,Yes,5
7336-RLLRH,Male,0,Yes,No,Yes,Yes,DSL,Yes,No,No,Yes,Yes,Yes,One year,No,Mailed check,80.85,No,27
7337-CINUD,Female,0,Yes,Yes,Yes,No,No,No internet service,No internet service,No internet service,No internet service,No internet service,No internet service,Two year,No,Bank transfer (automatic),19.5,No,8
7338-ERIVA,Male,0,No,Yes,No,No phone service,DSL,Yes,No,No,Yes,Yes,No,One year,No,Bank transfer (automatic),45.05,No,39
7339-POGZN,Female,0,No,No,Yes,Yes,DSL,No,No,No,No,No,No,Month-to-month,No,Electronic check,50.7,No,4
7340-KEFQE,Female,0,Yes,Yes,No,No phone service,DSL,Yes,No,No,Yes,No,No,Two year,No,Bank transfer (automatic),34.2,No,51
7341-LXCAF,Male,0,Yes,No,Yes,Yes,Fiber optic,No,No,No,No,No,No,Month-to-month,Yes,Electronic check,74.65,Yes,4
7349-ALMUX,Male,0,No,No,Yes,No,DSL,Yes,Yes,Yes,Yes,No,No,Two year,No,Bank transfer (automatic),65.6,No,37
7351-KYHQH,Female,1,No,No,Yes,No,DSL,No,Yes,Yes,No,Yes,No,Month-to-month,Yes,Electronic check,64.95,No,7
7353-YOWFP,Female,0,No,No,Yes,No,No,No internet service,No internet service,No internet service,No internet service,No internet service,No internet service,One year,No,Mailed check,20.25,No,7
7356-IWLFW,Male,0,Yes,Yes,Yes,Yes,Fiber optic,No,Yes,No,No,No,No,Month-to-month,Yes,Bank transfer (automatic),80.0,No,46
7359-PTSXY,Male,0,No,No,Yes,No,DSL,No,No,No,No,No,No,Month-to-month,No,Electronic check,45.75,Yes,1
7359-SSBJK,Female,1,No,No,Yes,No,DSL,Yes,Yes,No,Yes,Yes,No,Two year,Yes,Credit card (automatic),70.2,Yes,64
7359-WWYJV,Male,0,Yes,No,Yes,Yes,Fiber optic,Yes,Yes,Yes,Yes,Yes,Yes,Two year,No,Credit card (automatic),114.45,No,72
7361-YPXFS,Female,1,No,No,Yes,Yes,DSL,No,Yes,Yes,Yes,No,No,Month-to-month,No,Bank transfer (automatic),64.45,No,28
7365-BVCJH,Male,0,No,No,No,No phone service,DSL,No,No,No,No,No,No,Month-to-month,Yes,Electronic check,24.4,No,1
7369-TRPFD,Male,0,No,No,Yes,No,No,No internet service,No internet service,No internet service,No internet service,No internet service,No internet service,One year,No,Mailed check,18.8,No,19
7375-WMVMT,Male,1,Yes,No,Yes,No,Fiber optic,No,Yes,Yes,Yes,No,Yes,Two year,Yes,Credit card (automatic),95.5,No,71
7377-DMMRI,Male,0,No,No,Yes,No,DSL,Yes,No,No,No,No,No,Month-to-month,Yes,Electronic check,47.8,Yes,2
7379-FNIUJ,Male,0,No,No,Yes,No,Fiber optic,Yes,Yes,No,No,Yes,Yes,Month-to-month,No,Electronic check,100.2,No,2
7379-POKDZ,Male,0,Yes,No,Yes,No,Fiber optic,No,No,No,No,No,No,Month-to-month,Yes,Electronic check,70.3,Yes,3
7382-DFJTU,Male,0,No,No,Yes,No,DSL,No,No,Yes,Yes,No,No,Month-to-month,No,Credit card (automatic),55.2,No,18
7384-GHBPI,Male,0,Yes,No,No,No phone service,DSL,No,No,No,No,No,Yes,Month-to-month,Yes,Electronic check,35.15,Yes,3
7389-KBFIT,Female,0,Yes,Yes,No,No phone service,DSL,No,Yes,No,No,No,No,Month-to-month,Yes,Mailed check,30.25,No,2
7392-YYPYJ,Male,0,No,No,Yes,Yes,Fiber optic,No,Yes,No,No,Yes,Yes,Month-to-month,Yes,Electronic check,100.65,No,22
7394-FKDNK,Female,0,Yes,No,Yes,No,Fiber optic,No,No,No,No,Yes,Yes,Month-to-month,No,Electronic check,89.45,Yes,9
7394-LWLYN,Female,0,No,No,Yes,No,Fiber optic,No,No,No,No,No,No,Month-to-month,Yes,Electronic check,70.15,No,2
7395-IGJOS,Male,1,Yes,No,Yes,No,Fiber optic,No,No,No,No,No,Yes,Month-to-month,No,Bank transfer (automatic),81.5,Yes,17
7398-HPYZQ,Male,0,Yes,No,Yes,Yes,DSL,Yes,Yes,Yes,Yes,Yes,Yes,Two year,No,Bank transfer (automatic),90.55,No,71
7398-LXGYX,Male,0,Yes,No,Yes,Yes,Fiber optic,Yes,No,Yes,No,No,No,Month-to-month,Yes,Credit card (automatic),84.8,No,44
7398-SKNQZ,Female,0,Yes,No,Yes,Yes,Fiber optic,No,No,No,No,Yes,Yes,Month-to-month,No,Electronic check,94.9,No,3
7399-QHBJS,Female,0,Yes,Yes,Yes,Yes,DSL,Yes,Yes,No,Yes,No,No,Two year,No,Credit card (automatic),66.75,No,72
7401-RUBNK,Female,0,Yes,No,Yes,No,Fiber optic,Yes,No,No,No,No,No,Month-to-month,No,Electronic check,74.8,No,18
7402-EYFXX,Male,1,No,No,Yes,Yes,Fiber optic,No,No,No,No,Yes,Yes,Month-to-month,Yes,Electronic check,93.6,No,26
7402-PWYJJ,Female,0,Yes,No,Yes,Yes,Fiber optic,No,No,No,Yes,No,Yes,One year,Yes,Electronic check,91.15,No,53
7404-JLKQG,Female,0,No,No,Yes,No,DSL,No,No,Yes,No,Yes,No,Month-to-month,No,Electronic check,57.55,No,3
7407-SUJIZ,Male,0,No,No,Yes,No,No,No internet service,No internet service,No internet service,No internet service,No internet service,No internet service,Month-to-month,No,Mailed check,20.6,No,25
7408-OFWXJ,Female,0,Yes,Yes,Yes,Yes,DSL,Yes,Yes,Yes,Yes,Yes,Yes,Two year,No,Credit card (automatic),89.8,No,72
7409-JURKQ,Female,0,Yes,No,Yes,Yes,Fiber optic,No,Yes,Yes,Yes,Yes,Yes,One year,Yes,Bank transfer (automatic),111.8,No,53
7410-KTVFV,Male,0,Yes,No,Yes,No,DSL,No,No,Yes,No,No,No,Month-to-month,Yes,Mailed check,49.55,Yes,18
7410-OIEDU,Male,0,No,No,Yes,No,Fiber optic,Yes,No,Yes,No,No,No,Month-to-month,Yes,Mailed check,79.85,No,10
7410-YTJIK,Female,0,No,No,Yes,Yes,Fiber optic,No,No,No,No,No,No,Month-to-month,No,Mailed check,75.45,Yes,7
7416-CKTEP,Female,0,Yes,No,Yes,No,No,No internet service,No internet service,No internet service,No internet service,No internet service,No internet service,Two year,Yes,Bank transfer (automatic),19.6,No,57
7422-WNBTY,Male,0,Yes,No,Yes,Yes,Fiber optic,No,Yes,Yes,No,No,Yes,Month-to-month,Yes,Electronic check,93.35,No,33
7426-GSWPO,Male,1,No,No,Yes,Yes,Fiber optic,Yes,Yes,No,No,Yes,Yes,Month-to-month,Yes,Bank transfer (automatic),103.5,No,64
7426-WEIJX,Male,1,Yes,Yes,Yes,Yes,Fiber optic,Yes,No,No,No,No,No,Month-to-month,Yes,Electronic check,80.95,No,60
7427-AUFPY,Male,0,No,No,Yes,No,No,No internet service,No internet service,No internet service,No internet service,No internet service,No internet service,Two year,No,Credit card (automatic),19.65,No,54
7434-SHXLS,Female,0,No,No,Yes,No,No,No internet service,No internet service,No internet service,No internet service,No internet service,No internet service,Month-to-month,No,Mailed check,20.9,Yes,1
7435-ZNUYY,Male,0,No,No,Yes,No,No,No internet service,No internet service,No internet service,No internet service,No internet service,No internet service,One year,No,Mailed check,20.6,No,6
7439-DKZTW,Male,0,No,No,Yes,No,Fiber optic,No,No,No,No,Yes,No,Month-to-month,Yes,Electronic check,80.55,No,1
7442-YGZFK,Male,0,No,No,Yes,Yes,DSL,No,No,No,No,No,No,Month-to-month,Yes,Credit card (automatic),49.8,No,1
7446-KQISO,Male,0,Yes,Yes,Yes,Yes,Fiber optic,No,Yes,Yes,Yes,Yes,Yes,Two year,Yes,Bank transfer (automatic),109.75,No,45
7446-SFAOA,Female,0,Yes,No,Yes,No,No,No internet service,No internet service,No internet service,No internet service,No internet service,No internet service,One year,Yes,Bank transfer (automatic),19.85,No,37
7446-YPODE,Male,1,No,No,Yes,Yes,DSL,Yes,Yes,No,No,No,No,Month-to-month,No,Bank transfer (automatic),60.25,No,11
7450-NWRTR,Male,1,No,No,Yes,Yes,Fiber optic,No,No,Yes,No,Yes,Yes,Month-to-month,Yes,Electronic check,99.45,Yes,12
7459-IMVYU,Male,0,No,No,Yes,Yes,DSL,Yes,Yes,Yes,Yes,No,No,Month-to-month,No,Electronic check,69.95,No,38
7459-RRWQZ,Female,0,No,No,Yes,Yes,DSL,Yes,No,No,No,No,Yes,Month-to-month,Yes,Bank transfer (automatic),64.65,Yes,15
7460-ITWWP,Female,1,Yes,No,Yes,No,Fiber optic,No,No,Yes,No,No,Yes,Month-to-month,Yes,Electronic check,86.1,No,45
7463-IFMQU,Female,0,Yes,No,Yes,No,No,No internet service,No internet service,No internet service,No internet service,No internet service,No internet service,Two year,No,Bank transfer (automatic),20.05,No,72
7465-ZZRVX,Male,0,No,No,Yes,No,Fiber optic,No,No,No,No,No,No,Month-to-month,Yes,Electronic check,70.35,No,1
7469-LKBCI,Male,0,No,No,Yes,No,No,No internet service,No internet service,No internet service,No internet service,No internet service,No internet service,Two year,No,Credit card (automatic),18.95,No,16
7470-DYNOE,Male,0,No,No,Yes,No,DSL,No,No,Yes,No,No,Yes,One year,Yes,Electronic check,61.1,No,53
7470-MCQTK,Female,0,Yes,No,No,No phone service,DSL,No,No,Yes,No,Yes,Yes,Month-to-month,Yes,Bank transfer (automatic),48.75,Yes,13
7471-MQPOS,Male,1,Yes,Yes,Yes,Yes,DSL,No,Yes,Yes,Yes,No,Yes,One year,Yes,Bank transfer (automatic),72.9,No,71
7472-EQOAV,Male,1,Yes,Yes,Yes,No,Fiber optic,Yes,Yes,Yes,No,No,No,One year,Yes,Bank transfer (automatic),86.7,No,71
7473-ZBDSN,Female,0,Yes,Yes,Yes,No,No,No internet service,No internet service,No internet service,No internet service,No internet service,No internet service,Two year,No,Mailed check,18.8,No,14
7479-NITWS,Male,0,No,No,Yes,Yes,Fiber optic,No,No,Yes,No,Yes,No,Month-to-month,Yes,Credit card (automatic),89.35,Yes,7
7480-QNVZJ,Male,1,No,No,Yes,Yes,Fiber optic,No,No,No,No,Yes,Yes,Month-to-month,Yes,Electronic check,95.7,Yes,50
7481-ATQQS,Female,1,No,No,Yes,Yes,Fiber optic,No,No,Yes,No,No,Yes,Month-to-month,Yes,Credit card (automatic),90.85,Yes,49
7486-KSRVI,Male,0,No,No,Yes,Yes,Fiber optic,No,No,No,Yes,Yes,Yes,One year,Yes,Electronic check,100.0,Yes,43
7488-MXJIV,Female,0,No,No,Yes,Yes,Fiber optic,No,No,No,No,Yes,No,Month-to-month,Yes,Electronic check,85.65,Yes,4
7493-GVFIO,Male,0,No,No,Yes,No,No,No internet service,No internet service,No internet service,No internet service,No internet service,No internet service,Two year,No,Credit card (automatic),20.55,No,57
7495-OOKFY,Female,1,Yes,No,Yes,Yes,Fiber optic,No,Yes,No,No,No,No,Month-to-month,Yes,Credit card (automatic),80.65,Yes,8
7501-IWUNG,Female,0,Yes,Yes,Yes,No,DSL,No,No,Yes,Yes,Yes,Yes,Two year,Yes,Bank transfer (automatic),73.8,No,61
7501-VTYLJ,Female,0,No,Yes,Yes,No,DSL,No,Yes,No,No,No,No,Month-to-month,No,Mailed check,51.55,No,2
7502-BNYGS,Female,0,Yes,No,Yes,No,DSL,No,Yes,No,No,Yes,Yes,Month-to-month,Yes,Credit card (automatic),69.1,No,46
7503-EPSZW,Female,0,Yes,Yes,Yes,Yes,No,No internet service,No internet service,No internet service,No internet service,No internet service,No internet service,Two year,Yes,Mailed check,24.05,No,64
7503-MIOGA,Female,1,Yes,No,Yes,Yes,DSL,Yes,Yes,Yes,Yes,Yes,Yes,Two year,Yes,Bank transfer (automatic),89.85,No,72
7503-QQRVF,Male,1,Yes,No,Yes,No,Fiber optic,No,Yes,No,No,No,No,Month-to-month,Yes,Credit card (automatic),74.3,Yes,16
7504-UWHNB,Male,0,No,No,Yes,No,Fiber optic,No,No,No,No,No,No,Month-to-month,No,Electronic check,69.75,No,25
7508-DQAKK,Female,0,No,No,Yes,Yes,DSL,Yes,Yes,Yes,Yes,Yes,Yes,Two year,Yes,Credit card (automatic),86.4,No,64
7508-KBIMB,Male,0,Yes,Yes,Yes,No,DSL,Yes,No,Yes,No,No,No,One year,Yes,Credit card (automatic),56.25,No,24
7508-MYBOG,Male,0,Yes,No,Yes,Yes,Fiber optic,No,No,No,No,Yes,No,Month-to-month,Yes,Electronic check,86.1,Yes,14
7508-SMHXL,Female,1,No,No,Yes,Yes,Fiber optic,No,Yes,No,No,Yes,No,Month-to-month,No,Credit card (automatic),89.0,No,15
7511-YMXVQ,Male,0,No,No,No,No phone service,DSL,No,No,No,No,Yes,Yes,Month-to-month,Yes,Electronic check,45.4,Yes,9
7516-GMHUV,Male,1,Yes,No,Yes,Yes,Fiber optic,Yes,No,Yes,No,Yes,Yes,Two year,Yes,Credit card (automatic),105.05,No,50
7517-LDMPS,Female,0,No,No,Yes,No,Fiber optic,No,Yes,No,No,No,Yes,Month-to-month,Yes,Electronic check,84.6,No,12
7519-JTWQH,Female,0,No,No,Yes,Yes,Fiber optic,No,Yes,Yes,Yes,Yes,Yes,Two year,Yes,Bank transfer (automatic),110.5,No,69
7520-HQWJU,Female,0,Yes,Yes,Yes,Yes,DSL,Yes,Yes,Yes,No,No,No,Month-to-month,Yes,Bank transfer (automatic),67.45,No,66
7521-AFHAB,Female,0,Yes,Yes,Yes,No,DSL,No,No,No,No,No,No,Month-to-month,No,Mailed check,44.8,No,5
7521-YXVZY,Male,0,No,Yes,Yes,No,No,No internet service,No internet service,No internet service,No internet service,No internet service,No internet service,Month-to-month,No,Mailed check,19.95,No,3
7526-BEZQB,Male,0,No,No,Yes,Yes,Fiber optic,No,No,No,No,Yes,Yes,Month-to-month,Yes,Electronic check,96.05,Yes,12
7526-IVLYU,Male,0,No,No,Yes,No,No,No internet service,No internet service,No internet service,No internet service,No internet service,No internet service,Month-to-month,Yes,Mailed check,19.65,No,3
7527-QNRUS,Male,0,Yes,Yes,Yes,Yes,No,No internet service,No internet service,No internet service,No internet service,No internet service,No internet service,Two year,Yes,Mailed check,25.15,No,17
7529-ZDFXI,Male,1,Yes,No,Yes,Yes,Fiber optic,No,Yes,No,No,No,Yes,Month-to-month,Yes,Electronic check,89.85,No,57
7530-HDYDS,Female,0,No,No,Yes,No,Fiber optic,No,Yes,Yes,Yes,No,No,Month-to-month,Yes,Credit card (automatic),84.25,Yes,38
7537-CBQUZ,Male,1,No,No,Yes,Yes,Fiber optic,Yes,Yes,Yes,No,Yes,Yes,Month-to-month,Yes,Bank transfer (automatic),109.4,No,63
7537-RBWEA,Female,0,No,No,No,No phone service,DSL,No,No,No,No,No,No,Month-to-month,Yes,Mailed check,25.15,No,1
7538-GWHML,Female,0,No,No,Yes,No,Fiber optic,No,No,No,No,No,No,Month-to-month,No,Electronic check,69.65,Yes,2
7541-YLXCL,Male,0,No,No,Yes,No,DSL,No,Yes,No,Yes,No,Yes,One year,Yes,Mailed check,65.4,Yes,36
7544-ZVIKX,Male,0,Yes,Yes,Yes,Yes,Fiber optic,No,No,Yes,Yes,Yes,Yes,One year,Yes,Bank transfer (automatic),105.05,No,58
7547-EKNFS,Male,0,Yes,No,Yes,Yes,Fiber optic,No,Yes,Yes,No,Yes,No,Month-to-month,Yes,Bank transfer (automatic),95.25,Yes,42
7548-SEPYI,Female,0,No,No,Yes,No,Fiber optic,No,Yes,No,No,Yes,Yes,Month-to-month,Yes,Electronic check,96.25,Yes,5
7549-MYGPK,Female,0,Yes,Yes,Yes,Yes,Fiber optic,Yes,Yes,Yes,No,Yes,No,Month-to-month,Yes,Electronic check,100.55,Yes,63
7550-WIQVA,Male,0,Yes,Yes,Yes,Yes,Fiber optic,Yes,Yes,Yes,No,Yes,Yes,One year,Yes,Electronic check,108.25,No,50
7551-DACSP,Male,0,Yes,Yes,Yes,No,DSL,No,Yes,Yes,No,No,No,Month-to-month,Yes,Mailed check,55.3,Yes,6
7551-JOHTI,Female,0,No,No,Yes,No,No,No internet service,No internet service,No internet service,No internet service,No internet service,No internet service,Month-to-month,No,Mailed check,19.5,Yes,1
7552-KEYGT,Male,0,Yes,No,Yes,No,No,No internet service,No internet service,No internet service,No internet service,No internet service,No internet service,Two year,No,Bank transfer (automatic),19.55,No,27
7554-AKDQF,Female,0,Yes,No,Yes,No,DSL,No,No,No,No,No,No,Month-to-month,No,Mailed check,45.65,No,6
7558-IMLMT,Male,0,Yes,Yes,Yes,No,No,No internet service,No internet service,No internet service,No internet service,No internet service,No internet service,Two year,Yes,Mailed check,20.8,No,67
7560-QJAVJ,Female,0,No,No,Yes,No,DSL,Yes,No,Yes,Yes,Yes,Yes,Two year,No,Bank transfer (automatic),79.6,No,70
7560-QRBXH,Female,0,No,Yes,Yes,No,No,No internet service,No internet service,No internet service,No internet service,No internet service,No internet service,One year,No,Mailed check,19.95,No,48
7562-GSUHK,Female,0,No,No,Yes,No,Fiber optic,No,Yes,Yes,No,No,Yes,Month-to-month,Yes,Credit card (automatic),93.2,Yes,16
7562-UXTPG,Female,0,No,No,Yes,No,Fiber optic,No,No,No,No,No,No,Month-to-month,Yes,Mailed check,70.15,No,13
7564-GHCVB,Female,0,Yes,Yes,Yes,Yes,Fiber optic,Yes,No,No,No,No,No,Two year,No,Bank transfer (automatic),79.05,No,72
7566-DSRLQ,Female,0,Yes,No,Yes,Yes,Fiber optic,No,Yes,Yes,Yes,Yes,Yes,Two year,Yes,Electronic check,110.15,No,72
7567-ECMCM,Male,0,No,No,Yes,No,Fiber optic,No,No,No,No,No,Yes,Month-to-month,Yes,Credit card (automatic),79.85,No,24
7568-PODML,Male,0,No,No,No,No phone service,DSL,No,No,No,No,Yes,Yes,Month-to-month,Yes,Mailed check,45.3,Yes,1
7569-NMZYQ,Female,0,Yes,Yes,Yes,Yes,Fiber optic,Yes,Yes,Yes,Yes,Yes,Yes,Two year,Yes,Bank transfer (automatic),118.75,No,72
7571-YXDAD,Female,0,No,No,Yes,Yes,Fiber optic,No,No,No,No,No,No,Month-to-month,No,Credit card (automatic),74.9,Yes,2
7572-KPVKK,Male,0,No,Yes,Yes,Yes,Fiber optic,No,No,Yes,Yes,Yes,Yes,Two year,Yes,Electronic check,104.05,No,62
7576-ASEJU,Female,0,Yes,Yes,Yes,No,DSL,Yes,No,No,Yes,Yes,Yes,One year,Yes,Credit card (automatic),74.7,No,41
7576-OYWBN,Male,1,No,No,Yes,Yes,Fiber optic,No,No,No,No,No,No,Month-to-month,Yes,Electronic check,76.05,Yes,3
7577-SWIFR,Male,0,No,No,Yes,No,Fiber optic,No,No,No,No,Yes,Yes,Month-to-month,Yes,Electronic check,89.25,No,1
7579-KKLOE,Male,0,Yes,Yes,Yes,Yes,DSL,Yes,Yes,Yes,Yes,Yes,Yes,Two year,Yes,Mailed check,91.25,No,71
7579-OOPEC,Female,1,Yes,No,Yes,No,DSL,No,Yes,No,No,No,No,Month-to-month,No,Credit card (automatic),50.15,Yes,2
7580-UGXNC,Female,1,No,No,Yes,No,DSL,Yes,Yes,No,No,No,No,Month-to-month,No,Mailed check,54.85,Yes,2
7587-AOVVU,Male,0,Yes,Yes,Yes,Yes,Fiber optic,Yes,Yes,No,Yes,Yes,No,Month-to-month,No,Electronic check,100.75,No,27
7587-RZNME,Male,0,No,No,Yes,No,DSL,No,No,No,No,No,No,Month-to-month,Yes,Electronic check,43.3,Yes,3
7590-VHVEG,Female,0,Yes,No,No,No phone service,DSL,No,Yes,No,No,No,No,Month-to-month,Yes,Electronic check,29.85,No,1
7593-JNWRU,Male,0,Yes,Yes,Yes,No,DSL,No,No,No,No,No,No,Month-to-month,Yes,Bank transfer (automatic),44.6,Yes,6
7594-RQHXR,Female,0,No,Yes,Yes,No,Fiber optic,No,No,No,No,No,Yes,Month-to-month,Yes,Electronic check,79.6,Yes,1
7595-EHCDL,Male,0,Yes,Yes,No,No phone service,DSL,No,No,Yes,No,Yes,Yes,Month-to-month,No,Credit card (automatic),50.6,No,32
7595-EUIVN,Female,0,No,No,Yes,No,Fiber optic,No,Yes,No,No,No,No,Month-to-month,No,Electronic check,75.8,Yes,1
7596-IIWYC,Female,0,No,No,Yes,No,No,No internet service,No internet service,No internet service,No internet service,No internet service,No internet service,Two year,Yes,Bank transfer (automatic),20.25,No,27
7596-LDUXP,Female,0,No,No,Yes,No,Fiber optic,Yes,No,No,No,Yes,No,One year,Yes,Credit card (automatic),85.15,No,12
7596-ZYWBB,Female,0,No,No,Yes,No,DSL,Yes,Yes,No,Yes,No,No,Two year,Yes,Mailed check,59.6,No,65
7599-FKVXZ,Male,0,Yes,No,Yes,Yes,Fiber optic,No,No,Yes,Yes,Yes,Yes,Month-to-month,Yes,Bank transfer (automatic),106.15,Yes,42
7599-NTMDP,Female,0,Yes,Yes,No,No phone service,DSL,Yes,Yes,No,Yes,Yes,No,Two year,No,Bank transfer (automatic),48.7,No,62
7601-DHFWZ,Female,0,No,No,Yes,Yes,No,No internet service,No internet service,No internet service,No internet service,No internet service,No internet service,Two year,No,Credit card (automatic),24.0,No,48
7601-GNDYK,Male,0,Yes,Yes,Yes,No,No,No internet service,No internet service,No internet service,No internet service,No internet service,No internet service,Two year,No,Mailed check,19.6,No,35
7601-WFVZV,Male,0,No,No,Yes,No,No,No internet service,No internet service,No internet service,No internet service,No internet service,No internet service,Month-to-month,No,Mailed check,19.55,No,1
7602-DBTOU,Female,0,Yes,No,Yes,No,No,No internet service,No internet service,No internet service,No internet service,No internet service,No internet service,Two year,No,Mailed check,19.6,No,71
7602-MVRMB,Female,0,Yes,Yes,Yes,Yes,Fiber optic,Yes,No,Yes,Yes,Yes,Yes,Two year,Yes,Bank transfer (automatic),110.45,No,72
7603-USHJS,Male,0,No,Yes,Yes,Yes,Fiber optic,No,No,No,No,No,No,Month-to-month,Yes,Credit card (automatic),73.75,Yes,12
7605-BDWDC,Female,0,No,No,No,No phone service,DSL,Yes,Yes,No,Yes,No,Yes,Two year,Yes,Bank transfer (automatic),49.85,No,31
7605-SNLQG,Female,0,Yes,No,Yes,No,DSL,No,No,Yes,No,No,No,Month-to-month,Yes,Credit card (automatic),50.25,No,45
7606-BPHHN,Male,0,No,No,Yes,No,No,No internet service,No internet service,No internet service,No internet service,No internet service,No internet service,Two year,Yes,Credit card (automatic),19.8,No,72
7607-QKKTJ,Male,0,Yes,Yes,Yes,Yes,Fiber optic,No,Yes,Yes,No,No,Yes,One year,Yes,Credit card (automatic),95.0,No,45
7608-RGIRO,Male,0,No,Yes,Yes,Yes,No,No internet service,No internet service,No internet service,No internet service,No internet service,No internet service,Two year,Yes,Mailed check,24.4,No,62
7609-NRNCA,Female,0,No,No,Yes,No,No,No internet service,No internet service,No internet service,No internet service,No internet service,No internet service,One year,No,Mailed check,19.55,No,17
7609-YBPXG,Male,0,No,No,Yes,Yes,DSL,Yes,No,Yes,Yes,Yes,Yes,Two year,No,Bank transfer (automatic),87.1,No,54
7610-TVOPG,Male,0,No,No,Yes,Yes,No,No internet service,No internet service,No internet service,No internet service,No internet service,No internet service,Month-to-month,Yes,Electronic check,26.35,No,15
7611-YKYTC,Male,0,Yes,Yes,Yes,No,Fiber optic,Yes,No,No,No,No,No,Month-to-month,No,Bank transfer (automatic),75.0,No,22
7614-QVWQL,Male,0,Yes,Yes,No,No phone service,DSL,No,Yes,No,No,Yes,Yes,One year,Yes,Bank transfer (automatic),51.8,Yes,49
7615-ESMYF,Female,0,Yes,No,No,No phone service,DSL,No,No,No,No,Yes,Yes,Month-to-month,No,Electronic check,44.6,Yes,2
7617-EYGLW,Male,0,No,No,Yes,No,No,No internet service,No internet service,No internet service,No internet service,No internet service,No internet service,Month-to-month,No,Electronic check,19.45,No,1
7619-ODSGN,Male,0,Yes,Yes,Yes,Yes,DSL,Yes,No,No,No,No,No,Month-to-month,No,Electronic check,54.75,Yes,24
7621-VPNET,Female,0,Yes,No,Yes,Yes,Fiber optic,No,No,Yes,Yes,No,No,Month-to-month,Yes,Credit card (automatic),85.9,No,42
7622-FWGEW,Male,1,Yes,No,Yes,No,DSL,Yes,Yes,Yes,Yes,Yes,Yes,Two year,Yes,Bank transfer (automatic),85.65,No,56
7622-NXQZR,Male,0,No,No,No,No phone service,DSL,No,No,No,Yes,No,No,Month-to-month,Yes,Credit card (automatic),30.1,No,28
7623-HKYRK,Male,0,No,Yes,Yes,No,No,No internet service,No internet service,No internet service,No internet service,No internet service,No internet service,Month-to-month,No,Mailed check,19.7,No,6
7625-XCQRH,Female,0,No,No,Yes,Yes,Fiber optic,No,No,No,No,No,No,Month-to-month,Yes,Electronic check,76.5,Yes,11
7629-WFGLW,Female,1,Yes,No,Yes,Yes,Fiber optic,Yes,Yes,Yes,Yes,No,No,One year,No,Electronic check,95.65,No,56
7629-WIXZF,Female,0,No,No,Yes,No,DSL,Yes,No,No,No,No,Yes,One year,Yes,Electronic check,59.1,No,7
7632-MNYOY,Male,1,No,No,Yes,Yes,Fiber optic,No,Yes,Yes,Yes,Yes,Yes,One year,No,Credit card (automatic),110.9,Yes,66
7632-YUTXB,Female,0,Yes,Yes,Yes,No,No,No internet service,No internet service,No internet service,No internet service,No internet service,No internet service,One year,No,Mailed check,20.05,No,25
7633-MVPUY,Male,0,Yes,No,Yes,No,DSL,Yes,Yes,No,Yes,No,No,Two year,Yes,Electronic check,59.75,No,57
7634-HLQJR,Female,0,Yes,Yes,Yes,No,No,No internet service,No internet service,No internet service,No internet service,No internet service,No internet service,Two year,No,Credit card (automatic),20.05,No,47
7636-OWBPG,Male,1,No,No,No,No phone service,DSL,No,Yes,No,No,No,No,Month-to-month,Yes,Credit card (automatic),29.35,No,12
7636-PEPNS,Female,0,Yes,Yes,Yes,No,DSL,No,No,No,No,No,No,One year,Yes,Mailed check,44.1,No,58
7636-XUHWW,Male,0,No,No,Yes,No,No,No internet service,No internet service,No internet service,No internet service,No internet service,No internet service,Month-to-month,Yes,Credit card (automatic),19.9,No,2
7639-LIAYI,Male,0,No,No,Yes,Yes,DSL,Yes,No,No,Yes,Yes,Yes,Two year,Yes,Credit card (automatic),79.75,No,52
7639-OPLNG,Male,0,Yes,Yes,Yes,Yes,DSL,Yes,Yes,Yes,Yes,Yes,No,Two year,Yes,Bank transfer (automatic),79.25,No,70
7639-SUPCW,Female,0,No,No,Yes,No,DSL,Yes,No,No,No,No,No,Month-to-month,Yes,Credit card (automatic),48.8,Yes,22
7641-EUYET,Male,1,Yes,Yes,Yes,Yes,Fiber optic,Yes,Yes,Yes,No,Yes,No,Month-to-month,Yes,Electronic check,100.7,Yes,46
7641-TQFHN,Male,0,No,Yes,Yes,Yes,Fiber optic,No,No,No,Yes,Yes,Yes,Two year,No,Mailed check,100.55,No,39
7643-RCHXS,Female,0,Yes,Yes,Yes,No,No,No internet service,No internet service,No internet service,No internet service,No internet service,No internet service,Two year,No,Electronic check,19.35,No,63
7644-OMVMY,Male,0,Yes,Yes,Yes,No,No,No internet service,No internet service,No internet service,No internet service,No internet service,No internet service,Two year,No,Mailed check,19.85,No,0
7647-GYYKX,Female,0,Yes,Yes,Yes,No,No,No internet service,No internet service,No internet service,No internet service,No internet service,No internet service,Two year,Yes,Bank transfer (automatic),20.35,No,54
7649-PHJVR,Male,0,No,No,Yes,No,No,No internet service,No internet service,No internet service,No internet service,No internet service,No internet service,One year,No,Mailed check,19.5,No,11
7649-SIJJF,Male,0,Yes,No,Yes,Yes,DSL,Yes,Yes,Yes,Yes,No,Yes,Two year,Yes,Mailed check,80.1,No,71
7657-DYEPJ,Male,1,No,No,Yes,No,DSL,No,Yes,Yes,Yes,Yes,No,One year,Yes,Credit card (automatic),70.15,Yes,38
7661-CPURM,Male,0,No,No,Yes,No,Fiber optic,No,No,No,Yes,No,Yes,One year,Yes,Credit card (automatic),87.7,No,19
7663-CUXZB,Male,0,Yes,No,Yes,Yes,Fiber optic,Yes,Yes,Yes,Yes,Yes,Yes,Two year,No,Electronic check,113.75,No,59
7663-RGWBC,Male,0,No,No,Yes,No,DSL,No,No,No,No,No,No,Month-to-month,Yes,Mailed check,44.15,Yes,1
7663-YJHSN,Female,0,Yes,No,Yes,Yes,Fiber optic,Yes,Yes,Yes,Yes,Yes,No,Two year,Yes,Bank transfer (automatic),103.95,No,72
7663-ZTEGJ,Male,0,No,Yes,Yes,Yes,Fiber optic,No,Yes,Yes,Yes,No,Yes,One year,No,Credit card (automatic),100.55,No,29
7665-TOALD,Female,0,No,No,Yes,No,Fiber optic,No,No,No,No,No,No,Month-to-month,Yes,Electronic check,69.6,Yes,1
7665-VIGUD,Male,0,No,No,Yes,No,No,No internet service,No internet service,No internet service,No internet service,No internet service,No internet service,One year,No,Mailed check,20.35,No,10
7666-WKRON,Female,0,No,No,Yes,No,Fiber optic,No,No,Yes,Yes,No,No,Two year,Yes,Electronic check,80.45,Yes,39
7668-XCFYV,Female,1,Yes,No,Yes,Yes,Fiber optic,No,No,No,No,Yes,Yes,Month-to-month,Yes,Electronic check,92.55,No,17
7669-LCRSD,Male,0,Yes,Yes,Yes,No,DSL,No,No,No,No,Yes,No,Month-to-month,Yes,Mailed check,56.3,No,12
7672-VFMXZ,Male,0,Yes,No,Yes,No,DSL,Yes,No,No,Yes,No,No,Month-to-month,No,Electronic check,55.7,No,57
7673-BQGKU,Female,0,Yes,Yes,Yes,No,No,No internet service,No internet service,No internet service,No internet service,No internet service,No internet service,Two year,No,Bank transfer (automatic),20.15,No,69
7673-LPRNY,Female,0,No,No,Yes,Yes,DSL,Yes,No,Yes,No,Yes,Yes,One year,Yes,Electronic check,78.55,No,23
7674-YTAFD,Female,0,No,No,Yes,No,Fiber optic,No,Yes,No,Yes,No,No,One year,Yes,Bank transfer (automatic),79.95,No,33
7677-SJJJK,Male,0,Yes,Yes,Yes,No,No,No internet service,No internet service,No internet service,No internet service,No internet service,No internet service,One year,No,Credit card (automatic),19.9,No,8
7682-AZNDK,Male,0,Yes,Yes,Yes,No,Fiber optic,No,Yes,Yes,No,Yes,No,Month-to-month,Yes,Electronic check,89.85,No,34
7683-CBDKJ,Male,0,Yes,Yes,Yes,No,DSL,Yes,Yes,No,No,Yes,No,Month-to-month,Yes,Electronic check,65.45,Yes,14
7684-XSZIY,Male,0,Yes,Yes,Yes,Yes,No,No internet service,No internet service,No internet service,No internet service,No internet service,No internet service,Two year,No,Bank transfer (automatic),24.3,No,72
7688-AWMDX,Male,0,Yes,No,Yes,No,DSL,Yes,No,No,Yes,No,No,Two year,No,Bank transfer (automatic),54.5,No,71
7690-KPNCU,Male,0,Yes,Yes,Yes,No,DSL,Yes,No,Yes,No,Yes,Yes,One year,Yes,Credit card (automatic),73.05,No,64
7691-KGKGP,Male,0,Yes,Yes,Yes,No,DSL,No,Yes,No,Yes,Yes,No,Month-to-month,No,Credit card (automatic),65.0,No,53
7691-XVTZH,Female,0,Yes,No,Yes,Yes,Fiber optic,No,No,Yes,No,Yes,No,Two year,Yes,Bank transfer (automatic),89.95,No,68
7693-LCKZL,Male,0,Yes,Yes,Yes,Yes,Fiber optic,No,Yes,No,No,No,No,Month-to-month,Yes,Electronic check,80.15,Yes,5
7693-QPEFS,Male,1,No,No,Yes,Yes,Fiber optic,No,No,No,No,No,No,Month-to-month,Yes,Bank transfer (automatic),72.95,No,52
7694-VLBWQ,Male,0,Yes,No,Yes,Yes,Fiber optic,No,Yes,Yes,No,Yes,Yes,One year,No,Electronic check,104.1,Yes,67
7695-PKLCZ,Female,0,No,No,Yes,No,No,No internet service,No internet service,No internet service,No internet service,No internet service,No internet service,Two year,No,Credit card (automatic),20.5,No,68
7696-AMHOD,Female,0,Yes,Yes,Yes,No,DSL,No,Yes,Yes,No,Yes,Yes,One year,No,Credit card (automatic),78.0,No,49
7696-CFTAT,Male,0,Yes,Yes,Yes,No,No,No internet service,No internet service,No internet service,No internet service,No internet service,No internet service,Two year,No,Bank transfer (automatic),19.8,No,37
7698-YFGEZ,Male,0,No,No,Yes,No,No,No internet service,No internet service,No internet service,No internet service,No internet service,No internet service,Month-to-month,No,Mailed check,20.0,No,1
7703-ZEKEF,Male,0,No,No,Yes,Yes,Fiber optic,No,No,Yes,No,No,No,Month-to-month,Yes,Electronic check,81.0,Yes,23
7706-DZNKK,Male,0,No,No,Yes,No,No,No internet service,No internet service,No internet service,No internet service,No internet service,No internet service,Month-to-month,Yes,Credit card (automatic),20.45,No,11
7706-YLMQA,Female,0,No,No,Yes,No,No,No internet service,No internet service,No internet service,No internet service,No internet service,No internet service,One year,No,Bank transfer (automatic),19.7,No,70
7710-JSYOA,Female,0,Yes,Yes,Yes,Yes,Fiber optic,No,Yes,No,Yes,No,Yes,Two year,Yes,Bank transfer (automatic),93.3,No,69
7711-GQBZC,Female,0,Yes,Yes,Yes,Yes,No,No internet service,No internet service,No internet service,No internet service,No internet service,No internet service,Two year,No,Bank transfer (automatic),24.7,No,71
7711-YIJWC,Male,0,Yes,Yes,Yes,No,DSL,Yes,Yes,Yes,Yes,Yes,Yes,One year,No,Bank transfer (automatic),84.9,No,61
7714-YXSMB,Female,0,No,No,Yes,Yes,Fiber optic,No,No,Yes,No,Yes,Yes,Month-to-month,Yes,Bank transfer (automatic),100.5,No,26
7716-YTYHG,Female,0,Yes,Yes,Yes,Yes,Fiber optic,No,No,No,No,No,Yes,One year,Yes,Mailed check,82.05,Yes,48
7717-BICXI,Male,0,Yes,Yes,Yes,No,No,No internet service,No internet service,No internet service,No internet service,No internet service,No internet service,Two year,No,Mailed check,20.55,No,60
7718-RXDGG,Male,0,Yes,No,Yes,No,Fiber optic,No,No,No,No,No,No,Month-to-month,Yes,Bank transfer (automatic),68.6,No,15
7718-UPSKJ,Female,0,Yes,No,Yes,No,Fiber optic,Yes,Yes,No,Yes,Yes,Yes,One year,Yes,Credit card (automatic),106.4,No,69
7721-DVEKZ,Female,0,No,No,Yes,No,No,No internet service,No internet service,No internet service,No internet service,No internet service,No internet service,Month-to-month,No,Mailed check,19.65,No,1
7721-JXEAW,Male,0,Yes,No,No,No phone service,DSL,No,Yes,No,No,No,Yes,Month-to-month,Yes,Bank transfer (automatic),41.05,Yes,59
7722-CVFXN,Male,0,Yes,Yes,Yes,Yes,Fiber optic,No,Yes,No,Yes,Yes,Yes,One year,Yes,Electronic check,105.2,No,54
7722-VJRQD,Male,0,Yes,Yes,No,No phone service,DSL,Yes,No,Yes,Yes,Yes,Yes,Two year,No,Bank transfer (automatic),60.95,No,72
7727-SHVZV,Female,0,No,No,Yes,No,No,No internet service,No internet service,No internet service,No internet service,No internet service,No internet service,Month-to-month,No,Bank transfer (automatic),19.5,No,9
7729-JTEEC,Male,0,Yes,Yes,Yes,No,DSL,No,No,No,No,No,No,Month-to-month,Yes,Electronic check,44.5,No,2
7729-XBTWX,Male,0,Yes,Yes,Yes,No,No,No internet service,No internet service,No internet service,No internet service,No internet service,No internet service,Two year,Yes,Mailed check,19.75,No,66
7730-CLDSV,Female,0,Yes,Yes,Yes,Yes,Fiber optic,No,Yes,Yes,Yes,No,Yes,Two year,Yes,Bank transfer (automatic),98.65,No,72
7730-IUTDZ,Male,0,No,No,Yes,No,Fiber optic,Yes,No,No,No,No,No,Month-to-month,Yes,Electronic check,75.2,Yes,43
7733-UDMTP,Female,1,No,No,No,No phone service,DSL,No,Yes,Yes,No,Yes,Yes,Month-to-month,Yes,Electronic check,55.0,No,57
7734-DBOAI,Female,0,Yes,Yes,No,No phone service,DSL,No,No,No,Yes,Yes,No,Month-to-month,No,Electronic check,40.1,Yes,1
7739-LAXOG,Female,0,Yes,Yes,Yes,Yes,Fiber optic,No,No,Yes,No,No,Yes,Month-to-month,Yes,Bank transfer (automatic),91.05,Yes,32
7740-BTPUX,Male,1,Yes,No,Yes,Yes,Fiber optic,No,Yes,Yes,Yes,Yes,Yes,Two year,Yes,Electronic check,113.6,No,55
7740-KKCXF,Male,0,Yes,No,No,No phone service,DSL,No,Yes,No,No,No,No,Month-to-month,Yes,Credit card (automatic),30.05,No,51
7742-MYPGI,Female,0,Yes,Yes,Yes,No,DSL,No,No,No,Yes,No,No,Month-to-month,Yes,Mailed check,48.8,No,6
7743-EXURX,Male,0,Yes,Yes,Yes,No,DSL,No,No,Yes,No,No,No,Month-to-month,Yes,Electronic check,51.05,Yes,8
7746-AWNQW,Female,0,No,No,No,No phone service,DSL,No,No,Yes,Yes,No,No,Month-to-month,Yes,Mailed check,35.75,No,28
7746-QYVCO,Male,0,Yes,Yes,Yes,No,DSL,Yes,Yes,No,No,No,No,One year,Yes,Mailed check,55.85,No,16
7748-UMTRK,Female,1,No,Yes,Yes,Yes,Fiber optic,No,No,No,Yes,Yes,Yes,Month-to-month,Yes,Electronic check,101.3,No,30
7750-EYXWZ,Female,0,No,No,No,No phone service,DSL,No,Yes,Yes,Yes,Yes,Yes,One year,No,Electronic check,60.65,No,12
7752-XUSCI,Female,0,No,No,Yes,Yes,Fiber optic,No,Yes,Yes,No,Yes,Yes,Month-to-month,Yes,Electronic check,105.9,Yes,60
7753-USQYQ,Male,0,No,No,Yes,No,DSL,No,Yes,No,Yes,No,Yes,One year,Yes,Electronic check,64.2,No,55
7754-IXRMC,Female,0,No,No,Yes,No,DSL,No,No,No,No,No,No,Month-to-month,No,Mailed check,45.35,No,1
7758-UJWYS,Male,0,Yes,Yes,No,No phone service,DSL,No,No,No,Yes,Yes,No,Two year,Yes,Electronic check,40.55,No,34
7758-XKCBS,Male,0,No,No,No,No phone service,DSL,No,No,No,Yes,No,No,Month-to-month,Yes,Electronic check,29.7,Yes,15
7760-OYPDY,Female,0,No,No,Yes,No,Fiber optic,No,No,No,No,Yes,No,Month-to-month,Yes,Electronic check,80.65,Yes,2
7762-URZQH,Male,0,Yes,No,Yes,Yes,Fiber optic,Yes,No,Yes,No,Yes,Yes,Two year,Yes,Credit card (automatic),106.05,Yes,66
7764-BDPEE,Male,0,No,Yes,Yes,No,No,No internet service,No internet service,No internet service,No internet service,No internet service,No internet service,Month-to-month,No,Mailed check,20.85,No,3
7765-LWVVH,Female,0,Yes,Yes,Yes,Yes,Fiber optic,Yes,Yes,No,No,Yes,No,Two year,Yes,Electronic check,95.1,No,72
7766-CLTIC,Female,0,No,No,Yes,No,DSL,No,No,No,Yes,No,Yes,Month-to-month,Yes,Mailed check,60.95,No,10
7767-UXAGJ,Male,0,No,No,Yes,Yes,DSL,No,No,No,No,No,No,Month-to-month,Yes,Electronic check,50.45,Yes,1
7771-ZONAT,Male,0,No,No,No,No phone service,DSL,No,No,Yes,Yes,Yes,Yes,Two year,No,Bank transfer (automatic),56.75,No,22
7774-OJSXI,Male,0,No,No,Yes,Yes,Fiber optic,No,Yes,Yes,No,Yes,Yes,One year,Yes,Electronic check,103.45,Yes,31
7776-QGYJC,Female,0,Yes,Yes,Yes,No,Fiber optic,No,No,Yes,Yes,No,No,Month-to-month,Yes,Bank transfer (automatic),81.5,No,39
7776-QWNFX,Male,1,Yes,No,Yes,No,DSL,No,Yes,No,No,No,No,Month-to-month,Yes,Bank transfer (automatic),50.4,Yes,30
7777-UNYHB,Female,0,Yes,Yes,Yes,No,No,No internet service,No internet service,No internet service,No internet service,No internet service,No internet service,Month-to-month,Yes,Credit card (automatic),20.1,No,12
7779-ORAEL,Male,1,Yes,No,Yes,Yes,DSL,Yes,No,Yes,Yes,No,Yes,Two year,No,Credit card (automatic),75.15,No,45
7780-OTDSO,Male,0,Yes,No,Yes,Yes,Fiber optic,Yes,No,No,No,Yes,Yes,Month-to-month,Yes,Electronic check,99.4,Yes,18
7781-EWARA,Male,0,Yes,Yes,No,No phone service,DSL,No,Yes,Yes,Yes,Yes,Yes,One year,No,Electronic check,60.35,No,70
7781-HVGMK,Female,0,Yes,Yes,No,No phone service,DSL,Yes,Yes,Yes,Yes,Yes,Yes,Two year,Yes,Credit card (automatic),65.2,No,72
7783-YKGDV,Female,0,No,No,Yes,Yes,Fiber optic,Yes,Yes,Yes,No,No,Yes,Month-to-month,Yes,Bank transfer (automatic),99.7,Yes,12
7787-BNTZM,Male,0,No,No,Yes,No,No,No internet service,No internet service,No internet service,No internet service,No internet service,No internet service,Month-to-month,No,Bank transfer (automatic),20.15,No,6
7789-CRUVC,Female,1,Yes,No,Yes,Yes,Fiber optic,Yes,Yes,Yes,Yes,No,No,Month-to-month,Yes,Credit card (automatic),94.2,No,61
7789-HKSBS,Female,1,Yes,No,Yes,Yes,Fiber optic,Yes,No,Yes,No,Yes,Yes,One year,Yes,Bank transfer (automatic),105.2,No,42
7795-CFOCW,Male,0,No,No,No,No phone service,DSL,Yes,No,Yes,Yes,No,No,One year,No,Bank transfer (automatic),42.3,No,45
7797-EJMDP,Female,0,No,No,Yes,No,DSL,Yes,No,No,Yes,No,Yes,Month-to-month,No,Bank transfer (automatic),66.05,No,8
7798-JVXYM,Female,0,No,No,Yes,No,DSL,No,No,No,Yes,Yes,Yes,Month-to-month,Yes,Electronic check,69.65,No,14
7799-DSEWS,Male,0,No,No,Yes,No,DSL,Yes,No,Yes,Yes,Yes,No,Month-to-month,Yes,Electronic check,68.35,No,18
7801-CEDNV,Male,0,Yes,No,Yes,No,DSL,Yes,No,No,No,No,No,One year,No,Credit card (automatic),48.7,No,27
7801-KICAO,Female,0,No,No,Yes,Yes,Fiber optic,No,No,No,No,No,No,Month-to-month,Yes,Electronic check,74.15,No,18
7802-EFKNY,Male,0,Yes,No,No,No phone service,DSL,No,No,No,No,No,No,Month-to-month,Yes,Electronic check,24.95,Yes,5
7803-XOCCZ,Female,0,Yes,Yes,Yes,No,Fiber optic,Yes,No,Yes,Yes,No,No,Month-to-month,Yes,Bank transfer (automatic),84.05,No,52
7808-DVWEP,Male,0,Yes,No,Yes,No,No,No internet service,No internet service,No internet service,No internet service,No internet service,No internet service,Month-to-month,No,Bank transfer (automatic),20.0,No,3
7812-FZHPE,Female,0,Yes,Yes,Yes,Yes,No,No internet service,No internet service,No internet service,No internet service,No internet service,No internet service,Month-to-month,No,Mailed check,24.1,Yes,17
7813-TKCVO,Female,0,Yes,No,Yes,No,No,No internet service,No internet service,No internet service,No internet service,No internet service,No internet service,One year,No,Mailed check,20.35,No,20
7813-ZGGAW,Male,1,No,No,Yes,Yes,Fiber optic,No,No,Yes,Yes,Yes,No,Month-to-month,Yes,Bank transfer (automatic),96.6,No,31
7814-LEEVE,Female,0,Yes,No,Yes,No,No,No internet service,No internet service,No internet service,No internet service,No internet service,No internet service,Month-to-month,Yes,Bank transfer (automatic),20.3,No,1
7815-PDTHL,Male,0,No,No,Yes,No,No,No internet service,No internet service,No internet service,No internet service,No internet service,No internet service,Two year,Yes,Mailed check,20.2,No,35
7817-OMJNA,Male,0,No,No,Yes,No,No,No internet service,No internet service,No internet service,No internet service,No internet service,No internet service,One year,No,Bank transfer (automatic),20.4,No,14
7823-JSOAG,Male,0,No,No,Yes,Yes,Fiber optic,No,No,No,No,No,No,Month-to-month,No,Electronic check,74.5,No,3
7824-PANSQ,Male,0,No,No,Yes,Yes,Fiber optic,No,No,No,Yes,No,No,Month-to-month,No,Bank transfer (automatic),80.65,No,58
7825-GKXMW,Female,0,No,No,Yes,No,DSL,No,No,No,No,No,No,Month-to-month,No,Electronic check,45.8,Yes,1
7826-VVKWT,Female,1,Yes,Yes,Yes,No,Fiber optic,No,No,Yes,No,Yes,Yes,Two year,Yes,Electronic check,96.55,No,24
7831-QGOXH,Female,0,No,No,Yes,Yes,Fiber optic,No,No,No,No,Yes,No,Month-to-month,Yes,Electronic check,85.2,Yes,18
7833-PKIHD,Male,0,Yes,Yes,Yes,No,DSL,Yes,No,No,Yes,Yes,Yes,One year,Yes,Bank transfer (automatic),76.4,No,51
7838-LAZFO,Male,0,Yes,No,Yes,No,DSL,Yes,Yes,Yes,No,Yes,Yes,One year,No,Bank transfer (automatic),78.8,No,45
7839-NUIAA,Female,0,Yes,Yes,Yes,Yes,DSL,Yes,Yes,No,No,No,No,Month-to-month,No,Electronic check,59.8,No,61
7845-URHJN,Female,0,Yes,No,Yes,No,No,No internet service,No internet service,No internet service,No internet service,No internet service,No internet service,Month-to-month,No,Bank transfer (automatic),20.15,Yes,8
7850-THJMU,Female,0,Yes,Yes,Yes,No,No,No internet service,No internet service,No internet service,No internet service,No internet service,No internet service,Two year,No,Credit card (automatic),19.65,No,26
7850-VWJUU,Female,0,No,No,Yes,No,Fiber optic,Yes,No,No,No,No,No,Month-to-month,Yes,Bank transfer (automatic),75.0,No,23
7851-FLGGQ,Male,0,No,No,No,No phone service,DSL,No,Yes,No,Yes,No,Yes,Month-to-month,Yes,Mailed check,44.65,Yes,1
7852-LECYP,Male,1,Yes,No,Yes,Yes,Fiber optic,Yes,Yes,No,No,No,Yes,Month-to-month,No,Credit card (automatic),93.8,No,13
7853-GVUDZ,Female,0,Yes,Yes,Yes,No,No,No internet service,No internet service,No internet service,No internet service,No internet service,No internet service,Month-to-month,Yes,Credit card (automatic),20.15,Yes,1
7853-OETYL,Female,0,Yes,No,No,No phone service,DSL,Yes,No,No,No,No,No,Month-to-month,Yes,Electronic check,29.05,No,4
7854-EDSSA,Male,0,No,No,Yes,Yes,DSL,Yes,Yes,No,No,No,No,Month-to-month,No,Electronic check,59.0,Yes,22
7854-EKTJL,Female,0,No,Yes,Yes,No,No,No internet service,No internet service,No internet service,No internet service,No internet service,No internet service,Month-to-month,Yes,Electronic check,19.6,Yes,2
7854-FOKSF,Male,0,No,No,No,No phone service,DSL,No,No,No,No,No,Yes,Month-to-month,No,Electronic check,35.9,Yes,1
7855-DIWPO,Female,0,No,No,Yes,No,Fiber optic,No,No,No,No,No,No,Month-to-month,Yes,Electronic check,68.65,No,21
7856-GANIL,Male,1,Yes,No,Yes,Yes,Fiber optic,No,Yes,Yes,Yes,Yes,No,One year,Yes,Bank transfer (automatic),98.7,No,45
7860-KSUGX,Male,0,Yes,Yes,Yes,Yes,DSL,Yes,Yes,Yes,No,No,No,Two year,No,Credit card (automatic),64.45,No,72
7860-UXCRM,Male,0,Yes,Yes,Yes,No,DSL,Yes,Yes,Yes,Yes,Yes,No,Two year,No,Credit card (automatic),74.5,No,63
7861-UVUFT,Female,0,Yes,No,Yes,No,Fiber optic,No,No,Yes,No,Yes,No,Month-to-month,Yes,Electronic check,84.3,Yes,15
7868-BGSZA,Male,0,Yes,No,Yes,Yes,DSL,Yes,No,Yes,No,Yes,Yes,One year,Yes,Electronic check,80.2,No,43
7868-TMWMZ,Female,1,Yes,No,Yes,No,Fiber optic,Yes,Yes,Yes,Yes,Yes,Yes,Two year,Yes,Bank transfer (automatic),110.0,No,60
7869-ZYDST,Male,0,Yes,No,Yes,Yes,DSL,No,No,No,No,Yes,No,Month-to-month,Yes,Credit card (automatic),59.05,No,31
7872-BAAZR,Female,0,Yes,Yes,Yes,No,No,No internet service,No internet service,No internet service,No internet service,No internet service,No internet service,One year,No,Bank transfer (automatic),19.55,No,53
7872-RDDLZ,Female,1,No,No,Yes,Yes,DSL,No,Yes,No,No,No,No,Month-to-month,No,Electronic check,54.9,No,67
7873-CVMAW,Male,0,No,No,Yes,Yes,DSL,Yes,Yes,Yes,Yes,Yes,Yes,Two year,No,Credit card (automatic),88.55,No,72
7878-JGDKK,Male,0,No,No,Yes,No,DSL,No,No,No,No,No,No,Month-to-month,No,Mailed check,44.55,No,4
7879-CGSFV,Male,0,No,No,Yes,No,Fiber optic,Yes,Yes,No,No,Yes,Yes,One year,Yes,Mailed check,100.9,No,55
7880-XSOJX,Male,0,No,No,No,No phone service,DSL,Yes,Yes,No,Yes,No,No,Month-to-month,No,Mailed check,42.4,No,4
7881-EVUAD,Female,0,No,No,No,No phone service,DSL,Yes,Yes,No,No,No,Yes,Month-to-month,Yes,Electronic check,42.6,Yes,2
7881-INRLC,Male,0,No,No,Yes,Yes,Fiber optic,No,Yes,No,No,Yes,Yes,Month-to-month,Yes,Credit card (automatic),100.85,Yes,45
7883-ROJOC,Female,0,Yes,No,Yes,No,DSL,No,No,No,No,No,No,Month-to-month,No,Mailed check,44.9,No,19
7890-VYYWG,Male,1,Yes,No,No,No phone service,DSL,No,No,No,No,Yes,No,Month-to-month,Yes,Mailed check,36.45,Yes,3
7892-POOKP,Female,0,Yes,No,Yes,Yes,Fiber optic,No,No,Yes,Yes,Yes,Yes,Month-to-month,Yes,Electronic check,104.8,Yes,28
7892-QVYKW,Female,0,Yes,Yes,Yes,Yes,Fiber optic,No,No,No,No,No,Yes,Month-to-month,No,Electronic check,85.6,No,23
7893-IXHRQ,Male,0,No,No,Yes,No,No,No internet service,No internet service,No internet service,No internet service,No internet service,No internet service,Month-to-month,No,Electronic check,20.55,Yes,1
7895-VONWT,Female,0,No,No,No,No phone service,DSL,No,No,Yes,No,Yes,Yes,Month-to-month,Yes,Electronic check,48.25,No,25
7901-HXJVA,Male,0,No,No,Yes,No,Fiber optic,No,No,Yes,No,No,No,Month-to-month,No,Electronic check,76.45,No,14
7901-IIDQV,Male,0,No,No,Yes,Yes,DSL,No,No,No,Yes,No,No,One year,No,Bank transfer (automatic),54.6,No,24
7901-TBKJX,Male,1,No,No,Yes,Yes,Fiber optic,No,No,Yes,No,Yes,Yes,Month-to-month,Yes,Electronic check,101.05,No,56
7903-CMPEY,Male,1,Yes,No,Yes,Yes,Fiber optic,Yes,No,No,No,No,No,Month-to-month,Yes,Electronic check,80.3,Yes,1
7905-TVXTA,Female,0,No,No,Yes,No,DSL,Yes,No,No,Yes,Yes,No,Month-to-month,Yes,Electronic check,64.35,No,5
7908-QCBCA,Female,0,Yes,No,Yes,No,Fiber optic,No,No,No,No,No,No,Month-to-month,Yes,Mailed check,69.4,Yes,1
7909-FIOIY,Female,0,Yes,Yes,No,No phone service,DSL,No,No,No,No,No,No,Month-to-month,Yes,Mailed check,24.85,No,19
7916-VCCPB,Female,0,Yes,Yes,Yes,No,Fiber optic,No,Yes,No,No,No,No,Month-to-month,No,Bank transfer (automatic),73.25,No,16
7919-ZODZZ,Female,0,Yes,Yes,Yes,No,DSL,No,Yes,Yes,No,No,Yes,One year,Yes,Mailed check,65.9,No,10
7921-LMDFQ,Male,1,No,No,Yes,No,Fiber optic,No,No,Yes,No,Yes,Yes,One year,Yes,Bank transfer (automatic),94.0,No,51
7923-IYJWY,Male,1,No,No,Yes,Yes,Fiber optic,Yes,Yes,Yes,Yes,Yes,Yes,Two year,Yes,Credit card (automatic),116.1,No,67
7925-PNRGI,Female,0,Yes,Yes,Yes,Yes,DSL,Yes,Yes,Yes,Yes,Yes,No,Month-to-month,No,Mailed check,81.3,No,45
7926-IJOOU,Male,0,No,No,Yes,No,No,No internet service,No internet service,No internet service,No internet service,No internet service,No internet service,Month-to-month,No,Credit card (automatic),19.3,No,1
7927-AUXBZ,Female,0,No,No,Yes,No,Fiber optic,No,No,No,Yes,Yes,No,Month-to-month,No,Electronic check,85.15,Yes,30
7928-VJYAB,Male,0,Yes,Yes,Yes,No,Fiber optic,No,No,No,No,Yes,Yes,Month-to-month,No,Electronic check,90.6,No,11
7929-DMBCV,Female,0,Yes,No,Yes,No,Fiber optic,No,No,Yes,Yes,No,No,Month-to-month,Yes,Mailed check,81.0,No,20
7929-SKFGK,Male,0,Yes,No,Yes,Yes,Fiber optic,Yes,Yes,Yes,Yes,Yes,Yes,Two year,No,Credit card (automatic),114.3,No,70
7931-PXHFC,Male,0,No,No,Yes,No,DSL,No,No,Yes,Yes,No,Yes,One year,Yes,Mailed check,62.3,Yes,38
7932-WPTDS,Female,1,Yes,No,No,No phone service,DSL,No,No,No,No,No,No,Month-to-month,Yes,Electronic check,24.8,Yes,1
7938-OUHIO,Male,0,No,No,Yes,No,Fiber optic,No,No,Yes,Yes,Yes,Yes,Month-to-month,Yes,Electronic check,98.7,Yes,3
7940-UQQUG,Female,0,Yes,Yes,Yes,Yes,Fiber optic,Yes,No,No,Yes,Yes,Yes,One year,Yes,Bank transfer (automatic),104.4,No,64
7943-RQCHR,Female,0,No,No,Yes,Yes,Fiber optic,No,No,No,No,Yes,Yes,Month-to-month,Yes,Electronic check,94.75,Yes,9
7945-HLKEA,Female,0,No,No,Yes,Yes,DSL,Yes,No,Yes,Yes,No,No,One year,No,Electronic check,64.75,No,60
7945-PRBVF,Male,0,No,No,Yes,No,No,No internet service,No internet service,No internet service,No internet service,No internet service,No internet service,Two year,No,Bank transfer (automatic),21.45,No,35
7951-QKZPL,Female,0,Yes,Yes,Yes,Yes,No,No internet service,No internet service,No internet service,No internet service,No internet service,No internet service,Two year,Yes,Mailed check,24.5,Yes,33
7951-VRDVK,Female,0,No,No,Yes,No,DSL,Yes,Yes,Yes,Yes,Yes,Yes,One year,No,Bank transfer (automatic),85.85,No,36
7954-MLBUN,Male,0,No,No,Yes,No,Fiber optic,No,No,Yes,Yes,Yes,Yes,Two year,No,Bank transfer (automatic),99.45,No,31
7956-XQWGU,Male,0,No,No,Yes,No,No,No internet service,No internet service,No internet service,No internet service,No internet service,No internet service,Month-to-month,Yes,Credit card (automatic),19.4,No,27
7957-RYHQD,Female,1,No,No,Yes,No,Fiber optic,Yes,Yes,No,No,No,No,Month-to-month,Yes,Credit card (automatic),79.2,Yes,40
7963-SHNDT,Female,0,No,No,No,No phone service,DSL,Yes,Yes,No,Yes,No,No,Two year,No,Mailed check,39.1,No,52
7964-VEXDG,Male,0,No,Yes,Yes,Yes,Fiber optic,Yes,No,No,No,No,No,Month-to-month,No,Electronic check,80.35,No,21
7964-YESJC,Female,0,Yes,No,Yes,Yes,DSL,Yes,Yes,Yes,No,No,No,Month-to-month,No,Mailed check,66.3,No,24
7964-ZRKKG,Male,0,Yes,No,Yes,Yes,Fiber optic,No,Yes,No,No,Yes,No,One year,Yes,Bank transfer (automatic),88.4,No,67
7968-QUXNS,Male,0,No,No,Yes,No,No,No internet service,No internet service,No internet service,No internet service,No internet service,No internet service,Month-to-month,No,Mailed check,18.95,No,6
7969-AULMZ,Female,0,No,No,Yes,Yes,Fiber optic,No,No,No,No,Yes,Yes,Month-to-month,Yes,Electronic check,97.35,Yes,21
7969-FFOWG,Male,0,Yes,Yes,Yes,No,No,No internet service,No internet service,No internet service,No internet service,No internet service,No internet service,Two year,No,Mailed check,19.9,No,65
7971-HLVXI,Male,0,Yes,Yes,Yes,Yes,Fiber optic,No,No,No,No,No,Yes,Two year,Yes,Credit card (automatic),84.5,No,72
7973-DZRKH,Female,0,No,Yes,Yes,Yes,Fiber optic,Yes,No,Yes,Yes,No,No,Two year,Yes,Credit card (automatic),90.95,No,66
7975-JMZNT,Male,0,Yes,No,Yes,Yes,DSL,Yes,Yes,Yes,Yes,Yes,Yes,Two year,No,Bank transfer (automatic),91.7,No,66
7976-CICYS,Male,0,No,No,Yes,No,No,No internet service,No internet service,No internet service,No internet service,No internet service,No internet service,Month-to-month,Yes,Credit card (automatic),20.7,No,4
7977-HXJKU,Male,0,No,Yes,Yes,No,No,No internet service,No internet service,No internet service,No internet service,No internet service,No internet service,Two year,No,Mailed check,19.6,No,21
7978-DKUQH,Female,0,Yes,No,Yes,No,Fiber optic,No,No,Yes,No,No,No,Month-to-month,Yes,Electronic check,74.6,No,25
7980-MHFLQ,Female,0,Yes,Yes,Yes,Yes,No,No internet service,No internet service,No internet service,No internet service,No internet service,No internet service,Two year,No,Mailed check,24.9,No,72
7982-VCELR,Female,0,No,No,Yes,No,Fiber optic,No,Yes,No,No,Yes,Yes,Month-to-month,Yes,Credit card (automatic),94.8,No,36
7989-CHGTL,Male,0,No,No,Yes,No,No,No internet service,No internet service,No internet service,No internet service,No internet service,No internet service,Month-to-month,Yes,Mailed check,19.6,Yes,1
7989-VCQOH,Male,0,Yes,Yes,Yes,No,DSL,Yes,No,Yes,Yes,Yes,Yes,Month-to-month,No,Electronic check,83.25,No,18
7993-PYKOF,Male,0,Yes,No,Yes,No,Fiber optic,Yes,No,No,No,No,No,Month-to-month,No,Electronic check,75.0,Yes,8
7994-UYIVZ,Male,0,Yes,No,Yes,Yes,Fiber optic,No,No,No,No,No,Yes,Month-to-month,Yes,Bank transfer (automatic),85.65,No,8
7997-EASSD,Female,0,Yes,No,Yes,Yes,Fiber optic,No,No,No,Yes,No,No,One year,Yes,Credit card (automatic),81.2,No,63
7998-WNZEM,Male,0,No,No,Yes,Yes,DSL,Yes,Yes,Yes,Yes,No,Yes,Two year,No,Bank transfer (automatic),80.6,No,71
7998-ZLXWN,Female,0,Yes,No,Yes,No,No,No internet service,No internet service,No internet service,No internet service,No internet service,No internet service,Month-to-month,No,Credit card (automatic),20.45,No,15
8003-EWNDZ,Female,0,No,No,Yes,No,No,No internet service,No internet service,No internet service,No internet service,No internet service,No internet service,Month-to-month,Yes,Electronic check,21.2,No,10
8006-PYCSW,Female,0,No,No,Yes,No,No,No internet service,No internet service,No internet service,No internet service,No internet service,No internet service,Month-to-month,No,Mailed check,20.1,No,2
8007-YYPWD,Female,0,No,No,Yes,Yes,No,No internet service,No internet service,No internet service,No internet service,No internet service,No internet service,Two year,No,Bank transfer (automatic),25.05,No,15
8008-ESFLK,Female,0,Yes,No,Yes,No,Fiber optic,Yes,Yes,Yes,Yes,Yes,Yes,One year,No,Electronic check,110.5,No,53
8008-HAWED,Male,0,No,No,No,No phone service,DSL,No,No,Yes,No,Yes,Yes,Month-to-month,Yes,Electronic check,50.75,Yes,14
8008-OTEZX,Female,0,Yes,Yes,Yes,No,No,No internet service,No internet service,No internet service,No internet service,No internet service,No internet service,One year,No,Mailed check,19.65,No,35
8010-EZLOU,Male,1,No,No,Yes,Yes,Fiber optic,No,Yes,No,No,No,No,Month-to-month,Yes,Electronic check,80.2,Yes,15
8012-SOUDQ,Female,1,No,No,Yes,Yes,Fiber optic,No,Yes,No,No,Yes,No,Month-to-month,Yes,Electronic check,90.25,No,43
8015-IHCGW,Female,0,Yes,Yes,Yes,Yes,Fiber optic,Yes,Yes,Yes,Yes,Yes,Yes,Two year,Yes,Electronic check,115.5,No,72
8016-NCFVO,Male,1,No,No,Yes,Yes,Fiber optic,Yes,Yes,Yes,Yes,Yes,Yes,Month-to-month,Yes,Electronic check,116.5,No,55
8016-ZMGMO,Female,1,Yes,No,Yes,Yes,DSL,No,Yes,Yes,No,Yes,No,One year,Yes,Bank transfer (automatic),70.85,No,66
8017-LXHFA,Female,1,No,No,Yes,No,Fiber optic,No,Yes,No,No,Yes,Yes,Month-to-month,Yes,Electronic check,94.75,Yes,23
8017-UVSZU,Female,0,Yes,No,Yes,Yes,DSL,No,Yes,No,No,No,No,Month-to-month,No,Credit card (automatic),56.6,No,40
8019-ENHXU,Male,0,Yes,No,Yes,Yes,Fiber optic,No,Yes,Yes,Yes,No,Yes,Month-to-month,Yes,Electronic check,99.45,Yes,42
8020-BWHYL,Female,1,No,No,Yes,No,Fiber optic,No,Yes,No,No,No,No,Month-to-month,Yes,Credit card (automatic),75.3,Yes,15
8022-BECSI,Male,0,No,No,Yes,No,No,No internet service,No internet service,No internet service,No internet service,No internet service,No internet service,One year,No,Mailed check,19.6,No,22
8023-QHAIO,Female,1,Yes,No,Yes,Yes,Fiber optic,No,No,No,Yes,No,No,Month-to-month,Yes,Bank transfer (automatic),76.85,No,56
8024-XNAFQ,Female,1,No,No,Yes,Yes,Fiber optic,Yes,Yes,Yes,Yes,No,Yes,Two year,Yes,Bank transfer (automatic),107.4,No,72
8028-PNXHQ,Male,0,Yes,Yes,Yes,Yes,No,No internet service,No internet service,No internet service,No internet service,No internet service,No internet service,Two year,Yes,Bank transfer (automatic),24.25,No,62
8029-XYPWT,Male,1,Yes,No,Yes,Yes,Fiber optic,Yes,Yes,Yes,Yes,Yes,Yes,Two year,Yes,Bank transfer (automatic),115.05,No,71
8033-ATFAS,Female,0,Yes,Yes,Yes,No,DSL,No,No,Yes,No,Yes,No,Month-to-month,Yes,Mailed check,59.85,No,39
8034-RYTVV,Female,0,No,No,Yes,Yes,Fiber optic,Yes,No,Yes,No,No,No,One year,Yes,Credit card (automatic),84.25,No,55
8035-BUYVG,Male,0,Yes,No,No,No phone service,DSL,Yes,Yes,Yes,No,No,No,One year,Yes,Electronic check,42.35,Yes,40
8035-PWSEV,Female,0,No,No,Yes,No,Fiber optic,No,No,Yes,Yes,No,Yes,Month-to-month,Yes,Electronic check,89.25,No,6
8039-ACLPL,Female,0,Yes,Yes,Yes,No,DSL,Yes,Yes,Yes,No,No,Yes,Two year,No,Credit card (automatic),68.75,No,72
8040-MNRTF,Female,0,No,No,Yes,No,Fiber optic,No,No,No,No,No,No,Month-to-month,No,Mailed check,71.1,No,1
8041-TMEID,Male,1,Yes,No,Yes,Yes,Fiber optic,Yes,Yes,Yes,No,Yes,Yes,Two year,No,Credit card (automatic),108.5,No,63
8042-JVNFH,Male,0,No,No,Yes,No,Fiber optic,No,No,No,No,No,No,Month-to-month,Yes,Mailed check,71.35,Yes,1
8043-PNYSD,Male,0,Yes,Yes,Yes,No,No,No internet service,No internet service,No internet service,No internet service,No internet service,No internet service,Two year,No,Mailed check,19.55,No,63
8044-BGWPI,Male,0,Yes,Yes,Yes,No,No,No internet service,No internet service,No internet service,No internet service,No internet service,No internet service,Month-to-month,Yes,Electronic check,21.15,No,12
8046-DNVTL,Male,0,Yes,No,No,No phone service,DSL,Yes,Yes,No,Yes,No,No,Two year,Yes,Credit card (automatic),38.6,No,62
8049-WJCLQ,Male,0,Yes,Yes,Yes,No,DSL,No,No,Yes,No,Yes,No,Month-to-month,No,Mailed check,60.2,No,10
8050-DVOJX,Male,1,No,No,Yes,Yes,DSL,Yes,Yes,Yes,Yes,No,Yes,Two year,No,Credit card (automatic),81.35,No,49
8050-WYBND,Female,0,No,Yes,No,No phone service,DSL,No,No,Yes,No,Yes,Yes,One year,Yes,Credit card (automatic),49.45,No,22
8050-XGRVL,Female,0,Yes,Yes,Yes,No,DSL,Yes,No,Yes,No,No,No,One year,No,Credit card (automatic),54.75,No,62
8051-HJRLT,Female,1,No,No,Yes,No,Fiber optic,No,No,No,No,No,No,Month-to-month,Yes,Electronic check,70.55,Yes,1
8053-WWDRO,Female,0,Yes,No,Yes,No,No,No internet service,No internet service,No internet service,No internet service,No internet service,No internet service,Month-to-month,No,Bank transfer (automatic),19.5,Yes,6
8058-DMYRU,Male,1,No,No,Yes,Yes,Fiber optic,No,Yes,No,No,No,Yes,Month-to-month,Yes,Electronic check,90.05,No,54
8058-INTPH,Female,0,No,No,Yes,No,Fiber optic,No,No,No,No,Yes,No,Month-to-month,Yes,Electronic check,79.65,Yes,1
8058-JMEQO,Female,1,No,No,Yes,Yes,Fiber optic,No,No,No,No,No,Yes,Month-to-month,Yes,Electronic check,84.45,Yes,9
8059-UDZFY,Female,1,No,Yes,Yes,Yes,Fiber optic,No,Yes,Yes,No,Yes,Yes,Month-to-month,Yes,Bank transfer (automatic),105.35,No,33
8060-HIWJJ,Male,0,No,No,Yes,Yes,DSL,No,Yes,Yes,Yes,Yes,Yes,Two year,No,Credit card (automatic),86.55,No,64
8063-GBATB,Female,1,No,No,Yes,Yes,Fiber optic,No,No,No,No,No,Yes,Month-to-month,Yes,Electronic check,85.25,Yes,27
8063-RJYNF,Male,0,No,No,Yes,No,Fiber optic,Yes,No,No,No,Yes,Yes,Month-to-month,Yes,Electronic check,94.25,Yes,16
8065-BVEPF,Male,1,No,No,Yes,No,Fiber optic,No,Yes,Yes,No,Yes,Yes,Month-to-month,Yes,Bank transfer (automatic),99.1,No,65
8065-QBYTO,Female,1,No,No,Yes,Yes,Fiber optic,Yes,Yes,No,Yes,Yes,No,One year,Yes,Credit card (automatic),99.65,No,71
8066-POXGX,Female,0,No,No,No,No phone service,DSL,No,No,No,No,No,Yes,Month-to-month,Yes,Electronic check,35.1,Yes,13
8067-NIOYM,Female,0,Yes,Yes,Yes,No,No,No internet service,No internet service,No internet service,No internet service,No internet service,No internet service,Two year,Yes,Credit card (automatic),21.1,No,24
8069-YQQAJ,Male,0,No,No,No,No phone service,DSL,No,Yes,No,No,No,No,Month-to-month,Yes,Mailed check,31.1,No,14
8070-AAWZP,Male,1,Yes,No,No,No phone service,DSL,No,No,Yes,Yes,No,No,Month-to-month,No,Mailed check,34.25,No,24
8071-SBTRN,Female,0,No,No,Yes,Yes,Fiber optic,Yes,Yes,Yes,No,Yes,Yes,Two year,Yes,Mailed check,111.15,No,70
8073-IJDCM,Female,0,No,No,Yes,No,No,No internet service,No internet service,No internet service,No internet service,No internet service,No internet service,Month-to-month,Yes,Mailed check,20.3,Yes,1
8075-GXIUB,Male,1,Yes,No,Yes,No,No,No internet service,No internet service,No internet service,No internet service,No internet service,No internet service,One year,No,Credit card (automatic),19.85,No,9
8076-FEZKJ,Male,0,No,No,Yes,No,No,No internet service,No internet service,No internet service,No internet service,No internet service,No internet service,One year,No,Mailed check,19.5,No,10
8080-DDEMJ,Male,1,No,No,Yes,No,DSL,No,No,No,No,No,No,Month-to-month,No,Electronic check,45.1,Yes,1
8080-POTJR,Female,0,No,No,Yes,Yes,DSL,Yes,No,Yes,No,Yes,Yes,One year,Yes,Credit card (automatic),79.3,No,30
8082-GHXOP,Male,0,No,Yes,Yes,No,DSL,No,No,No,No,No,No,Month-to-month,No,Mailed check,44.0,No,13
8084-OIVBS,Female,0,No,No,Yes,No,No,No internet service,No internet service,No internet service,No internet service,No internet service,No internet service,One year,No,Mailed check,20.0,No,11
8085-MSNLK,Female,0,Yes,No,Yes,Yes,Fiber optic,Yes,Yes,Yes,Yes,Yes,Yes,Two year,No,Mailed check,113.95,No,62
8086-OVPWV,Male,0,No,No,Yes,No,Fiber optic,No,No,No,No,No,Yes,Month-to-month,Yes,Electronic check,80.2,Yes,2
8089-UZWLX,Female,1,No,No,Yes,Yes,Fiber optic,No,No,Yes,No,Yes,Yes,Two year,No,Bank transfer (automatic),104.05,No,71
8092-NLTGF,Male,0,No,No,Yes,Yes,No,No internet service,No internet service,No internet service,No internet service,No internet service,No internet service,Two year,No,Bank transfer (automatic),24.75,No,72
8095-WANWK,Female,0,No,No,Yes,No,DSL,No,No,No,No,No,No,Month-to-month,No,Mailed check,45.25,No,10
8096-LOIST,Female,0,No,No,Yes,No,DSL,No,No,No,No,No,Yes,Month-to-month,Yes,Electronic check,56.2,No,19
8097-OMULG,Male,0,Yes,Yes,Yes,No,DSL,No,Yes,Yes,Yes,Yes,Yes,One year,No,Credit card (automatic),76.75,No,59
8097-VBQTZ,Male,0,No,No,Yes,No,DSL,Yes,Yes,No,Yes,Yes,No,Month-to-month,Yes,Mailed check,69.9,No,54
8099-MZPUJ,Male,0,Yes,Yes,Yes,Yes,Fiber optic,Yes,Yes,Yes,Yes,Yes,Yes,Two year,No,Credit card (automatic),111.8,No,48
8100-HZZLJ,Female,0,No,Yes,Yes,No,DSL,Yes,Yes,No,No,No,Yes,Month-to-month,Yes,Electronic check,63.95,No,43
8100-PNJMH,Male,0,Yes,Yes,Yes,Yes,DSL,Yes,Yes,Yes,Yes,Yes,Yes,Two year,Yes,Credit card (automatic),88.85,No,68
8104-OSKWT,Female,0,No,No,Yes,Yes,Fiber optic,Yes,No,No,No,No,No,Month-to-month,Yes,Electronic check,79.8,No,12
8106-GWQOK,Male,0,Yes,No,No,No phone service,DSL,Yes,Yes,No,Yes,Yes,Yes,Two year,Yes,Bank transfer (automatic),60.0,No,38
8107-RZLNV,Male,0,Yes,No,Yes,Yes,Fiber optic,No,Yes,Yes,No,Yes,Yes,Two year,Yes,Bank transfer (automatic),106.3,No,72
8108-UXRQN,Female,0,Yes,Yes,No,No phone service,DSL,Yes,No,No,No,Yes,Yes,Month-to-month,No,Electronic check,50.55,No,11
8109-YUOHE,Male,0,No,No,Yes,No,DSL,Yes,Yes,No,No,No,No,One year,No,Mailed check,56.1,No,17
8111-BKVDS,Female,0,No,No,No,No phone service,DSL,Yes,Yes,Yes,No,No,No,Month-to-month,No,Bank transfer (automatic),40.7,No,10
8111-SLLHI,Male,1,Yes,No,Yes,Yes,Fiber optic,No,Yes,Yes,No,Yes,Yes,Month-to-month,Yes,Electronic check,105.65,Yes,39
8118-LSUEL,Male,1,No,No,Yes,Yes,Fiber optic,No,Yes,Yes,No,Yes,Yes,Month-to-month,Yes,Electronic check,106.4,Yes,23
8118-TJAFG,Male,0,Yes,Yes,Yes,No,Fiber optic,No,Yes,No,Yes,Yes,Yes,Month-to-month,Yes,Electronic check,101.5,No,9
8120-JDCAM,Male,0,Yes,Yes,Yes,No,Fiber optic,No,No,No,No,No,No,Month-to-month,Yes,Mailed check,69.55,No,4
8123-QBNAZ,Female,0,Yes,Yes,Yes,Yes,Fiber optic,Yes,No,Yes,No,Yes,Yes,Month-to-month,Yes,Credit card (automatic),104.5,No,36
8128-YVJRG,Female,0,No,No,Yes,Yes,Fiber optic,Yes,No,No,No,No,No,Month-to-month,Yes,Mailed check,79.65,Yes,7
8129-GMVGI,Female,0,Yes,Yes,Yes,No,No,No internet service,No internet service,No internet service,No internet service,No internet service,No internet service,Two year,No,Mailed check,20.05,No,56
8133-ANHHJ,Female,1,No,No,Yes,Yes,Fiber optic,Yes,Yes,Yes,Yes,No,Yes,One year,No,Bank transfer (automatic),103.0,No,49
8138-EALND,Male,0,No,No,Yes,No,No,No internet service,No internet service,No internet service,No internet service,No internet service,No internet service,Month-to-month,No,Mailed check,19.75,No,15
8144-DGHXP,Female,0,No,No,Yes,No,DSL,Yes,No,Yes,Yes,Yes,Yes,Two year,No,Electronic check,80.6,No,54
8146-QQKZH,Female,0,Yes,No,Yes,No,DSL,Yes,No,Yes,Yes,Yes,Yes,Two year,No,Bank transfer (automatic),81.85,No,71
8148-WOCMK,Male,0,Yes,Yes,Yes,No,No,No internet service,No internet service,No internet service,No internet service,No internet service,No internet service,Two year,No,Credit card (automatic),19.6,No,8
8149-RSOUN,Female,0,No,No,Yes,Yes,Fiber optic,No,No,No,No,Yes,Yes,Month-to-month,Yes,Electronic check,93.85,Yes,1
8152-VETUR,Female,0,Yes,No,Yes,Yes,Fiber optic,No,Yes,No,No,Yes,Yes,Two year,Yes,Credit card (automatic),97.7,No,72
8155-IBNHG,Female,0,Yes,No,Yes,Yes,Fiber optic,No,No,No,No,No,No,Month-to-month,Yes,Credit card (automatic),75.4,Yes,24
8158-WPEZG,Male,0,No,No,No,No phone service,DSL,No,Yes,No,Yes,No,No,Month-to-month,Yes,Electronic check,35.65,No,11
8160-HOWOX,Female,0,No,No,Yes,No,DSL,No,No,No,No,Yes,Yes,Month-to-month,Yes,Electronic check,66.85,No,7
8161-QYMTT,Male,0,No,No,Yes,Yes,Fiber optic,No,No,No,No,Yes,Yes,Month-to-month,Yes,Electronic check,94.1,No,7
8164-OCKUJ,Female,0,Yes,Yes,Yes,No,No,No internet service,No internet service,No internet service,No internet service,No internet service,No internet service,Two year,No,Mailed check,20.6,No,59
8165-CBKXO,Male,0,Yes,Yes,No,No phone service,DSL,No,Yes,Yes,No,Yes,Yes,Two year,Yes,Credit card (automatic),56.75,No,66
8165-ZJRNM,Female,0,Yes,Yes,Yes,Yes,No,No internet service,No internet service,No internet service,No internet service,No internet service,No internet service,Two year,No,Bank transfer (automatic),23.75,No,72
8166-ORCHU,Male,1,Yes,No,Yes,No,Fiber optic,Yes,Yes,No,Yes,No,Yes,One year,Yes,Electronic check,93.55,No,33
8166-ZZTFS,Female,1,Yes,No,Yes,Yes,DSL,No,Yes,Yes,No,Yes,Yes,Two year,Yes,Bank transfer (automatic),80.55,Yes,66
8167-GJLRN,Male,0,No,No,No,No phone service,DSL,No,No,No,Yes,No,No,Month-to-month,No,Electronic check,30.4,No,3
8168-UQWWF,Female,0,No,No,Yes,Yes,Fiber optic,No,No,Yes,No,Yes,Yes,Month-to-month,Yes,Bank transfer (automatic),97.85,Yes,11
8169-SAEJD,Male,1,Yes,No,No,No phone service,DSL,Yes,Yes,No,No,Yes,Yes,Two year,No,Credit card (automatic),56.55,No,69
8173-RXAYP,Female,0,Yes,Yes,Yes,No,No,No internet service,No internet service,No internet service,No internet service,No internet service,No internet service,Two year,No,Mailed check,19.7,No,24
8174-LNWMW,Female,0,No,No,Yes,No,No,No internet service,No internet service,No internet service,No internet service,No internet service,No internet service,Two year,No,Credit card (automatic),20.9,No,31
8174-TBVCF,Female,0,Yes,No,Yes,Yes,DSL,Yes,Yes,Yes,Yes,Yes,Yes,Two year,Yes,Credit card (automatic),94.8,No,70
8178-EYZUO,Male,0,No,No,Yes,Yes,Fiber optic,Yes,Yes,No,No,No,Yes,Month-to-month,Yes,Electronic check,93.7,Yes,46
8180-AKMJV,Female,0,No,No,Yes,No,DSL,No,No,No,No,No,No,Month-to-month,Yes,Credit card (automatic),44.55,No,1
8181-YHCMF,Female,0,Yes,Yes,No,No phone service,DSL,No,Yes,Yes,Yes,Yes,Yes,Two year,No,Credit card (automatic),60.3,No,68
8182-BJDSI,Female,0,No,No,Yes,Yes,Fiber optic,No,Yes,No,No,No,Yes,Month-to-month,Yes,Electronic check,89.95,Yes,28
8182-PNAGI,Male,0,No,No,Yes,No,DSL,No,No,No,Yes,No,No,Month-to-month,No,Bank transfer (automatic),50.25,Yes,12
8183-ONMXC,Female,0,No,No,Yes,No,Fiber optic,No,No,No,No,No,Yes,Month-to-month,No,Electronic check,80.75,Yes,2
8184-WMOFI,Male,0,Yes,Yes,Yes,No,DSL,Yes,No,Yes,Yes,No,Yes,One year,No,Credit card (automatic),71.4,No,62
8185-UPYBR,Male,0,Yes,No,Yes,Yes,Fiber optic,No,No,No,No,No,No,Month-to-month,Yes,Electronic check,75.5,Yes,6
8189-DUKMV,Female,0,Yes,No,Yes,No,No,No internet service,No internet service,No internet service,No internet service,No internet service,No internet service,One year,No,Bank transfer (automatic),20.5,No,4
8189-HBVRW,Female,0,No,No,Yes,Yes,Fiber optic,Yes,Yes,Yes,No,No,No,Month-to-month,No,Electronic check,90.8,No,53
8189-XRIKE,Female,1,No,No,Yes,No,Fiber optic,No,No,No,No,Yes,Yes,Month-to-month,No,Electronic check,90.95,No,32
8190-ZTQFB,Male,0,No,No,No,No phone service,DSL,No,No,Yes,No,Yes,Yes,One year,Yes,Electronic check,51.35,No,41
8194-PEEBY,Female,0,Yes,Yes,Yes,No,No,No internet service,No internet service,No internet service,No internet service,No internet service,No internet service,One year,No,Mailed check,19.9,No,24
8200-KLNYW,Female,0,Yes,No,Yes,No,DSL,Yes,No,Yes,Yes,Yes,Yes,One year,No,Mailed check,80.9,No,21
8200-LGKSR,Male,0,Yes,No,Yes,Yes,DSL,Yes,No,Yes,Yes,Yes,Yes,Two year,No,Electronic check,83.2,No,71
8201-AAXCB,Male,0,Yes,Yes,Yes,Yes,DSL,No,No,No,No,Yes,No,Month-to-month,No,Electronic check,60.35,No,25
8203-XJZRC,Male,0,No,No,Yes,No,No,No internet service,No internet service,No internet service,No internet service,No internet service,No internet service,Month-to-month,No,Mailed check,20.25,No,1
8204-TIFGJ,Female,0,No,No,Yes,No,No,No internet service,No internet service,No internet service,No internet service,No internet service,No internet service,Month-to-month,Yes,Bank transfer (automatic),20.3,No,23
8204-YJCLA,Male,1,Yes,Yes,No,No phone service,DSL,Yes,Yes,Yes,Yes,Yes,Yes,Two year,Yes,Bank transfer (automatic),64.8,No,72
8205-MQUGY,Male,0,Yes,Yes,Yes,No,DSL,Yes,No,No,No,No,No,Month-to-month,Yes,Electronic check,49.2,No,12
8205-OTCHB,Male,0,No,No,No,No phone service,DSL,No,Yes,Yes,No,No,Yes,One year,Yes,Bank transfer (automatic),43.75,Yes,22
8205-VSLRB,Male,0,Yes,No,Yes,Yes,DSL,Yes,No,Yes,Yes,No,Yes,Two year,No,Credit card (automatic),77.3,No,70
8207-DMRVL,Male,0,Yes,Yes,Yes,Yes,Fiber optic,Yes,Yes,Yes,Yes,Yes,Yes,Two year,No,Bank transfer (automatic),114.55,No,72
8207-VVMYB,Female,0,Yes,No,Yes,Yes,No,No internet service,No internet service,No internet service,No internet service,No internet service,No internet service,Two year,Yes,Bank transfer (automatic),26.0,No,70
8208-EUMTE,Male,0,No,No,No,No phone service,DSL,Yes,Yes,Yes,Yes,Yes,No,Two year,No,Mailed check,54.85,No,16
8212-CRQXP,Female,0,Yes,No,Yes,No,Fiber optic,No,No,No,No,Yes,No,Month-to-month,Yes,Credit card (automatic),80.0,No,22
8212-DJRCH,Male,0,Yes,Yes,Yes,No,Fiber optic,Yes,No,Yes,No,No,Yes,Month-to-month,Yes,Mailed check,90.35,No,5
8213-TAZPM,Female,0,Yes,Yes,Yes,Yes,Fiber optic,No,Yes,Yes,Yes,Yes,Yes,One year,Yes,Bank transfer (automatic),108.75,No,69
8215-NGSPE,Female,0,Yes,Yes,Yes,No,No,No internet service,No internet service,No internet service,No internet service,No internet service,No internet service,Two year,No,Mailed check,20.0,No,42
8216-AZUUZ,Female,0,Yes,Yes,Yes,No,Fiber optic,No,No,Yes,Yes,Yes,Yes,Two year,Yes,Electronic check,100.4,No,42
8217-QYOHV,Male,0,No,No,Yes,No,DSL,Yes,No,No,Yes,No,No,Month-to-month,Yes,Mailed check,55.75,No,5
8218-FFJDS,Female,0,Yes,No,Yes,Yes,DSL,Yes,Yes,No,Yes,Yes,Yes,Two year,Yes,Bank transfer (automatic),86.4,No,72
8219-VYBVI,Male,0,No,Yes,Yes,Yes,No,No internet service,No internet service,No internet service,No internet service,No internet service,No internet service,Two year,No,Mailed check,25.0,No,39
8220-OCUFY,Female,0,No,No,Yes,No,DSL,Yes,No,Yes,Yes,No,No,One year,Yes,Electronic check,60.25,No,21
8221-EQDGL,Male,0,Yes,No,Yes,No,DSL,Yes,Yes,Yes,No,No,No,Month-to-month,No,Mailed check,61.0,No,35
8221-HVAYI,Male,0,Yes,Yes,Yes,Yes,DSL,Yes,Yes,Yes,Yes,No,No,Two year,Yes,Credit card (automatic),69.15,No,35
8224-DWCKX,Male,1,No,No,Yes,Yes,Fiber optic,No,No,No,No,No,No,Month-to-month,Yes,Credit card (automatic),73.3,No,12
8224-IVVPA,Female,0,No,No,Yes,No,DSL,Yes,Yes,No,No,No,No,Month-to-month,Yes,Mailed check,56.7,No,27
8224-KDLKN,Male,0,Yes,Yes,Yes,Yes,No,No internet service,No internet service,No internet service,No internet service,No internet service,No internet service,Two year,No,Bank transfer (automatic),25.0,No,72
8225-BTJAU,Male,1,No,No,Yes,No,Fiber optic,No,No,No,No,No,Yes,Month-to-month,Yes,Electronic check,79.25,Yes,10
8231-BSWXX,Male,0,No,No,Yes,Yes,Fiber optic,No,Yes,No,No,No,No,One year,Yes,Credit card (automatic),79.05,No,71
8232-UTFOZ,Male,0,No,No,Yes,No,No,No internet service,No internet service,No internet service,No internet service,No internet service,No internet service,Two year,No,Credit card (automatic),19.95,No,69
8237-ULIXL,Female,0,Yes,No,Yes,Yes,No,No internet service,No internet service,No internet service,No internet service,No internet service,No internet service,Two year,No,Credit card (automatic),24.85,No,72
8242-PDSGJ,Male,0,Yes,No,No,No phone service,DSL,Yes,No,Yes,Yes,No,No,Two year,Yes,Credit card (automatic),39.15,No,70
8242-SOQUO,Female,1,No,No,Yes,No,Fiber optic,No,Yes,No,No,Yes,No,Month-to-month,Yes,Electronic check,84.7,No,5
8246-SHFGA,Male,0,No,No,Yes,No,No,No internet service,No internet service,No internet service,No internet service,No internet service,No internet service,Month-to-month,No,Credit card (automatic),21.1,No,17
8249-THVEC,Male,0,Yes,Yes,Yes,No,No,No internet service,No internet service,No internet service,No internet service,No internet service,No internet service,One year,No,Mailed check,19.4,No,51
8250-ZNGGW,Female,1,No,No,Yes,No,DSL,Yes,Yes,No,Yes,No,No,Month-to-month,No,Credit card (automatic),59.9,No,5
8257-RZAHR,Female,0,Yes,No,Yes,Yes,DSL,Yes,No,No,No,Yes,No,Month-to-month,Yes,Bank transfer (automatic),64.7,Yes,14
8258-GSTJK,Male,1,No,No,Yes,Yes,Fiber optic,No,No,No,No,No,No,Month-to-month,Yes,Electronic check,77.0,Yes,3
8259-DZLIZ,Female,0,Yes,Yes,Yes,Yes,DSL,No,Yes,No,No,No,No,One year,Yes,Bank transfer (automatic),53.85,No,64
8259-NFJTV,Female,0,Yes,Yes,No,No phone service,DSL,Yes,No,No,Yes,No,No,Month-to-month,No,Mailed check,34.65,No,7
8260-NGFNY,Female,0,No,No,No,No phone service,DSL,No,No,No,No,No,No,Month-to-month,No,Mailed check,25.2,Yes,1
8262-COGGB,Male,0,No,No,Yes,No,No,No internet service,No internet service,No internet service,No internet service,No internet service,No internet service,Month-to-month,Yes,Mailed check,20.45,No,1
8263-JQAIK,Male,1,No,No,No,No phone service,DSL,No,No,No,No,No,No,Month-to-month,Yes,Mailed check,24.45,Yes,2
8263-OKETD,Female,0,No,No,Yes,Yes,DSL,No,Yes,No,Yes,No,Yes,Month-to-month,Yes,Credit card (automatic),68.9,No,20
8263-QMNTJ,Male,0,Yes,No,Yes,Yes,Fiber optic,Yes,Yes,Yes,Yes,Yes,Yes,Two year,Yes,Electronic check,115.55,No,72
8265-HKSOW,Female,0,Yes,Yes,Yes,Yes,Fiber optic,Yes,Yes,Yes,Yes,No,Yes,Two year,No,Credit card (automatic),107.45,No,72
8266-VBFQL,Male,0,No,No,Yes,No,Fiber optic,No,No,Yes,Yes,No,Yes,Month-to-month,Yes,Electronic check,90.4,No,4
8267-KFGYD,Male,0,No,Yes,Yes,No,No,No internet service,No internet service,No internet service,No internet service,No internet service,No internet service,Month-to-month,Yes,Mailed check,21.05,No,1
8267-ZNYVZ,Female,0,Yes,No,Yes,No,Fiber optic,Yes,No,Yes,Yes,Yes,Yes,One year,Yes,Electronic check,103.75,Yes,33
8270-RKSAP,Male,0,No,No,Yes,No,Fiber optic,No,No,No,No,No,No,Month-to-month,Yes,Electronic check,70.5,No,9
8272-ONJLV,Male,0,No,No,Yes,No,Fiber optic,No,No,Yes,No,Yes,Yes,One year,No,Electronic check,95.7,No,12
8277-RVRSV,Female,0,Yes,Yes,Yes,Yes,No,No internet service,No internet service,No internet service,No internet service,No internet service,No internet service,One year,No,Credit card (automatic),24.15,No,33
8280-MQRQN,Female,0,No,No,Yes,No,DSL,No,No,Yes,No,No,No,Month-to-month,Yes,Mailed check,50.45,Yes,1
8285-ABVLB,Female,0,Yes,No,Yes,No,No,No internet service,No internet service,No internet service,No internet service,No internet service,No internet service,Two year,No,Credit card (automatic),19.85,No,70
8290-YWKHZ,Female,1,Yes,No,Yes,Yes,Fiber optic,No,No,No,No,Yes,Yes,Month-to-month,Yes,Electronic check,93.2,Yes,32
8292-FRFZQ,Female,0,No,No,No,No phone service,DSL,Yes,Yes,No,Yes,No,No,One year,No,Bank transfer (automatic),41.15,No,39
8292-TYSPY,Male,0,No,No,Yes,No,DSL,No,No,Yes,Yes,No,No,Month-to-month,Yes,Credit card (automatic),55.0,Yes,19
8295-FHIVV,Male,0,No,No,Yes,No,No,No internet service,No internet service,No internet service,No internet service,No internet service,No internet service,Month-to-month,Yes,Mailed check,19.4,No,7
8295-KMENE,Female,0,Yes,Yes,Yes,Yes,DSL,Yes,No,Yes,Yes,Yes,No,Two year,Yes,Mailed check,76.45,No,59
8305-VHZBZ,Male,0,No,No,Yes,No,No,No internet service,No internet service,No internet service,No internet service,No internet service,No internet service,Month-to-month,Yes,Mailed check,20.2,Yes,1
8309-PPCED,Female,0,Yes,No,Yes,Yes,Fiber optic,No,Yes,Yes,Yes,Yes,Yes,Two year,Yes,Bank transfer (automatic),110.45,No,72
8311-UEUAB,Female,0,Yes,Yes,Yes,Yes,DSL,Yes,No,No,No,Yes,Yes,Two year,Yes,Electronic check,75.5,No,67
8313-AFGBW,Male,0,Yes,No,Yes,No,DSL,No,Yes,Yes,No,Yes,Yes,Two year,No,Electronic check,73.6,No,47
8313-KTIHG,Male,0,No,No,Yes,No,DSL,No,No,No,Yes,Yes,No,Month-to-month,Yes,Electronic check,61.3,No,4
8313-NDOIA,Female,0,No,No,Yes,Yes,Fiber optic,No,Yes,Yes,No,Yes,Yes,Month-to-month,Yes,Electronic check,104.15,No,24
8314-DPQHL,Male,0,No,No,No,No phone service,DSL,Yes,No,Yes,Yes,No,Yes,One year,No,Mailed check,50.8,No,9
8314-HTWVE,Female,0,Yes,Yes,Yes,No,No,No internet service,No internet service,No internet service,No internet service,No internet service,No internet service,Two year,No,Mailed check,19.85,No,7
8316-BBQAY,Female,0,No,No,No,No phone service,DSL,Yes,No,Yes,Yes,Yes,Yes,Two year,No,Credit card (automatic),59.95,No,65
8317-BVKSO,Male,0,No,No,Yes,No,No,No internet service,No internet service,No internet service,No internet service,No internet service,No internet service,Month-to-month,Yes,Electronic check,20.05,No,14
8318-LCNBW,Male,0,Yes,No,No,No phone service,DSL,Yes,No,Yes,No,Yes,Yes,One year,No,Credit card (automatic),53.15,No,35
8325-QRPZR,Female,0,No,No,Yes,No,Fiber optic,No,No,Yes,No,No,No,Month-to-month,Yes,Electronic check,75.15,No,7
8327-LZKAS,Female,1,Yes,No,Yes,Yes,Fiber optic,No,No,Yes,Yes,Yes,Yes,One year,Yes,Electronic check,107.55,Yes,43
8329-GWVPJ,Female,0,Yes,Yes,Yes,No,Fiber optic,No,No,No,No,No,No,Month-to-month,Yes,Bank transfer (automatic),69.75,No,50
8329-IBCTI,Female,0,No,No,Yes,No,No,No internet service,No internet service,No internet service,No internet service,No internet service,No internet service,Month-to-month,No,Mailed check,19.65,Yes,1
8331-ZXFOE,Female,0,No,No,Yes,Yes,DSL,Yes,Yes,Yes,Yes,No,No,One year,Yes,Credit card (automatic),71.1,No,58
8332-OSJDW,Male,0,Yes,Yes,Yes,Yes,No,No internet service,No internet service,No internet service,No internet service,No internet service,No internet service,One year,No,Mailed check,26.4,No,12
8337-MSSXB,Female,0,No,No,Yes,No,Fiber optic,No,Yes,No,No,No,Yes,Month-to-month,Yes,Electronic check,86.3,Yes,14
8337-UPOAQ,Male,1,Yes,No,Yes,Yes,Fiber optic,No,No,Yes,No,No,Yes,Month-to-month,Yes,Electronic check,89.8,Yes,10
8338-QIUNR,Male,0,Yes,Yes,Yes,Yes,DSL,Yes,No,Yes,Yes,No,No,Two year,Yes,Credit card (automatic),66.5,No,72
8347-GDTMP,Female,0,Yes,No,Yes,No,No,No internet service,No internet service,No internet service,No internet service,No internet service,No internet service,Two year,No,Credit card (automatic),19.45,No,64
8348-HFYIV,Male,0,No,No,No,No phone service,DSL,No,No,Yes,No,Yes,Yes,Month-to-month,Yes,Electronic check,49.25,Yes,2
8348-JLBUG,Male,1,Yes,No,Yes,No,Fiber optic,Yes,No,Yes,No,No,No,One year,No,Credit card (automatic),80.3,No,64
8350-NYMVI,Female,0,No,No,No,No phone service,DSL,No,Yes,Yes,Yes,No,No,Month-to-month,No,Bank transfer (automatic),41.1,No,39
8357-EQXFO,Female,0,No,No,Yes,No,Fiber optic,No,No,Yes,No,Yes,Yes,Month-to-month,Yes,Electronic check,95.35,Yes,7
8361-LBRDI,Female,0,No,No,Yes,Yes,No,No internet service,No internet service,No internet service,No internet service,No internet service,No internet service,Two year,No,Credit card (automatic),24.35,No,58
8364-TRMMK,Female,0,No,No,Yes,Yes,DSL,No,No,No,No,No,No,Month-to-month,Yes,Mailed check,50.65,Yes,3
8374-UULRV,Male,0,No,No,Yes,Yes,DSL,Yes,Yes,No,Yes,Yes,Yes,Two year,No,Credit card (automatic),86.05,No,72
8374-XGEJJ,Male,1,Yes,No,Yes,Yes,Fiber optic,No,Yes,No,No,Yes,Yes,Month-to-month,Yes,Electronic check,101.0,Yes,43
8375-DKEBR,Female,1,No,No,Yes,No,Fiber optic,No,No,No,No,No,No,Month-to-month,Yes,Electronic check,69.6,Yes,1
8375-KVTHK,Male,0,Yes,No,Yes,No,Fiber optic,No,Yes,No,Yes,Yes,Yes,One year,Yes,Electronic check,100.3,No,68
8378-LKJAF,Male,0,Yes,Yes,Yes,Yes,Fiber optic,No,No,Yes,No,Yes,Yes,Month-to-month,Yes,Credit card (automatic),101.15,No,38
8380-MQINP,Female,0,Yes,Yes,Yes,No,No,No internet service,No internet service,No internet service,No internet service,No internet service,No internet service,Two year,No,Mailed check,20.3,No,55
8382-SHQEH,Female,0,Yes,No,Yes,Yes,Fiber optic,No,No,No,No,No,Yes,Month-to-month,Yes,Electronic check,84.9,Yes,8
8383-SGHJU,Female,0,No,No,Yes,Yes,DSL,Yes,No,No,Yes,No,No,One year,No,Electronic check,59.4,No,33
8384-FZBJK,Female,0,Yes,Yes,Yes,Yes,Fiber optic,No,Yes,No,No,Yes,Yes,Month-to-month,Yes,Electronic check,100.6,No,57
8387-MOJJT,Female,0,Yes,Yes,Yes,No,Fiber optic,No,No,No,No,Yes,No,Month-to-month,Yes,Credit card (automatic),77.95,Yes,42
8387-UGUSU,Female,0,Yes,Yes,Yes,No,No,No internet service,No internet service,No internet service,No internet service,No internet service,No internet service,Month-to-month,No,Mailed check,20.05,No,15
8388-FYNPZ,Male,0,No,No,Yes,No,DSL,Yes,No,Yes,No,No,No,Month-to-month,No,Electronic check,56.75,No,4
8393-DLHGA,Male,0,No,Yes,Yes,No,Fiber optic,No,Yes,No,No,Yes,Yes,Month-to-month,Yes,Electronic check,95.9,Yes,25
8393-JMVMB,Male,0,No,No,Yes,No,No,No internet service,No internet service,No internet service,No internet service,No internet service,No internet service,Month-to-month,No,Mailed check,19.45,No,1
8395-ETZKQ,Male,1,Yes,Yes,Yes,No,No,No internet service,No internet service,No internet service,No internet service,No internet service,No internet service,One year,No,Bank transfer (automatic),19.5,No,68
8398-TBIYD,Female,0,No,No,Yes,Yes,Fiber optic,Yes,No,No,Yes,No,No,Two year,Yes,Bank transfer (automatic),84.7,No,72
8399-YNDCH,Male,1,No,No,Yes,No,DSL,No,No,Yes,No,Yes,No,Month-to-month,Yes,Bank transfer (automatic),60.05,Yes,21
8400-WZICQ,Female,0,Yes,Yes,Yes,No,DSL,Yes,Yes,No,No,No,No,Month-to-month,No,Electronic check,55.7,No,55
8404-FYDIB,Male,0,No,No,Yes,Yes,Fiber optic,Yes,Yes,No,No,No,No,Month-to-month,Yes,Credit card (automatic),86.65,No,26
8404-GFGCZ,Male,0,Yes,No,Yes,Yes,DSL,No,No,Yes,No,Yes,No,Month-to-month,No,Electronic check,65.6,No,4
8404-VLQFB,Female,0,Yes,Yes,Yes,Yes,No,No internet service,No internet service,No internet service,No internet service,No internet service,No internet service,Month-to-month,Yes,Electronic check,25.25,No,15
8405-IGQFX,Female,0,No,No,Yes,No,Fiber optic,No,No,Yes,Yes,Yes,No,One year,Yes,Credit card (automatic),90.05,No,63
8406-LNMHF,Male,1,Yes,No,Yes,No,Fiber optic,Yes,Yes,Yes,No,No,No,One year,Yes,Credit card (automatic),82.95,No,59
8409-WQJUX,Female,0,No,No,No,No phone service,DSL,No,No,Yes,Yes,Yes,Yes,One year,No,Electronic check,54.2,No,25
8410-BGQXN,Male,0,No,No,Yes,No,No,No internet service,No internet service,No internet service,No internet service,No internet service,No internet service,Month-to-month,No,Mailed check,19.4,No,4
8413-YNHNV,Male,0,No,No,Yes,Yes,DSL,Yes,Yes,Yes,Yes,Yes,Yes,Two year,No,Mailed check,90.65,No,69
8414-MYSHR,Male,1,No,No,Yes,No,Fiber optic,No,No,No,No,Yes,Yes,Month-to-month,Yes,Electronic check,91.4,Yes,5
8414-OOEEL,Male,0,No,Yes,Yes,No,DSL,No,Yes,Yes,Yes,Yes,Yes,Two year,Yes,Credit card (automatic),79.5,No,66
8417-FMLZI,Male,0,Yes,Yes,Yes,No,Fiber optic,No,Yes,No,No,No,Yes,Month-to-month,Yes,Credit card (automatic),83.55,Yes,6
8417-GSODA,Male,0,Yes,Yes,Yes,Yes,Fiber optic,No,No,No,No,Yes,Yes,One year,No,Bank transfer (automatic),92.2,No,28
8421-WZOOW,Female,1,Yes,Yes,Yes,No,Fiber optic,No,Yes,Yes,Yes,Yes,No,Month-to-month,Yes,Credit card (automatic),95.3,No,57
8429-XIBUM,Male,0,No,No,Yes,Yes,Fiber optic,Yes,No,No,No,Yes,Yes,Month-to-month,Yes,Bank transfer (automatic),101.35,Yes,22
8430-TWCBX,Female,0,Yes,No,Yes,No,No,No internet service,No internet service,No internet service,No internet service,No internet service,No internet service,One year,No,Credit card (automatic),20.7,No,49
8433-WPJTV,Female,1,Yes,Yes,Yes,Yes,Fiber optic,No,No,Yes,Yes,Yes,Yes,One year,Yes,Bank transfer (automatic),103.9,No,65
8433-WXGNA,Male,0,No,No,Yes,No,Fiber optic,Yes,No,No,No,No,No,Month-to-month,Yes,Electronic check,75.7,Yes,2
8434-VGEQQ,Male,0,Yes,Yes,Yes,No,No,No internet service,No internet service,No internet service,No internet service,No internet service,No internet service,Two year,No,Credit card (automatic),20.55,No,61
8436-BJUMM,Male,0,Yes,Yes,Yes,Yes,Fiber optic,No,No,No,No,Yes,No,Month-to-month,Yes,Electronic check,83.75,Yes,26
8439-LTUGF,Male,0,No,No,Yes,No,No,No internet service,No internet service,No internet service,No internet service,No internet service,No internet service,Month-to-month,Yes,Credit card (automatic),20.0,No,10
8441-SHIPE,Female,0,No,No,Yes,Yes,No,No internet service,No internet service,No internet service,No internet service,No internet service,No internet service,Two year,Yes,Bank transfer (automatic),25.6,No,67
8443-WVPSS,Male,0,Yes,No,Yes,No,Fiber optic,No,Yes,No,Yes,Yes,Yes,Month-to-month,Yes,Electronic check,99.85,Yes,10
8443-ZRDBZ,Male,0,No,No,Yes,Yes,Fiber optic,No,No,No,No,No,No,Month-to-month,Yes,Electronic check,76.05,Yes,4
8444-WRIDW,Female,1,No,No,Yes,Yes,Fiber optic,No,Yes,No,No,No,No,Month-to-month,Yes,Credit card (automatic),80.45,Yes,66
8445-DNBAE,Male,0,No,Yes,Yes,Yes,DSL,No,No,No,No,No,No,Month-to-month,Yes,Electronic check,50.05,No,1
8450-JOVAH,Male,0,Yes,Yes,Yes,Yes,DSL,Yes,No,No,No,No,No,Month-to-month,No,Mailed check,56.7,Yes,2
8450-LUGUK,Female,0,Yes,Yes,Yes,Yes,No,No internet service,No internet service,No internet service,No internet service,No internet service,No internet service,Two year,Yes,Bank transfer (automatic),24.1,No,37
8450-UYIBU,Female,1,No,No,No,No phone service,DSL,No,No,Yes,No,Yes,No,Month-to-month,Yes,Electronic check,39.85,No,35
8455-HIRAQ,Female,0,No,No,Yes,No,DSL,No,No,No,No,No,No,Month-to-month,No,Mailed check,44.45,No,8
8456-QDAVC,Male,0,No,No,Yes,No,Fiber optic,No,No,No,No,Yes,No,Month-to-month,Yes,Bank transfer (automatic),78.7,No,19
8457-XIGKN,Male,0,No,No,Yes,No,No,No internet service,No internet service,No internet service,No internet service,No internet service,No internet service,Month-to-month,Yes,Credit card (automatic),19.6,No,20
8461-EFQYM,Female,0,No,No,Yes,Yes,No,No internet service,No internet service,No internet service,No internet service,No internet service,No internet service,One year,Yes,Electronic check,24.25,No,38
8464-EETCQ,Male,0,No,No,Yes,No,No,No internet service,No internet service,No internet service,No internet service,No internet service,No internet service,Two year,No,Credit card (automatic),18.8,No,57
8465-SBRXP,Male,0,Yes,Yes,Yes,Yes,Fiber optic,No,No,Yes,Yes,Yes,No,Two year,Yes,Bank transfer (automatic),94.9,No,38
8466-PZBLH,Male,0,Yes,Yes,Yes,Yes,Fiber optic,Yes,No,No,Yes,Yes,Yes,Two year,No,Bank transfer (automatic),104.6,No,67
8467-WYNSR,Male,0,No,No,Yes,No,DSL,Yes,No,No,Yes,No,No,Month-to-month,No,Mailed check,55.1,No,22
8468-EHYJA,Female,0,Yes,No,Yes,Yes,Fiber optic,Yes,No,No,No,Yes,Yes,Month-to-month,Yes,Electronic check,99.65,No,57
8468-FZTOE,Female,0,Yes,Yes,Yes,No,DSL,Yes,Yes,Yes,Yes,No,Yes,Two year,Yes,Electronic check,74.35,No,72
8473-VUVJN,Male,1,No,No,Yes,Yes,Fiber optic,No,No,No,No,No,No,Month-to-month,Yes,Electronic check,73.65,Yes,1
8474-UMLNT,Female,0,No,No,Yes,No,DSL,Yes,Yes,No,Yes,No,Yes,Month-to-month,No,Bank transfer (automatic),67.8,No,13
8481-YYXWG,Female,0,No,No,Yes,No,Fiber optic,No,Yes,No,Yes,No,Yes,Month-to-month,Yes,Electronic check,89.35,Yes,5
8490-BXHEO,Male,1,No,No,Yes,Yes,Fiber optic,No,Yes,No,No,No,No,Month-to-month,Yes,Credit card (automatic),80.55,No,18
8495-LJDFO,Female,1,No,No,Yes,Yes,Fiber optic,Yes,No,Yes,Yes,Yes,Yes,Month-to-month,Yes,Bank transfer (automatic),108.95,No,64
8495-PRWFH,Female,1,No,No,Yes,Yes,DSL,No,No,Yes,No,No,No,Month-to-month,No,Electronic check,55.65,No,42
8496-DMZUK,Male,0,No,No,Yes,Yes,Fiber optic,Yes,Yes,Yes,No,No,No,One year,No,Bank transfer (automatic),90.4,No,30
8496-EJAUI,Male,0,No,No,Yes,No,Fiber optic,No,Yes,No,No,No,No,Month-to-month,Yes,Credit card (automatic),73.85,Yes,19
8498-XXGWA,Female,0,Yes,No,Yes,No,DSL,Yes,No,Yes,No,No,No,Month-to-month,Yes,Mailed check,55.15,No,65
8499-BRXTD,Male,0,No,No,Yes,No,No,No internet service,No internet service,No internet service,No internet service,No internet service,No internet service,One year,No,Mailed check,20.1,No,18
8510-BBWMU,Female,0,No,No,Yes,No,No,No internet service,No internet service,No internet service,No internet service,No internet service,No internet service,One year,Yes,Mailed check,19.75,No,41
8510-TMWYB,Female,0,Yes,Yes,Yes,Yes,DSL,No,Yes,Yes,No,No,No,Two year,Yes,Bank transfer (automatic),59.8,No,54
8512-WIWYV,Male,0,No,No,Yes,No,No,No internet service,No internet service,No internet service,No internet service,No internet service,No internet service,One year,No,Credit card (automatic),20.35,No,32
8513-OLYGY,Male,0,Yes,No,Yes,Yes,Fiber optic,Yes,Yes,Yes,Yes,Yes,Yes,Two year,No,Credit card (automatic),115.8,No,72
8514-VZHEB,Male,0,Yes,Yes,Yes,No,No,No internet service,No internet service,No internet service,No internet service,No internet service,No internet service,Two year,No,Mailed check,19.5,No,59
8515-OCTJS,Female,0,No,No,Yes,Yes,No,No internet service,No internet service,No internet service,No internet service,No internet service,No internet service,Two year,No,Credit card (automatic),24.75,Yes,25
8519-QJGJD,Female,0,No,No,Yes,No,Fiber optic,No,No,Yes,No,No,No,Month-to-month,No,Electronic check,75.35,Yes,14
8532-UEFWH,Male,0,Yes,Yes,Yes,Yes,No,No internet service,No internet service,No internet service,No internet service,No internet service,No internet service,Two year,No,Mailed check,25.75,No,52
8535-SFUTN,Male,0,No,No,Yes,Yes,Fiber optic,Yes,No,Yes,No,Yes,Yes,Month-to-month,Yes,Electronic check,106.45,No,61
8540-ZQGEA,Female,0,Yes,No,Yes,No,No,No internet service,No internet service,No internet service,No internet service,No internet service,No internet service,Two year,No,Credit card (automatic),20.05,No,54
8543-MSDMF,Male,0,No,No,Yes,No,DSL,Yes,No,Yes,No,Yes,Yes,Month-to-month,Yes,Electronic check,77.4,No,3
8544-GOQSH,Female,0,No,No,Yes,No,Fiber optic,No,Yes,No,Yes,No,No,Month-to-month,Yes,Credit card (automatic),80.05,No,14
8544-JNBOX,Male,0,No,No,Yes,No,No,No internet service,No internet service,No internet service,No internet service,No internet service,No internet service,Two year,Yes,Mailed check,20.8,No,72
8547-NSBBO,Male,0,No,No,Yes,Yes,Fiber optic,Yes,Yes,Yes,Yes,No,No,Month-to-month,Yes,Mailed check,96.75,No,35
8548-AWOFC,Male,0,Yes,No,Yes,Yes,DSL,No,No,No,Yes,No,Yes,Month-to-month,No,Electronic check,63.85,No,66
8550-XSXUQ,Male,0,Yes,No,Yes,Yes,DSL,No,Yes,Yes,No,No,Yes,One year,Yes,Credit card (automatic),70.55,No,48
8552-OBVRU,Female,1,Yes,Yes,Yes,No,Fiber optic,Yes,No,Yes,Yes,Yes,Yes,Month-to-month,Yes,Electronic check,104.5,No,48
8559-CIZFV,Male,0,Yes,Yes,Yes,Yes,DSL,Yes,Yes,No,Yes,Yes,No,One year,No,Mailed check,77.5,Yes,21
8559-WNQZS,Male,0,No,No,Yes,No,No,No internet service,No internet service,No internet service,No internet service,No internet service,No internet service,Two year,No,Mailed check,20.45,No,1
8561-NMTBD,Female,0,Yes,Yes,Yes,Yes,Fiber optic,No,Yes,Yes,Yes,Yes,Yes,One year,Yes,Credit card (automatic),112.35,No,67
8562-GHPPI,Female,0,No,No,Yes,No,No,No internet service,No internet service,No internet service,No internet service,No internet service,No internet service,Month-to-month,No,Credit card (automatic),19.8,No,1
8563-IIOXK,Male,0,Yes,Yes,Yes,No,DSL,Yes,No,No,No,No,No,One year,Yes,Electronic check,49.75,Yes,7
8563-OYMQY,Male,0,No,No,Yes,No,Fiber optic,No,Yes,Yes,No,No,Yes,Month-to-month,Yes,Credit card (automatic),90.95,No,17
8564-LDKFL,Male,0,Yes,No,Yes,Yes,Fiber optic,No,Yes,Yes,No,Yes,Yes,One year,Yes,Bank transfer (automatic),106.0,No,40
8565-CLBZW,Male,0,No,No,Yes,Yes,Fiber optic,No,No,Yes,No,Yes,No,Month-to-month,Yes,Mailed check,89.85,Yes,24
8565-HBFNN,Male,0,Yes,No,Yes,Yes,Fiber optic,Yes,Yes,Yes,Yes,No,Yes,One year,Yes,Credit card (automatic),107.2,No,69
8565-WUXZU,Male,1,Yes,No,Yes,No,Fiber optic,Yes,Yes,No,Yes,No,No,Two year,Yes,Credit card (automatic),84.8,No,72
8570-KLJYJ,Female,0,No,No,Yes,Yes,DSL,Yes,No,No,No,No,No,One year,No,Mailed check,54.45,No,36
8571-ZCMCX,Female,0,Yes,Yes,No,No phone service,DSL,Yes,Yes,Yes,No,Yes,Yes,Two year,Yes,Credit card (automatic),60.0,No,47
8573-CGOCC,Male,0,No,No,Yes,No,No,No internet service,No internet service,No internet service,No internet service,No internet service,No internet service,Month-to-month,No,Credit card (automatic),19.75,No,16
8573-JGCZW,Male,0,No,No,Yes,No,No,No internet service,No internet service,No internet service,No internet service,No internet service,No internet service,One year,Yes,Bank transfer (automatic),19.65,No,17
8580-AECUZ,Male,1,No,No,Yes,No,Fiber optic,No,No,No,No,Yes,No,Month-to-month,Yes,Electronic check,79.1,Yes,1
8582-KRHPJ,Male,0,No,No,No,No phone service,DSL,Yes,Yes,No,No,No,No,Month-to-month,Yes,Mailed check,35.0,No,50
8584-KMVXD,Female,0,No,No,Yes,No,Fiber optic,No,Yes,No,No,No,No,Month-to-month,No,Electronic check,75.6,No,8
8587-XYZSF,Male,0,No,No,Yes,No,DSL,No,No,No,Yes,No,No,Two year,No,Bank transfer (automatic),50.55,No,67
8590-OHDIW,Female,0,Yes,Yes,Yes,No,No,No internet service,No internet service,No internet service,No internet service,No internet service,No internet service,One year,No,Mailed check,20.3,No,38
8590-YFFQO,Male,0,Yes,No,Yes,No,DSL,Yes,Yes,Yes,Yes,No,No,Two year,No,Credit card (automatic),64.95,No,70
8591-NXRCV,Female,0,No,No,Yes,Yes,DSL,Yes,No,Yes,Yes,No,Yes,Month-to-month,Yes,Bank transfer (automatic),74.65,No,41
8591-TKMZH,Male,0,Yes,Yes,Yes,Yes,Fiber optic,Yes,Yes,No,Yes,Yes,Yes,Two year,Yes,Mailed check,111.1,No,59
8592-PLTMQ,Female,0,No,No,Yes,Yes,No,No internet service,No internet service,No internet service,No internet service,No internet service,No internet service,One year,No,Mailed check,24.7,No,64
8593-WHYHV,Male,0,No,No,Yes,Yes,Fiber optic,No,No,No,No,No,Yes,Month-to-month,Yes,Electronic check,85.3,Yes,3
8595-SIZNC,Female,1,Yes,No,Yes,Yes,No,No internet service,No internet service,No internet service,No internet service,No internet service,No internet service,One year,No,Bank transfer (automatic),25.6,No,22
8597-CTXVJ,Male,0,No,Yes,Yes,Yes,DSL,Yes,Yes,No,Yes,No,No,One year,No,Bank transfer (automatic),64.95,No,70
8597-CWYHH,Male,0,No,No,Yes,Yes,Fiber optic,No,No,No,No,Yes,Yes,One year,No,Mailed check,94.35,No,43
8601-QACRS,Female,0,No,No,Yes,Yes,DSL,No,No,No,No,No,No,Month-to-month,Yes,Mailed check,50.6,Yes,5
8605-ITULD,Female,0,No,No,Yes,No,No,No internet service,No internet service,No internet service,No internet service,No internet service,No internet service,Month-to-month,No,Mailed check,19.55,No,1
8606-CIQUL,Male,1,Yes,Yes,Yes,Yes,Fiber optic,Yes,Yes,Yes,Yes,Yes,Yes,Two year,Yes,Credit card (automatic),115.75,No,72
8606-OEGQZ,Female,0,No,Yes,Yes,Yes,No,No internet service,No internet service,No internet service,No internet service,No internet service,No internet service,Two year,No,Credit card (automatic),25.3,No,18
8608-OZTLB,Male,0,Yes,Yes,Yes,No,DSL,Yes,Yes,Yes,Yes,Yes,No,One year,No,Electronic check,74.05,No,38
8610-WFCJF,Female,0,Yes,Yes,Yes,Yes,Fiber optic,No,No,No,No,Yes,Yes,Month-to-month,Yes,Electronic check,95.6,Yes,49
8610-ZIKJJ,Female,0,Yes,Yes,Yes,No,No,No internet service,No internet service,No internet service,No internet service,No internet service,No internet service,One year,No,Mailed check,20.3,No,2
8612-GXIDD,Male,0,Yes,Yes,Yes,Yes,No,No internet service,No internet service,No internet service,No internet service,No internet service,No internet service,Two year,Yes,Bank transfer (automatic),25.4,No,12
8614-VGMMV,Female,0,No,No,Yes,Yes,DSL,No,No,No,No,No,No,Month-to-month,Yes,Electronic check,49.1,Yes,15
8619-IJNDK,Female,0,Yes,Yes,Yes,No,DSL,Yes,Yes,Yes,Yes,No,No,Two year,No,Credit card (automatic),64.05,No,71
8620-RJPZN,Female,0,No,No,Yes,No,No,No internet service,No internet service,No internet service,No internet service,No internet service,No internet service,Month-to-month,No,Electronic check,20.7,No,1
8621-MNIHH,Female,1,Yes,No,Yes,Yes,Fiber optic,No,Yes,Yes,No,No,Yes,Month-to-month,Yes,Electronic check,94.25,Yes,34
8622-ZLFKO,Female,0,Yes,No,Yes,Yes,Fiber optic,No,Yes,No,No,No,Yes,Month-to-month,Yes,Electronic check,90.75,No,6
8623-TMRBY,Male,1,Yes,Yes,Yes,Yes,Fiber optic,No,Yes,Yes,No,No,No,Month-to-month,Yes,Electronic check,84.2,Yes,51
8623-ULFNQ,Female,1,No,No,Yes,Yes,DSL,No,No,No,Yes,No,Yes,Month-to-month,Yes,Electronic check,66.05,No,26
8624-GIOUT,Female,0,No,No,Yes,Yes,DSL,Yes,Yes,No,No,No,No,Month-to-month,Yes,Credit card (automatic),59.75,Yes,49
8625-AZYZY,Male,0,Yes,No,Yes,Yes,Fiber optic,No,Yes,Yes,No,Yes,Yes,Month-to-month,Yes,Electronic check,104.65,Yes,24
8626-PTQGE,Male,0,No,No,No,No phone service,DSL,Yes,Yes,No,Yes,Yes,Yes,Two year,Yes,Bank transfer (automatic),60.05,No,69
8627-EHGIP,Male,0,No,No,No,No phone service,DSL,No,Yes,Yes,No,Yes,Yes,One year,Yes,Mailed check,53.95,Yes,44
8630-FJLIB,Female,0,No,No,Yes,No,Fiber optic,No,No,No,No,No,No,Month-to-month,Yes,Electronic check,69.8,No,18
8630-QSGXK,Male,0,Yes,No,Yes,Yes,DSL,No,No,No,Yes,Yes,Yes,Two year,Yes,Bank transfer (automatic),75.2,No,51
8631-NBHFZ,Male,1,Yes,Yes,Yes,Yes,DSL,Yes,Yes,Yes,Yes,Yes,No,Two year,No,Credit card (automatic),79.4,Yes,66
8631-WUXGY,Female,0,No,Yes,Yes,No,Fiber optic,No,Yes,Yes,No,Yes,Yes,Month-to-month,Yes,Electronic check,99.8,No,46
8631-XVRZL,Male,0,No,No,Yes,No,No,No internet service,No internet service,No internet service,No internet service,No internet service,No internet service,One year,Yes,Mailed check,20.15,No,9
8634-CILSZ,Male,0,No,No,Yes,Yes,Fiber optic,No,Yes,No,Yes,Yes,Yes,One year,Yes,Bank transfer (automatic),104.7,Yes,69
8634-MPHTR,Male,1,Yes,No,Yes,Yes,Fiber optic,No,No,Yes,No,Yes,Yes,Month-to-month,Yes,Electronic check,100.05,Yes,47
8637-XJIVR,Female,0,No,No,Yes,Yes,Fiber optic,Yes,No,No,No,No,No,Month-to-month,Yes,Electronic check,78.95,Yes,12
8639-NHQEI,Female,0,Yes,Yes,Yes,Yes,Fiber optic,Yes,Yes,No,No,Yes,No,Two year,Yes,Bank transfer (automatic),95.9,No,72
8640-SDGKB,Male,0,No,No,Yes,No,DSL,No,No,Yes,Yes,Yes,Yes,Month-to-month,Yes,Electronic check,74.4,Yes,4
8642-GVWRF,Female,0,Yes,No,Yes,No,Fiber optic,No,Yes,Yes,No,No,No,Month-to-month,No,Bank transfer (automatic),79.7,Yes,2
8644-XLFBW,Male,1,No,No,Yes,No,Fiber optic,No,No,No,No,No,No,Month-to-month,Yes,Electronic check,71.65,Yes,1
8644-XYTSV,Male,0,Yes,No,No,No phone service,DSL,Yes,No,No,No,Yes,No,Month-to-month,Yes,Bank transfer (automatic),40.15,No,42
8645-KWHJO,Male,0,No,No,No,No phone service,DSL,No,No,Yes,Yes,Yes,Yes,Month-to-month,Yes,Electronic check,55.0,No,14
8647-SDTWQ,Male,0,Yes,Yes,Yes,Yes,Fiber optic,No,No,No,No,No,No,Month-to-month,Yes,Electronic check,74.3,No,57
8648-PFRMP,Female,1,No,No,No,No phone service,DSL,No,No,No,No,Yes,Yes,Month-to-month,Yes,Electronic check,46.35,No,14
8650-RHRKE,Male,0,No,No,No,No phone service,DSL,No,No,Yes,No,No,No,Month-to-month,Yes,Electronic check,29.65,Yes,4
8651-ENBZX,Female,1,No,No,Yes,Yes,Fiber optic,No,No,Yes,Yes,Yes,Yes,One year,Yes,Electronic check,106.0,Yes,60
8652-YHIYU,Female,0,No,Yes,Yes,Yes,Fiber optic,No,No,No,Yes,No,No,One year,Yes,Credit card (automatic),79.5,No,16
8654-DHAOW,Female,0,No,No,Yes,Yes,DSL,No,Yes,No,No,No,No,Month-to-month,No,Mailed check,54.15,No,2
8659-HDIYE,Female,1,No,No,Yes,Yes,DSL,No,Yes,Yes,Yes,No,Yes,Month-to-month,No,Credit card (automatic),74.65,No,64
8659-IOOPU,Female,0,Yes,Yes,Yes,Yes,Fiber optic,Yes,No,Yes,Yes,No,Yes,Two year,No,Electronic check,100.45,No,71
8661-BOYNW,Female,0,Yes,No,Yes,Yes,DSL,Yes,No,Yes,Yes,Yes,Yes,Two year,Yes,Credit card (automatic),84.4,No,72
8663-UPDGF,Female,0,No,No,Yes,Yes,DSL,Yes,Yes,No,No,Yes,No,Month-to-month,Yes,Bank transfer (automatic),69.5,No,26
8665-UTDHZ,Male,0,Yes,Yes,No,No phone service,DSL,No,Yes,No,No,No,No,Month-to-month,No,Electronic check,30.2,Yes,1
8668-KNZTI,Male,0,No,No,Yes,No,DSL,Yes,No,Yes,No,No,No,One year,No,Electronic check,53.75,No,52
8670-ERCJH,Male,0,No,No,Yes,Yes,Fiber optic,Yes,Yes,Yes,Yes,Yes,Yes,Two year,No,Bank transfer (automatic),113.4,No,72
8670-MEFCP,Female,0,Yes,Yes,Yes,Yes,DSL,Yes,Yes,Yes,Yes,Yes,Yes,Two year,Yes,Credit card (automatic),92.9,No,36
8671-KKKOS,Female,0,Yes,No,No,No phone service,DSL,Yes,Yes,No,No,Yes,No,Month-to-month,No,Electronic check,45.55,No,46
8672-OAUPW,Male,0,No,Yes,Yes,No,DSL,No,No,No,Yes,No,No,One year,No,Credit card (automatic),47.85,No,51
8676-OOQEJ,Male,0,No,No,No,No phone service,DSL,No,No,No,Yes,No,No,Month-to-month,No,Electronic check,30.5,No,4
8676-TRMJS,Male,0,No,No,Yes,Yes,Fiber optic,No,No,No,No,No,No,Month-to-month,No,Mailed check,75.0,Yes,3
8679-LZBMD,Male,0,Yes,No,Yes,No,Fiber optic,No,No,No,No,Yes,Yes,One year,Yes,Bank transfer (automatic),90.65,No,44
8680-CGLTP,Male,0,No,No,Yes,No,DSL,Yes,Yes,No,Yes,No,No,One year,Yes,Electronic check,58.75,No,29
8685-WHQPW,Female,1,No,No,Yes,Yes,Fiber optic,No,No,No,No,No,No,Month-to-month,Yes,Bank transfer (automatic),74.4,Yes,22
8687-BAFGU,Male,0,No,No,Yes,No,Fiber optic,No,No,No,Yes,No,No,Month-to-month,No,Electronic check,74.0,No,1
8690-UPCZI,Male,0,Yes,Yes,Yes,Yes,DSL,Yes,No,No,Yes,Yes,No,One year,No,Bank transfer (automatic),69.05,No,29
8690-ZVLCL,Female,0,Yes,Yes,Yes,Yes,DSL,Yes,Yes,Yes,Yes,Yes,Yes,Two year,No,Credit card (automatic),88.0,No,68
8695-WDYEA,Male,0,No,No,Yes,No,DSL,Yes,No,No,No,No,No,Month-to-month,No,Mailed check,51.25,No,1
8696-JKZNU,Female,1,No,No,Yes,Yes,Fiber optic,No,No,No,No,No,No,Month-to-month,Yes,Electronic check,76.25,Yes,37
8705-DWKTI,Male,0,No,No,Yes,No,Fiber optic,No,No,Yes,No,No,Yes,Month-to-month,Yes,Credit card (automatic),83.8,No,52
8705-WZCYL,Male,0,No,No,Yes,No,DSL,No,No,No,No,No,No,Month-to-month,Yes,Electronic check,44.8,No,1
8706-HRADD,Male,0,No,No,No,No phone service,DSL,Yes,No,No,Yes,Yes,No,Month-to-month,Yes,Mailed check,43.55,No,21
8707-HOEDG,Female,0,Yes,Yes,Yes,Yes,Fiber optic,No,Yes,Yes,Yes,Yes,Yes,Two year,Yes,Electronic check,110.2,No,70
8707-RMEZH,Female,1,Yes,No,Yes,No,Fiber optic,Yes,Yes,No,No,No,Yes,One year,No,Credit card (automatic),87.3,No,69
8711-LOBKY,Male,0,Yes,Yes,Yes,No,No,No internet service,No internet service,No internet service,No internet service,No internet service,No internet service,Two year,No,Mailed check,19.85,No,59
8714-CTZJW,Female,0,No,No,Yes,No,Fiber optic,No,No,Yes,No,No,Yes,Month-to-month,Yes,Credit card (automatic),82.85,No,4
8714-EUHJO,Female,0,Yes,Yes,Yes,Yes,Fiber optic,No,Yes,No,No,No,Yes,Month-to-month,Yes,Electronic check,91.15,Yes,31
8717-VCTXJ,Male,0,No,No,Yes,No,No,No internet service,No internet service,No internet service,No internet service,No internet service,No internet service,One year,Yes,Mailed check,19.55,No,42
8718-PTMEZ,Female,0,No,No,No,No phone service,DSL,No,Yes,No,No,No,No,Month-to-month,Yes,Electronic check,31.05,Yes,13
8720-RQSBJ,Male,1,No,No,Yes,No,DSL,No,No,No,No,No,No,Month-to-month,No,Electronic check,44.0,No,1
8722-NGNBH,Male,0,No,No,No,No phone service,DSL,Yes,No,Yes,Yes,No,No,Month-to-month,No,Mailed check,40.0,Yes,5
8722-PRFDV,Female,0,Yes,Yes,Yes,No,DSL,Yes,No,Yes,No,Yes,Yes,Two year,No,Credit card (automatic),77.55,No,71
8727-JQFHV,Male,0,Yes,Yes,Yes,No,No,No internet service,No internet service,No internet service,No internet service,No internet service,No internet service,Two year,No,Mailed check,20.75,No,57
8727-XDPUD,Male,0,No,No,No,No phone service,DSL,No,No,No,No,Yes,No,Two year,No,Credit card (automatic),35.8,No,37
8731-WBBMB,Female,0,Yes,No,Yes,No,DSL,No,Yes,Yes,Yes,Yes,Yes,Month-to-month,No,Bank transfer (automatic),81.9,No,26
8734-DKSTZ,Female,0,Yes,Yes,Yes,Yes,Fiber optic,No,No,No,No,No,Yes,Month-to-month,No,Electronic check,85.95,No,10
8734-FNWVH,Male,0,Yes,Yes,Yes,Yes,DSL,No,No,No,No,No,Yes,Month-to-month,No,Bank transfer (automatic),59.7,No,31
8735-IJJEG,Male,0,Yes,No,Yes,No,DSL,No,No,Yes,No,No,No,Month-to-month,No,Credit card (automatic),50.2,No,14
8735-NBLWT,Male,0,No,Yes,Yes,No,No,No internet service,No internet service,No internet service,No internet service,No internet service,No internet service,Month-to-month,No,Mailed check,20.4,No,9
8738-JOKAR,Female,0,No,No,Yes,No,DSL,Yes,Yes,No,Yes,No,Yes,One year,Yes,Mailed check,67.7,No,42
8739-QOTTN,Female,0,Yes,No,Yes,No,No,No internet service,No internet service,No internet service,No internet service,No internet service,No internet service,Month-to-month,No,Mailed check,20.35,No,2
8739-XNIKG,Female,0,No,No,Yes,Yes,Fiber optic,No,No,No,No,Yes,No,Month-to-month,Yes,Electronic check,84.0,No,5
8740-CRYFY,Male,0,No,No,Yes,No,Fiber optic,No,No,No,No,Yes,No,Month-to-month,Yes,Electronic check,78.95,Yes,1
8740-XLHDR,Male,0,No,No,No,No phone service,DSL,Yes,Yes,Yes,Yes,No,No,Month-to-month,Yes,Mailed check,43.25,Yes,5
8745-PVESG,Female,0,No,No,No,No phone service,DSL,Yes,No,Yes,Yes,No,No,One year,Yes,Credit card (automatic),41.1,No,57
8747-UDCOI,Female,0,Yes,No,Yes,No,No,No internet service,No internet service,No internet service,No internet service,No internet service,No internet service,Two year,No,Bank transfer (automatic),19.35,No,65
8748-HFWBO,Male,0,Yes,Yes,Yes,No,No,No internet service,No internet service,No internet service,No internet service,No internet service,No internet service,One year,No,Mailed check,19.9,No,19
8749-CLJXC,Male,0,No,No,Yes,No,No,No internet service,No internet service,No internet service,No internet service,No internet service,No internet service,Month-to-month,No,Mailed check,20.05,No,1
8749-JMNKX,Male,1,Yes,No,Yes,Yes,Fiber optic,Yes,No,Yes,No,Yes,No,Month-to-month,Yes,Bank transfer (automatic),93.8,Yes,51
8749-TZYEC,Male,0,Yes,No,Yes,Yes,No,No internet service,No internet service,No internet service,No internet service,No internet service,No internet service,Two year,No,Credit card (automatic),24.8,No,72
8750-QWZAJ,Female,0,Yes,Yes,Yes,No,No,No internet service,No internet service,No internet service,No internet service,No internet service,No internet service,Two year,No,Bank transfer (automatic),19.8,No,70
8751-EDEKA,Female,0,Yes,No,Yes,No,Fiber optic,No,Yes,Yes,No,No,Yes,Month-to-month,No,Credit card (automatic),89.9,No,28
8752-GHJFU,Male,1,Yes,No,Yes,Yes,Fiber optic,Yes,Yes,Yes,Yes,No,No,One year,Yes,Electronic check,92.0,No,71
8752-IMQOS,Male,0,Yes,Yes,Yes,No,No,No internet service,No internet service,No internet service,No internet service,No internet service,No internet service,One year,No,Mailed check,20.1,No,5
8752-STIVR,Female,0,No,No,Yes,No,Fiber optic,No,No,No,No,Yes,No,Month-to-month,Yes,Electronic check,79.0,Yes,4
8755-IWJHN,Male,1,Yes,No,Yes,Yes,Fiber optic,No,Yes,Yes,No,No,Yes,Month-to-month,Yes,Bank transfer (automatic),95.35,No,69
8756-RDDLT,Female,0,No,No,No,No phone service,DSL,No,Yes,No,Yes,No,Yes,Month-to-month,No,Electronic check,44.95,No,68
8757-TFHHJ,Male,0,No,No,Yes,No,DSL,Yes,No,No,No,No,No,Month-to-month,Yes,Credit card (automatic),49.8,No,1
8761-NSOBC,Male,0,No,No,Yes,No,Fiber optic,No,Yes,No,Yes,Yes,Yes,Month-to-month,No,Electronic check,100.55,Yes,44
8766-PAFNE,Male,0,Yes,No,Yes,No,DSL,No,Yes,Yes,Yes,Yes,Yes,Two year,Yes,Credit card (automatic),79.1,No,71
8769-KKTPH,Female,0,Yes,Yes,Yes,Yes,Fiber optic,Yes,No,No,No,Yes,Yes,One year,Yes,Credit card (automatic),99.65,No,63
8774-GSBUN,Male,0,Yes,No,Yes,Yes,No,No internet service,No internet service,No internet service,No internet service,No internet service,No internet service,Two year,No,Mailed check,25.4,No,72
8775-CEBBJ,Female,0,No,No,Yes,No,DSL,No,No,No,No,No,No,Month-to-month,Yes,Bank transfer (automatic),44.2,Yes,9
8777-MBMTS,Female,1,Yes,No,Yes,No,Fiber optic,No,Yes,Yes,Yes,Yes,Yes,Two year,Yes,Credit card (automatic),105.85,No,65
8778-LMWTJ,Female,0,No,No,Yes,No,Fiber optic,Yes,No,No,No,No,No,Month-to-month,Yes,Electronic check,74.85,No,9
8779-QRDMV,Male,1,No,No,No,No phone service,DSL,No,No,Yes,No,No,Yes,Month-to-month,Yes,Electronic check,39.65,Yes,1
8780-IHCRN,Male,0,Yes,Yes,Yes,Yes,No,No internet service,No internet service,No internet service,No internet service,No internet service,No internet service,Two year,No,Credit card (automatic),24.65,No,63
8780-IXSTS,Female,0,No,No,Yes,Yes,Fiber optic,No,Yes,No,No,Yes,No,Month-to-month,Yes,Electronic check,90.1,Yes,6
8780-RSYYU,Female,0,No,No,Yes,No,No,No internet service,No internet service,No internet service,No internet service,No internet service,No internet service,Month-to-month,Yes,Credit card (automatic),19.2,No,25
8780-YRMTT,Female,0,No,No,No,No phone service,DSL,Yes,Yes,Yes,Yes,No,No,Two year,Yes,Mailed check,47.4,No,66
8782-LKFPK,Male,0,No,No,Yes,Yes,Fiber optic,No,No,Yes,No,No,Yes,Month-to-month,Yes,Mailed check,90.4,No,44
8782-NUUOL,Male,0,No,No,Yes,No,DSL,Yes,No,Yes,Yes,Yes,Yes,One year,No,Mailed check,79.0,No,60
8784-CGILN,Female,0,No,No,Yes,Yes,Fiber optic,No,No,No,Yes,Yes,Yes,Month-to-month,Yes,Bank transfer (automatic),99.85,Yes,18
8785-CJSHH,Female,0,Yes,No,Yes,Yes,Fiber optic,No,Yes,No,No,Yes,Yes,Month-to-month,Yes,Electronic check,99.8,No,60
8785-EPNCG,Male,0,No,No,Yes,Yes,No,No internet service,No internet service,No internet service,No internet service,No internet service,No internet service,Month-to-month,No,Credit card (automatic),23.15,Yes,11
8788-DOXSU,Male,0,No,No,Yes,No,DSL,No,No,Yes,No,No,Yes,One year,Yes,Bank transfer (automatic),61.35,No,59
8791-GFXLZ,Male,0,No,No,Yes,No,DSL,No,Yes,No,No,No,No,Month-to-month,Yes,Bank transfer (automatic),49.05,No,12
8799-OXZMD,Female,0,No,No,No,No phone service,DSL,No,No,Yes,No,No,No,Month-to-month,Yes,Mailed check,29.75,No,28
8800-ZKRFW,Female,0,Yes,Yes,Yes,Yes,Fiber optic,No,Yes,Yes,Yes,Yes,Yes,Month-to-month,Yes,Electronic check,107.5,No,30
8802-UNOJF,Male,1,No,No,Yes,No,Fiber optic,No,Yes,Yes,Yes,No,No,Month-to-month,Yes,Mailed check,83.8,Yes,12
8805-JNRAZ,Female,0,No,No,Yes,No,DSL,No,Yes,No,No,No,No,Month-to-month,No,Mailed check,49.2,No,2
8806-EAGWC,Male,0,No,No,Yes,No,DSL,No,No,No,No,Yes,No,Month-to-month,No,Mailed check,55.15,Yes,3
8807-ARQET,Female,0,No,No,No,No phone service,DSL,No,Yes,No,No,No,Yes,Month-to-month,Yes,Electronic check,40.35,No,41
8808-ELEHO,Male,1,No,No,Yes,Yes,Fiber optic,No,No,Yes,No,No,No,Month-to-month,Yes,Electronic check,81.25,Yes,8
8809-XKHMD,Male,0,Yes,No,Yes,Yes,Fiber optic,Yes,Yes,No,Yes,No,Yes,Two year,Yes,Bank transfer (automatic),100.55,No,72
8812-ZRHFP,Female,0,Yes,Yes,Yes,No,Fiber optic,No,No,Yes,No,No,Yes,One year,No,Electronic check,86.45,No,30
8818-DOPVL,Female,1,No,No,Yes,Yes,Fiber optic,No,Yes,Yes,No,Yes,Yes,Month-to-month,Yes,Electronic check,104.45,No,46
8818-XYFCQ,Male,0,Yes,Yes,Yes,Yes,Fiber optic,Yes,No,No,No,Yes,Yes,Month-to-month,Yes,Credit card (automatic),99.55,Yes,32
8819-IMISP,Male,0,No,No,Yes,Yes,Fiber optic,No,Yes,No,No,No,No,Month-to-month,Yes,Electronic check,80.45,No,31
8819-WFGGJ,Male,0,Yes,No,No,No phone service,DSL,Yes,No,Yes,No,Yes,Yes,Two year,Yes,Bank transfer (automatic),54.1,No,68
8819-ZBYNA,Female,0,Yes,No,Yes,Yes,Fiber optic,Yes,Yes,No,Yes,Yes,Yes,Two year,Yes,Credit card (automatic),109.1,No,58
8821-KVZKQ,Female,0,Yes,Yes,No,No phone service,DSL,No,Yes,Yes,Yes,Yes,Yes,One year,Yes,Bank transfer (automatic),58.4,No,70
8821-XNHVZ,Female,0,Yes,Yes,Yes,No,Fiber optic,No,No,No,No,Yes,No,Month-to-month,Yes,Mailed check,80.05,Yes,1
8822-KNBHV,Female,0,No,No,Yes,Yes,DSL,Yes,Yes,Yes,No,Yes,Yes,One year,Yes,Credit card (automatic),83.45,No,48
8823-RLPWL,Female,0,Yes,No,Yes,Yes,Fiber optic,Yes,Yes,Yes,No,Yes,Yes,Two year,Yes,Credit card (automatic),110.65,No,72
8824-RWFXJ,Male,0,Yes,Yes,Yes,No,DSL,No,Yes,Yes,No,No,No,Month-to-month,Yes,Mailed check,56.15,Yes,3
8835-VSDSE,Female,0,Yes,No,Yes,No,Fiber optic,No,No,No,No,No,No,Month-to-month,Yes,Electronic check,70.7,Yes,2
8837-VVWLQ,Female,0,No,No,Yes,No,Fiber optic,Yes,No,No,No,Yes,No,Month-to-month,No,Electronic check,84.95,Yes,8
8840-DQLGN,Female,1,Yes,No,Yes,Yes,Fiber optic,Yes,Yes,No,Yes,Yes,No,Month-to-month,Yes,Bank transfer (automatic),100.5,Yes,35
8844-TONUD,Male,0,Yes,Yes,Yes,No,Fiber optic,No,No,Yes,No,Yes,Yes,Month-to-month,Yes,Mailed check,96.65,Yes,13
8845-LWKGE,Female,0,Yes,Yes,Yes,No,DSL,No,No,Yes,Yes,Yes,No,One year,Yes,Electronic check,64.5,No,30
8847-GEOOQ,Male,0,Yes,No,No,No phone service,DSL,No,Yes,Yes,Yes,Yes,Yes,Month-to-month,Yes,Bank transfer (automatic),60.2,No,60
8849-AYPTR,Male,0,Yes,No,Yes,No,Fiber optic,No,No,No,No,Yes,Yes,Month-to-month,No,Electronic check,91.25,No,33
8849-GYOKR,Female,0,Yes,No,Yes,Yes,Fiber optic,Yes,Yes,No,No,Yes,Yes,One year,No,Bank transfer (automatic),106.55,Yes,54
8849-PRIQJ,Female,0,Yes,Yes,Yes,Yes,Fiber optic,Yes,No,Yes,Yes,Yes,Yes,One year,Yes,Electronic check,109.4,No,67
8851-RAGOV,Female,0,Yes,No,Yes,No,DSL,Yes,Yes,No,Yes,No,Yes,Month-to-month,Yes,Mailed check,71.05,No,25
8853-TZDGH,Female,0,No,No,Yes,Yes,Fiber optic,No,Yes,Yes,Yes,Yes,Yes,Two year,Yes,Bank transfer (automatic),111.6,No,72
8857-CUPFQ,Male,0,Yes,No,Yes,No,No,No internet service,No internet service,No internet service,No internet service,No internet service,No internet service,Two year,No,Mailed check,19.25,No,63
8859-DZTGQ,Male,0,No,No,Yes,No,No,No internet service,No internet service,No internet service,No internet service,No internet service,No internet service,Two year,No,Mailed check,20.35,No,33
8859-YSTWS,Male,0,No,No,Yes,No,No,No internet service,No internet service,No internet service,No internet service,No internet service,No internet service,One year,No,Bank transfer (automatic),19.95,No,48
8861-HGGKB,Female,0,No,No,Yes,Yes,Fiber optic,No,No,No,No,No,Yes,Month-to-month,No,Electronic check,86.45,Yes,10
8865-TNMNX,Male,0,Yes,Yes,Yes,No,DSL,No,Yes,No,No,No,No,One year,No,Mailed check,49.55,No,10
8868-GAGIO,Male,0,Yes,No,Yes,Yes,Fiber optic,Yes,No,Yes,No,No,No,Month-to-month,Yes,Mailed check,84.55,No,45
8868-WOZGU,Male,0,No,No,Yes,Yes,Fiber optic,No,Yes,Yes,No,Yes,Yes,Month-to-month,Yes,Electronic check,105.7,Yes,28
8869-LIHMK,Female,0,No,No,Yes,Yes,Fiber optic,Yes,Yes,Yes,Yes,Yes,Yes,Two year,Yes,Bank transfer (automatic),115.1,No,64
8869-TORSS,Female,0,No,No,Yes,No,DSL,Yes,No,Yes,Yes,No,No,One year,Yes,Credit card (automatic),60.35,Yes,48
8873-GLDMH,Female,0,No,No,Yes,Yes,Fiber optic,No,No,No,No,No,No,Month-to-month,Yes,Mailed check,73.85,No,6
8873-TMKGR,Male,0,No,No,Yes,No,No,No internet service,No internet service,No internet service,No internet service,No internet service,No internet service,One year,No,Mailed check,19.1,No,29
8874-EJNSR,Male,0,Yes,Yes,Yes,Yes,No,No internet service,No internet service,No internet service,No internet service,No internet service,No internet service,Two year,No,Mailed check,25.2,No,39
8875-AKBYH,Male,1,No,No,Yes,Yes,Fiber optic,No,No,No,No,Yes,No,Month-to-month,Yes,Electronic check,84.35,No,20
8878-HMWBV,Male,0,No,No,Yes,No,DSL,No,No,Yes,No,No,No,Month-to-month,Yes,Electronic check,49.15,Yes,3
8878-RYUKI,Female,0,No,No,Yes,No,DSL,No,No,Yes,No,No,Yes,Month-to-month,Yes,Electronic check,59.45,No,52
8879-XUAHX,Male,0,Yes,No,Yes,Yes,Fiber optic,Yes,Yes,Yes,Yes,Yes,Yes,Two year,Yes,Electronic check,116.25,No,71
8879-ZKJOF,Female,0,No,No,Yes,No,DSL,Yes,No,Yes,Yes,Yes,Yes,One year,Yes,Bank transfer (automatic),79.85,No,41
8883-ANODQ,Female,0,Yes,Yes,Yes,Yes,Fiber optic,No,Yes,Yes,No,No,No,Two year,Yes,Credit card (automatic),84.4,No,68
8883-GRDWQ,Male,1,No,No,Yes,No,DSL,Yes,No,No,Yes,No,No,One year,No,Mailed check,54.0,No,20
8884-ADFVN,Male,1,Yes,No,Yes,Yes,Fiber optic,No,No,Yes,No,Yes,Yes,Month-to-month,Yes,Electronic check,101.95,Yes,7
8884-FEEWR,Male,0,No,No,Yes,No,No,No internet service,No internet service,No internet service,No internet service,No internet service,No internet service,One year,No,Bank transfer (automatic),20.6,No,35
8884-MRNSU,Male,0,Yes,Yes,Yes,No,No,No internet service,No internet service,No internet service,No internet service,No internet service,No internet service,One year,No,Bank transfer (automatic),19.9,No,17
8885-QSQBX,Female,0,No,No,Yes,No,DSL,Yes,No,No,No,No,No,Month-to-month,No,Bank transfer (automatic),49.55,No,1
8887-IPQNC,Female,0,Yes,No,Yes,No,DSL,No,No,No,No,No,No,Month-to-month,Yes,Mailed check,44.25,No,7
8894-JVDCV,Female,0,No,No,Yes,Yes,Fiber optic,Yes,Yes,Yes,Yes,Yes,Yes,One year,Yes,Credit card (automatic),115.05,No,62
8896-BQTTI,Male,0,No,No,Yes,Yes,No,No internet service,No internet service,No internet service,No internet service,No internet service,No internet service,Month-to-month,Yes,Mailed check,25.0,No,1
8896-RAZCR,Female,0,No,Yes,Yes,No,No,No internet service,No internet service,No internet service,No internet service,No internet service,No internet service,Two year,No,Mailed check,19.9,No,44
8901-HJXTF,Female,0,Yes,Yes,No,No phone service,DSL,No,Yes,No,No,No,No,Month-to-month,No,Mailed check,29.2,Yes,12
8901-UPRHR,Female,0,Yes,Yes,Yes,Yes,Fiber optic,No,Yes,Yes,Yes,Yes,Yes,Two year,Yes,Bank transfer (automatic),109.2,No,72
8902-ZEOVF,Male,0,Yes,Yes,Yes,No,No,No internet service,No internet service,No internet service,No internet service,No internet service,No internet service,One year,No,Mailed check,20.05,No,47
8903-WMRNW,Female,0,Yes,No,Yes,No,Fiber optic,Yes,No,Yes,No,Yes,Yes,Month-to-month,No,Electronic check,101.75,No,15
8903-XEBGX,Male,0,No,Yes,Yes,No,DSL,No,No,No,No,No,Yes,Month-to-month,Yes,Electronic check,55.3,No,2
8904-OPDCK,Male,1,Yes,No,No,No phone service,DSL,No,No,No,No,No,No,Month-to-month,Yes,Bank transfer (automatic),24.95,No,54
8905-IAZPF,Female,0,Yes,No,Yes,No,Fiber optic,No,Yes,No,No,Yes,Yes,One year,Yes,Credit card (automatic),95.65,No,69
8908-NMQTX,Male,0,No,No,No,No phone service,DSL,Yes,Yes,Yes,Yes,Yes,Yes,Two year,Yes,Bank transfer (automatic),65.6,No,72
8909-BOLNL,Male,0,No,No,Yes,No,No,No internet service,No internet service,No internet service,No internet service,No internet service,No internet service,One year,No,Mailed check,21.2,No,3
8914-RBTSB,Male,0,Yes,No,Yes,Yes,Fiber optic,No,Yes,Yes,No,Yes,No,Month-to-month,No,Electronic check,93.8,Yes,31
8915-NNTRC,Male,0,Yes,Yes,Yes,Yes,Fiber optic,Yes,Yes,No,Yes,Yes,Yes,Two year,Yes,Credit card (automatic),107.7,No,72
8917-FAEMR,Female,0,No,No,Yes,No,No,No internet service,No internet service,No internet service,No internet service,No internet service,No internet service,Two year,No,Mailed check,19.85,No,37
8917-SZTTJ,Male,0,Yes,Yes,Yes,No,No,No internet service,No internet service,No internet service,No internet service,No internet service,No internet service,Two year,No,Credit card (automatic),19.65,No,60
8922-LIEGH,Female,1,No,No,Yes,Yes,Fiber optic,No,Yes,No,No,No,Yes,Month-to-month,Yes,Electronic check,89.7,Yes,25
8922-NPKBJ,Male,0,Yes,Yes,Yes,No,No,No internet service,No internet service,No internet service,No internet service,No internet service,No internet service,Two year,No,Mailed check,19.35,No,42
8929-KSWIH,Male,0,No,No,Yes,No,Fiber optic,No,No,Yes,Yes,Yes,Yes,Two year,No,Bank transfer (automatic),99.3,No,25
8930-XOTDP,Female,0,Yes,Yes,Yes,No,DSL,No,No,No,No,Yes,No,Month-to-month,No,Mailed check,55.95,No,18
8931-GJJIQ,Female,0,No,No,Yes,Yes,Fiber optic,No,No,No,No,No,Yes,Month-to-month,Yes,Electronic check,83.3,Yes,9
8932-CZHRQ,Male,0,No,No,Yes,Yes,DSL,Yes,Yes,Yes,No,No,Yes,One year,No,Credit card (automatic),76.75,No,68
8937-RDTHP,Male,0,No,No,Yes,No,Fiber optic,Yes,No,No,No,No,Yes,Month-to-month,Yes,Mailed check,84.6,Yes,1
8938-UMKPI,Female,0,No,No,Yes,Yes,Fiber optic,No,Yes,Yes,No,Yes,Yes,Month-to-month,Yes,Electronic check,106.4,Yes,47
8942-DBMHZ,Male,0,No,No,Yes,No,No,No internet service,No internet service,No internet service,No internet service,No internet service,No internet service,Month-to-month,No,Mailed check,20.45,No,12
8943-URTMR,Female,0,No,No,Yes,No,Fiber optic,No,No,No,No,Yes,No,Month-to-month,Yes,Mailed check,79.65,Yes,2
8944-AILEF,Male,0,Yes,No,Yes,No,No,No internet service,No internet service,No internet service,No internet service,No internet service,No internet service,Month-to-month,Yes,Credit card (automatic),19.45,No,15
8945-GRKHX,Female,0,No,Yes,Yes,No,Fiber optic,No,No,No,No,No,Yes,Month-to-month,No,Electronic check,78.65,Yes,1
8945-MUQUF,Male,0,No,No,Yes,Yes,Fiber optic,Yes,Yes,No,No,Yes,No,One year,Yes,Electronic check,94.8,Yes,51
8947-YRTDV,Male,0,Yes,Yes,Yes,No,Fiber optic,Yes,Yes,Yes,No,No,Yes,One year,No,Mailed check,94.8,No,32
8949-JTMAY,Female,0,No,No,Yes,Yes,Fiber optic,No,No,Yes,No,Yes,Yes,Month-to-month,Yes,Credit card (automatic),98.6,Yes,29
8950-MTZNV,Male,0,No,No,Yes,No,DSL,No,No,No,No,No,No,Month-to-month,Yes,Mailed check,44.95,No,1
8952-WCVCD,Female,0,Yes,No,Yes,No,Fiber optic,Yes,Yes,Yes,No,Yes,Yes,One year,Yes,Bank transfer (automatic),104.45,No,41
8958-JPTRR,Female,0,Yes,No,Yes,Yes,No,No internet service,No internet service,No internet service,No internet service,No internet service,No internet service,One year,No,Electronic check,24.3,No,56
8961-QDZZJ,Female,0,Yes,Yes,Yes,No,Fiber optic,No,Yes,No,No,Yes,Yes,One year,Yes,Electronic check,95.0,No,57
8963-JLGJT,Male,0,No,Yes,Yes,No,DSL,Yes,No,Yes,No,No,No,Month-to-month,No,Mailed check,55.9,No,3
8963-MQVYN,Female,0,No,Yes,Yes,No,No,No internet service,No internet service,No internet service,No internet service,No internet service,No internet service,Month-to-month,Yes,Electronic check,20.55,No,22
8966-KZXXA,Male,0,Yes,Yes,Yes,Yes,No,No internet service,No internet service,No internet service,No internet service,No internet service,No internet service,Two year,No,Credit card (automatic),25.1,No,36
8966-OIQHG,Female,0,Yes,Yes,Yes,No,No,No internet service,No internet service,No internet service,No internet service,No internet service,No internet service,One year,No,Bank transfer (automatic),20.75,No,22
8966-SNIZF,Female,0,Yes,No,Yes,No,No,No internet service,No internet service,No internet service,No internet service,No internet service,No internet service,Two year,No,Bank transfer (automatic),19.45,No,70
8967-SZQAS,Female,0,No,No,Yes,No,DSL,No,Yes,No,No,No,No,Month-to-month,No,Electronic check,50.45,No,14
8969-PRHFK,Male,0,No,No,Yes,No,No,No internet service,No internet service,No internet service,No internet service,No internet service,No internet service,One year,No,Mailed check,19.65,No,18
8970-ANWXO,Female,0,No,No,Yes,Yes,DSL,No,No,No,Yes,Yes,Yes,One year,Yes,Mailed check,73.75,No,23
8974-OVACP,Female,0,No,No,Yes,No,No,No internet service,No internet service,No internet service,No internet service,No internet service,No internet service,Month-to-month,No,Mailed check,20.15,No,1
8975-SKGRX,Male,0,Yes,No,Yes,Yes,Fiber optic,Yes,Yes,Yes,Yes,Yes,Yes,Two year,Yes,Bank transfer (automatic),116.1,No,71
8976-OQHGT,Female,0,Yes,Yes,Yes,No,DSL,No,Yes,No,Yes,No,No,Month-to-month,No,Mailed check,56.5,Yes,4
8980-WQFWL,Female,0,No,No,Yes,No,DSL,No,No,Yes,No,No,Yes,Month-to-month,Yes,Electronic check,62.1,No,35
8982-NHAVY,Male,0,No,No,Yes,Yes,Fiber optic,No,No,Yes,No,Yes,Yes,One year,Yes,Bank transfer (automatic),100.5,No,27
8984-EYLLL,Male,0,Yes,No,Yes,Yes,Fiber optic,No,Yes,No,Yes,Yes,Yes,Two year,Yes,Electronic check,105.25,No,64
8984-HPEMB,Female,0,No,No,Yes,Yes,Fiber optic,Yes,Yes,Yes,Yes,Yes,Yes,Two year,Yes,Electronic check,118.65,No,71
8988-ECPJR,Female,1,Yes,Yes,Yes,Yes,Fiber optic,No,Yes,No,No,No,No,Month-to-month,Yes,Mailed check,79.6,Yes,34
8990-YOZLV,Female,0,No,No,Yes,Yes,DSL,Yes,Yes,No,Yes,No,No,Two year,Yes,Mailed check,66.9,No,69
8992-CEUEN,Female,0,No,No,Yes,No,No,No internet service,No internet service,No internet service,No internet service,No internet service,No internet service,Month-to-month,No,Electronic check,18.85,No,1
8992-JQYUN,Male,0,Yes,No,No,No phone service,DSL,No,No,Yes,No,Yes,Yes,Month-to-month,Yes,Electronic check,50.35,Yes,1
8992-OBVDG,Male,0,No,No,Yes,No,DSL,No,No,Yes,No,No,Yes,Month-to-month,No,Mailed check,61.65,No,21
8992-VONJD,Female,0,No,Yes,Yes,No,DSL,Yes,Yes,No,No,No,No,Month-to-month,Yes,Electronic check,56.0,No,13
8993-IZEUX,Male,0,No,No,Yes,No,Fiber optic,No,No,No,No,No,No,Month-to-month,No,Bank transfer (automatic),69.15,No,7
8996-ZROXE,Male,1,No,No,Yes,No,DSL,No,No,Yes,Yes,No,No,One year,Yes,Electronic check,53.5,No,57
8999-EXMNO,Female,0,Yes,Yes,Yes,No,No,No internet service,No internet service,No internet service,No internet service,No internet service,No internet service,Two year,No,Mailed check,20.15,No,19
8999-XXGNS,Female,1,Yes,No,Yes,Yes,Fiber optic,No,Yes,Yes,No,Yes,Yes,One year,Yes,Credit card (automatic),105.75,No,72
9013-AQORL,Female,0,No,Yes,No,No phone service,DSL,No,Yes,Yes,No,No,Yes,Month-to-month,No,Credit card (automatic),45.55,No,48
9019-QVLZD,Female,0,No,No,Yes,No,Fiber optic,No,No,No,No,Yes,No,Month-to-month,No,Electronic check,79.55,Yes,1
9025-AOMKI,Female,0,No,No,Yes,Yes,Fiber optic,No,No,No,No,Yes,Yes,Month-to-month,Yes,Bank transfer (automatic),93.55,Yes,6
9025-ZRPVR,Male,0,No,No,Yes,No,No,No internet service,No internet service,No internet service,No internet service,No internet service,No internet service,Month-to-month,Yes,Mailed check,18.95,Yes,9
9027-YFHQJ,Male,0,No,No,Yes,Yes,No,No internet service,No internet service,No internet service,No internet service,No internet service,No internet service,Month-to-month,Yes,Bank transfer (automatic),25.05,No,7
9028-LIHRP,Male,0,Yes,Yes,Yes,No,Fiber optic,Yes,Yes,Yes,Yes,Yes,No,Two year,No,Credit card (automatic),100.2,No,71
9030-QGZNL,Female,0,No,No,Yes,No,No,No internet service,No internet service,No internet service,No internet service,No internet service,No internet service,Two year,No,Mailed check,20.85,No,8
9031-ZVQPT,Male,0,Yes,No,Yes,Yes,Fiber optic,No,Yes,Yes,Yes,Yes,Yes,Two year,Yes,Electronic check,108.2,No,72
9033-EOXWV,Female,0,No,No,Yes,Yes,DSL,No,No,No,Yes,Yes,Yes,One year,No,Mailed check,74.05,Yes,12
9036-CSKBW,Female,0,No,No,Yes,Yes,Fiber optic,Yes,Yes,Yes,No,Yes,Yes,One year,No,Bank transfer (automatic),107.45,No,51
9039-RBEEE,Male,0,No,No,No,No phone service,DSL,Yes,Yes,No,Yes,Yes,No,Month-to-month,Yes,Credit card (automatic),48.95,Yes,39
9039-ZVJDC,Male,0,No,No,Yes,No,No,No internet service,No internet service,No internet service,No internet service,No internet service,No internet service,Month-to-month,Yes,Mailed check,19.1,No,3
9040-KZVWO,Male,0,No,No,Yes,No,Fiber optic,No,Yes,No,No,No,No,One year,No,Bank transfer (automatic),75.5,No,26
9046-DQMTP,Male,0,No,No,Yes,No,No,No internet service,No internet service,No internet service,No internet service,No internet service,No internet service,Month-to-month,No,Bank transfer (automatic),20.75,No,35
9048-JVYVF,Male,0,No,No,Yes,No,DSL,No,No,No,Yes,Yes,Yes,Month-to-month,Yes,Electronic check,69.35,Yes,3
9050-IKDZA,Female,1,No,No,Yes,No,Fiber optic,No,No,No,No,Yes,No,Month-to-month,No,Mailed check,81.5,No,2
9050-QLROH,Male,0,No,No,Yes,Yes,Fiber optic,No,No,Yes,No,No,Yes,Month-to-month,Yes,Credit card (automatic),90.7,Yes,18
9052-DHNKM,Male,0,No,No,Yes,Yes,DSL,Yes,Yes,No,No,No,No,One year,No,Electronic check,61.55,No,26
9052-VKDUW,Female,1,Yes,No,Yes,Yes,Fiber optic,Yes,Yes,Yes,No,Yes,Yes,Month-to-month,Yes,Credit card (automatic),109.4,No,65
9053-EJUNL,Male,0,No,No,Yes,Yes,Fiber optic,No,Yes,No,No,Yes,No,Month-to-month,Yes,Electronic check,89.2,No,41
9053-JZFKV,Male,0,No,No,Yes,Yes,Fiber optic,Yes,Yes,Yes,Yes,Yes,Yes,Two year,No,Credit card (automatic),116.2,Yes,67
9054-FOWNV,Male,0,Yes,Yes,Yes,Yes,Fiber optic,No,No,Yes,No,Yes,No,Month-to-month,Yes,Electronic check,88.75,No,22
9057-MSWCO,Male,1,Yes,No,No,No phone service,DSL,Yes,No,No,No,No,No,Month-to-month,No,Credit card (automatic),30.75,Yes,27
9058-CBREO,Female,1,No,No,Yes,Yes,DSL,No,No,No,No,No,No,Month-to-month,No,Mailed check,50.55,Yes,1
9058-HRZSV,Female,1,Yes,No,Yes,No,Fiber optic,Yes,Yes,Yes,No,No,Yes,Month-to-month,No,Electronic check,94.4,No,65
9058-MJLZC,Female,0,No,No,Yes,No,Fiber optic,Yes,No,No,No,Yes,Yes,Month-to-month,Yes,Electronic check,94.6,No,24
9065-ZCPQX,Male,0,Yes,No,Yes,Yes,DSL,Yes,Yes,Yes,Yes,No,Yes,Two year,No,Bank transfer (automatic),78.85,No,72
9066-QRSDU,Female,0,Yes,No,Yes,Yes,No,No internet service,No internet service,No internet service,No internet service,No internet service,No internet service,One year,Yes,Electronic check,26.3,No,69
9067-SQTNS,Male,0,Yes,Yes,Yes,No,No,No internet service,No internet service,No internet service,No internet service,No internet service,No internet service,One year,No,Bank transfer (automatic),20.6,No,44
9067-YGSCA,Female,0,No,No,Yes,Yes,No,No internet service,No internet service,No internet service,No internet service,No internet service,No internet service,One year,No,Credit card (automatic),26.05,No,70
9068-FHQHD,Female,0,Yes,Yes,Yes,No,No,No internet service,No internet service,No internet service,No internet service,No internet service,No internet service,Two year,No,Bank transfer (automatic),20.15,No,40
9068-VPWQQ,Male,0,Yes,No,Yes,Yes,DSL,Yes,No,Yes,Yes,No,Yes,Two year,No,Credit card (automatic),75.35,No,61
9069-LGEUL,Male,0,Yes,No,Yes,No,DSL,Yes,No,No,No,No,Yes,Month-to-month,Yes,Bank transfer (automatic),59.95,No,23
9073-ZZIAY,Male,0,Yes,Yes,Yes,No,DSL,Yes,Yes,Yes,Yes,Yes,Yes,Two year,No,Electronic check,86.1,No,62
9076-AXYIK,Male,1,Yes,No,Yes,Yes,Fiber optic,No,No,Yes,Yes,Yes,Yes,Two year,No,Electronic check,102.1,No,64
9079-LWTFD,Male,0,No,No,Yes,Yes,Fiber optic,Yes,Yes,No,Yes,Yes,No,Month-to-month,No,Mailed check,100.75,No,47
9079-YEXQJ,Female,0,No,No,Yes,Yes,Fiber optic,No,Yes,Yes,Yes,Yes,Yes,Month-to-month,No,Electronic check,111.1,Yes,54
9081-WWXKP,Female,0,Yes,Yes,Yes,No,No,No internet service,No internet service,No internet service,No internet service,No internet service,No internet service,Two year,No,Credit card (automatic),20.25,No,47
9084-OAYKL,Male,0,No,No,Yes,No,No,No internet service,No internet service,No internet service,No internet service,No internet service,No internet service,Two year,No,Mailed check,20.8,No,58
9086-YJYXS,Male,0,Yes,Yes,Yes,Yes,DSL,No,No,Yes,No,Yes,Yes,One year,No,Bank transfer (automatic),77.2,No,34
9087-EYCPR,Female,0,No,No,Yes,Yes,No,No internet service,No internet service,No internet service,No internet service,No internet service,No internet service,Two year,No,Mailed check,25.0,No,60
9090-SGQXL,Male,1,Yes,No,Yes,Yes,Fiber optic,No,Yes,Yes,No,Yes,Yes,Month-to-month,Yes,Electronic check,105.3,Yes,68
9091-WTUUY,Male,0,Yes,Yes,Yes,No,DSL,Yes,No,Yes,Yes,Yes,No,Two year,No,Mailed check,69.25,No,64
9092-GDZKO,Male,0,No,No,Yes,Yes,No,No internet service,No internet service,No internet service,No internet service,No internet service,No internet service,Month-to-month,Yes,Credit card (automatic),24.85,No,22
9093-FPDLG,Female,0,No,No,Yes,No,Fiber optic,No,Yes,Yes,Yes,No,Yes,Month-to-month,Yes,Electronic check,94.2,No,11
9094-AZPHK,Female,0,No,No,Yes,Yes,Fiber optic,No,Yes,No,No,Yes,Yes,Month-to-month,Yes,Electronic check,100.15,No,15
9095-HFAFX,Female,0,No,No,Yes,No,Fiber optic,No,No,No,No,Yes,No,Month-to-month,Yes,Credit card (automatic),81.0,Yes,5
9097-ZUBYC,Male,0,Yes,No,Yes,No,DSL,No,No,No,Yes,No,No,Month-to-month,No,Bank transfer (automatic),48.8,No,14
9099-FTUHS,Female,0,No,No,Yes,Yes,DSL,Yes,No,No,No,No,No,Month-to-month,No,Electronic check,54.4,No,23
9101-BWFSS,Female,0,Yes,No,Yes,Yes,Fiber optic,Yes,Yes,No,Yes,Yes,Yes,One year,No,Electronic check,108.55,Yes,50
9101-NTIXF,Male,0,No,No,Yes,No,No,No internet service,No internet service,No internet service,No internet service,No internet service,No internet service,Month-to-month,No,Mailed check,19.4,No,2
9102-OXKFY,Male,0,No,No,Yes,Yes,DSL,No,No,Yes,No,No,No,Two year,No,Credit card (automatic),54.15,No,59
9103-TCIHJ,Female,0,No,No,Yes,Yes,DSL,Yes,No,No,No,No,No,Month-to-month,Yes,Mailed check,55.7,Yes,15
9107-UKCKY,Male,0,Yes,No,Yes,Yes,DSL,No,Yes,Yes,No,Yes,Yes,One year,Yes,Electronic check,79.8,No,61
9108-EJFJP,Female,0,Yes,No,Yes,No,DSL,Yes,Yes,No,No,No,No,Month-to-month,Yes,Mailed check,53.55,No,1
9108-EQPNQ,Female,0,Yes,Yes,Yes,Yes,No,No internet service,No internet service,No internet service,No internet service,No internet service,No internet service,Two year,No,Credit card (automatic),26.1,No,10
9110-HSGTV,Female,0,No,No,Yes,No,DSL,Yes,No,Yes,Yes,Yes,Yes,Two year,Yes,Credit card (automatic),82.45,No,69
9114-AAFQH,Female,0,Yes,No,Yes,No,DSL,No,Yes,Yes,No,No,Yes,One year,Yes,Electronic check,65.65,No,48
9115-YQHGA,Male,0,No,No,Yes,No,DSL,No,No,No,Yes,No,No,Month-to-month,Yes,Electronic check,51.1,No,40
9117-SHLZX,Male,0,No,No,Yes,No,DSL,No,No,No,No,No,No,Month-to-month,Yes,Mailed check,45.7,Yes,1
9121-PHQSR,Male,1,Yes,No,Yes,Yes,Fiber optic,No,No,No,No,Yes,No,Month-to-month,Yes,Credit card (automatic),85.05,No,16
9122-UMROB,Male,0,No,No,Yes,No,No,No internet service,No internet service,No internet service,No internet service,No internet service,No internet service,Month-to-month,No,Mailed check,20.3,No,1
9124-LHCJQ,Female,0,No,No,Yes,Yes,Fiber optic,No,No,No,No,No,Yes,Month-to-month,Yes,Mailed check,85.45,Yes,1
9127-FHJBZ,Male,0,Yes,Yes,Yes,Yes,Fiber optic,Yes,Yes,Yes,Yes,Yes,Yes,Two year,Yes,Electronic check,114.0,No,72
9127-QRZMH,Male,0,Yes,No,Yes,No,DSL,Yes,Yes,No,Yes,No,No,One year,Yes,Bank transfer (automatic),59.85,No,44
9128-CPXKI,Female,0,No,No,Yes,No,Fiber optic,No,No,Yes,No,Yes,Yes,Two year,No,Electronic check,95.8,No,59
9129-UXERG,Female,1,No,No,Yes,Yes,Fiber optic,No,Yes,No,Yes,Yes,Yes,Month-to-month,Yes,Credit card (automatic),103.6,No,18
9133-AYJZG,Female,0,No,No,Yes,Yes,Fiber optic,No,Yes,No,No,Yes,Yes,Month-to-month,Yes,Credit card (automatic),98.7,No,23
9134-CEQMF,Male,1,Yes,No,Yes,No,Fiber optic,No,No,No,No,Yes,Yes,Month-to-month,Yes,Electronic check,89.5,Yes,7
9134-WYRVP,Male,0,No,No,Yes,No,Fiber optic,Yes,No,No,No,Yes,No,One year,No,Mailed check,86.35,No,51
9135-HSWOC,Male,0,Yes,Yes,Yes,No,No,No internet service,No internet service,No internet service,No internet service,No internet service,No internet service,Two year,Yes,Bank transfer (automatic),19.7,No,64
9135-MGVPY,Male,0,Yes,No,Yes,No,DSL,Yes,Yes,Yes,Yes,Yes,Yes,Two year,Yes,Mailed check,84.7,No,69
9136-ALYBR,Male,0,No,No,No,No phone service,DSL,No,No,No,No,No,No,Month-to-month,Yes,Mailed check,24.45,Yes,1
9137-NOQKA,Male,1,No,No,Yes,No,No,No internet service,No internet service,No internet service,No internet service,No internet service,No internet service,Month-to-month,No,Electronic check,19.2,No,2
9138-EFSMO,Male,0,Yes,Yes,Yes,No,Fiber optic,No,No,No,No,No,Yes,One year,No,Bank transfer (automatic),78.95,No,26
9139-TWBAS,Female,0,Yes,No,No,No phone service,DSL,Yes,Yes,Yes,No,Yes,No,One year,No,Bank transfer (automatic),47.85,No,26
9139-WQQDY,Female,0,Yes,Yes,Yes,Yes,Fiber optic,No,Yes,No,No,Yes,Yes,One year,No,Mailed check,100.45,Yes,49
9142-KZXOP,Male,0,No,No,Yes,No,Fiber optic,No,No,No,No,No,No,Month-to-month,No,Credit card (automatic),68.85,No,44
9142-XMYJH,Female,0,No,No,Yes,No,No,No internet service,No internet service,No internet service,No internet service,No internet service,No internet service,Month-to-month,No,Credit card (automatic),19.35,No,29
9143-CANJF,Female,0,Yes,Yes,Yes,No,DSL,Yes,No,No,Yes,No,No,Month-to-month,No,Electronic check,55.15,No,24
9146-JRIOX,Female,0,Yes,Yes,Yes,Yes,No,No internet service,No internet service,No internet service,No internet service,No internet service,No internet service,Month-to-month,No,Mailed check,25.55,No,14
9150-HEPMB,Male,0,No,No,Yes,No,DSL,Yes,No,Yes,No,No,No,One year,No,Mailed check,52.7,No,56
9150-KPBJQ,Female,0,No,No,Yes,No,No,No internet service,No internet service,No internet service,No internet service,No internet service,No internet service,Two year,No,Credit card (automatic),19.65,No,6
9153-BTBVV,Female,0,Yes,No,Yes,Yes,No,No internet service,No internet service,No internet service,No internet service,No internet service,No internet service,Two year,No,Bank transfer (automatic),25.0,No,71
9154-QDGTH,Male,0,Yes,Yes,Yes,Yes,Fiber optic,No,No,Yes,Yes,Yes,Yes,One year,Yes,Credit card (automatic),104.3,No,43
9163-GHAYE,Female,0,No,No,Yes,No,DSL,No,Yes,No,No,No,No,Month-to-month,No,Electronic check,48.85,No,15
9167-APMXZ,Female,0,No,No,Yes,Yes,Fiber optic,No,No,No,No,Yes,No,Month-to-month,Yes,Bank transfer (automatic),84.15,No,22
9169-BSVIN,Male,0,No,No,Yes,Yes,DSL,No,No,Yes,No,Yes,Yes,Month-to-month,No,Bank transfer (automatic),74.75,No,12
9170-ARBTB,Female,0,Yes,Yes,Yes,No,No,No internet service,No internet service,No internet service,No internet service,No internet service,No internet service,One year,No,Credit card (automatic),19.6,No,52
9170-CCKOU,Male,0,Yes,No,Yes,Yes,Fiber optic,Yes,Yes,Yes,No,No,No,Month-to-month,No,Credit card (automatic),90.2,Yes,17
9172-ANCRX,Female,0,No,No,Yes,Yes,Fiber optic,Yes,No,No,No,Yes,Yes,Month-to-month,Yes,Electronic check,98.7,Yes,10
9172-JITSM,Female,0,Yes,Yes,Yes,No,Fiber optic,No,No,No,No,Yes,Yes,Month-to-month,Yes,Electronic check,90.8,Yes,26
9173-IVZVP,Female,0,Yes,Yes,Yes,No,No,No internet service,No internet service,No internet service,No internet service,No internet service,No internet service,Two year,No,Mailed check,20.9,No,53
9174-FKWZE,Female,1,No,No,Yes,No,No,No internet service,No internet service,No internet service,No internet service,No internet service,No internet service,Month-to-month,Yes,Electronic check,19.45,Yes,1
9174-IHETN,Female,0,No,Yes,Yes,No,Fiber optic,No,No,No,No,No,No,Two year,No,Credit card (automatic),70.35,No,50
9178-JHUVJ,Male,0,Yes,Yes,Yes,Yes,No,No internet service,No internet service,No internet service,No internet service,No internet service,No internet service,Two year,Yes,Bank transfer (automatic),24.1,No,24
9184-GALIL,Female,0,Yes,Yes,Yes,No,No,No internet service,No internet service,No internet service,No internet service,No internet service,No internet service,Month-to-month,No,Mailed check,20.45,No,38
9185-TQCVP,Male,0,Yes,No,Yes,Yes,Fiber optic,No,No,No,No,No,Yes,Month-to-month,Yes,Electronic check,85.15,Yes,14
9189-JWSHV,Female,1,Yes,No,Yes,Yes,Fiber optic,No,No,No,No,Yes,Yes,Month-to-month,Yes,Electronic check,93.55,Yes,24
9190-MFJLN,Male,1,No,No,Yes,No,Fiber optic,No,No,Yes,No,Yes,Yes,Month-to-month,Yes,Credit card (automatic),95.9,Yes,19
9191-MYQKX,Female,0,Yes,No,Yes,No,Fiber optic,No,No,Yes,No,No,No,Month-to-month,Yes,Bank transfer (automatic),75.15,Yes,7
9199-PWQVC,Female,0,Yes,No,Yes,Yes,DSL,Yes,Yes,No,No,Yes,Yes,One year,Yes,Credit card (automatic),79.7,No,63
9206-GVPEQ,Male,0,Yes,No,No,No phone service,DSL,Yes,No,No,Yes,Yes,Yes,Month-to-month,Yes,Electronic check,54.45,Yes,13
9207-ZPANB,Male,0,No,No,Yes,Yes,DSL,Yes,Yes,Yes,Yes,No,No,One year,No,Electronic check,67.45,No,37
9208-OLGAQ,Female,1,No,No,Yes,No,Fiber optic,No,No,Yes,No,No,Yes,Month-to-month,Yes,Electronic check,84.95,No,18
9209-NWPGU,Male,0,No,No,Yes,No,DSL,Yes,No,No,Yes,Yes,No,One year,No,Electronic check,65.4,No,44
9210-IAHGH,Female,0,No,No,Yes,No,DSL,No,No,No,Yes,Yes,Yes,Month-to-month,Yes,Credit card (automatic),70.75,Yes,7
9220-ZNKJI,Female,1,Yes,No,Yes,No,Fiber optic,No,No,Yes,Yes,Yes,No,Two year,No,Credit card (automatic),88.8,No,55
9221-OTIVJ,Female,1,No,No,Yes,Yes,Fiber optic,No,Yes,Yes,No,Yes,Yes,Month-to-month,Yes,Electronic check,104.85,Yes,14
9223-UCPVT,Female,0,No,No,Yes,No,Fiber optic,No,No,Yes,No,Yes,Yes,Month-to-month,No,Electronic check,94.4,Yes,1
9224-VTYID,Male,0,Yes,Yes,Yes,Yes,DSL,Yes,Yes,Yes,Yes,Yes,Yes,Two year,Yes,Mailed check,90.5,No,47
9225-BZLNZ,Male,0,Yes,No,Yes,Yes,DSL,Yes,Yes,Yes,No,Yes,Yes,Two year,Yes,Electronic check,85.25,No,72
9227-LUNBG,Female,0,No,No,No,No phone service,DSL,No,No,No,No,No,No,Month-to-month,No,Electronic check,24.6,Yes,1
9227-YBAXE,Female,0,Yes,Yes,Yes,Yes,DSL,Yes,Yes,No,Yes,Yes,Yes,Two year,Yes,Bank transfer (automatic),82.5,No,65
9229-RQABD,Male,0,No,No,Yes,Yes,No,No internet service,No internet service,No internet service,No internet service,No internet service,No internet service,One year,No,Mailed check,23.75,No,18
9231-ZJYAM,Female,1,No,No,Yes,No,Fiber optic,No,No,No,No,Yes,No,Month-to-month,Yes,Electronic check,78.85,Yes,4
9233-PSYHO,Female,1,No,No,Yes,Yes,Fiber optic,No,No,Yes,No,Yes,Yes,One year,Yes,Bank transfer (automatic),100.15,No,45
9236-NDUCW,Female,0,No,No,No,No phone service,DSL,Yes,No,No,Yes,No,No,Two year,No,Mailed check,35.1,No,21
9237-HQITU,Female,0,No,No,Yes,No,Fiber optic,No,No,No,No,No,No,Month-to-month,Yes,Electronic check,70.7,Yes,2
9239-GZHZE,Female,0,Yes,No,Yes,Yes,Fiber optic,Yes,Yes,Yes,Yes,Yes,Yes,Two year,Yes,Credit card (automatic),113.65,No,72
9239-ZBZZV,Female,0,No,No,No,No phone service,DSL,No,No,Yes,No,Yes,Yes,Month-to-month,Yes,Electronic check,47.95,Yes,6
9242-TKFSV,Male,0,Yes,Yes,No,No phone service,DSL,Yes,Yes,Yes,Yes,Yes,Yes,Two year,Yes,Credit card (automatic),65.1,No,72
9244-ZVAPM,Male,0,No,No,Yes,No,DSL,No,No,No,No,No,No,Month-to-month,No,Mailed check,45.6,No,1
9248-OJYKK,Male,1,No,No,Yes,Yes,Fiber optic,No,No,No,No,No,No,Month-to-month,Yes,Electronic check,76.45,Yes,1
9250-WYPLL,Female,0,No,No,Yes,Yes,Fiber optic,No,No,No,No,No,No,Month-to-month,No,Electronic check,75.55,Yes,5
9251-AWQGT,Female,0,Yes,Yes,Yes,No,No,No internet service,No internet service,No internet service,No internet service,No internet service,No internet service,Two year,No,Mailed check,20.0,No,48
9251-WNSOD,Female,0,Yes,No,Yes,Yes,DSL,Yes,Yes,Yes,No,No,Yes,One year,No,Mailed check,75.1,No,67
9253-QXKBE,Male,1,Yes,No,Yes,Yes,Fiber optic,No,No,No,No,Yes,Yes,Month-to-month,Yes,Electronic check,94.45,Yes,29
9253-VIFJQ,Male,0,Yes,No,Yes,Yes,DSL,Yes,Yes,Yes,No,No,No,One year,No,Credit card (automatic),67.05,No,65
9254-RBFON,Female,0,Yes,Yes,Yes,No,Fiber optic,No,No,Yes,Yes,Yes,Yes,One year,No,Bank transfer (automatic),98.6,Yes,17
9256-JTBNZ,Female,0,No,No,Yes,No,No,No internet service,No internet service,No internet service,No internet service,No internet service,No internet service,Month-to-month,No,Bank transfer (automatic),20.3,No,11
9257-AZMTZ,Female,0,Yes,Yes,Yes,No,No,No internet service,No internet service,No internet service,No internet service,No internet service,No internet service,Two year,No,Bank transfer (automatic),20.1,No,52
9258-CNWAC,Female,0,Yes,Yes,Yes,Yes,Fiber optic,Yes,Yes,Yes,Yes,Yes,Yes,Two year,No,Credit card (automatic),113.65,No,71
9269-CQOOL,Male,0,No,Yes,Yes,No,DSL,No,No,No,No,Yes,No,Month-to-month,Yes,Credit card (automatic),54.7,Yes,3
9274-CNFMO,Male,1,Yes,No,Yes,Yes,Fiber optic,No,No,No,No,No,No,Month-to-month,No,Electronic check,74.95,Yes,4
9277-JOOMO,Female,0,No,No,Yes,Yes,No,No internet service,No internet service,No internet service,No internet service,No internet service,No internet service,Month-to-month,No,Mailed check,24.6,No,3
9279-CJEOJ,Female,1,No,No,Yes,Yes,Fiber optic,No,No,No,No,Yes,Yes,Month-to-month,Yes,Bank transfer (automatic),95.4,No,21
9281-CEDRU,Female,0,Yes,No,Yes,No,DSL,No,Yes,No,Yes,Yes,No,Two year,No,Bank transfer (automatic),64.1,No,68
9282-IZGQK,Female,0,No,No,Yes,Yes,Fiber optic,No,No,No,No,No,Yes,Month-to-month,Yes,Electronic check,85.0,Yes,1
9283-LZQOH,Male,0,Yes,Yes,Yes,Yes,Fiber optic,No,No,No,No,No,No,Month-to-month,Yes,Credit card (automatic),74.4,Yes,13
9286-BHDQG,Male,0,Yes,Yes,No,No phone service,DSL,Yes,Yes,Yes,Yes,No,No,Two year,No,Credit card (automatic),45.25,No,72
9286-DOJGF,Female,1,Yes,No,Yes,Yes,Fiber optic,No,No,No,No,No,No,Month-to-month,Yes,Bank transfer (automatic),74.95,Yes,38
9289-LBQVU,Male,0,Yes,No,Yes,Yes,DSL,No,Yes,No,Yes,No,Yes,One year,Yes,Mailed check,70.15,No,64
9290-SHCMB,Female,1,No,No,Yes,No,Fiber optic,No,No,Yes,No,Yes,Yes,Month-to-month,Yes,Electronic check,96.85,No,13
9294-TDIPC,Male,0,No,Yes,Yes,No,No,No internet service,No internet service,No internet service,No internet service,No internet service,No internet service,Month-to-month,No,Mailed check,20.2,No,5
9297-FVVDH,Female,0,Yes,Yes,Yes,Yes,DSL,Yes,No,Yes,Yes,Yes,Yes,Two year,Yes,Electronic check,84.5,No,57
9298-WGMRW,Female,0,Yes,No,Yes,Yes,Fiber optic,Yes,Yes,Yes,Yes,Yes,Yes,Two year,Yes,Bank transfer (automatic),115.5,No,72
9300-AGZNL,Male,1,No,No,Yes,Yes,Fiber optic,No,No,No,No,Yes,Yes,Month-to-month,Yes,Electronic check,94.0,Yes,1
9300-RENDD,Male,0,No,No,Yes,No,Fiber optic,No,No,No,No,Yes,No,Month-to-month,Yes,Electronic check,79.95,Yes,1
9305-CDSKC,Female,0,No,No,Yes,Yes,Fiber optic,No,No,Yes,No,Yes,Yes,Month-to-month,Yes,Electronic check,99.65,Yes,8
9306-CPCBC,Female,0,No,No,Yes,Yes,Fiber optic,No,No,No,No,No,No,Month-to-month,Yes,Electronic check,74.25,Yes,3
9308-ANMVE,Male,0,No,Yes,Yes,No,DSL,Yes,Yes,No,No,No,No,Month-to-month,Yes,Electronic check,55.3,No,47
9309-BZGNT,Male,1,Yes,No,No,No phone service,DSL,No,No,Yes,No,No,No,One year,Yes,Credit card (automatic),29.8,No,69
9313-CDOGY,Male,0,Yes,Yes,Yes,No,No,No internet service,No internet service,No internet service,No internet service,No internet service,No internet service,Month-to-month,No,Electronic check,19.6,No,38
9314-IJWSQ,Female,0,Yes,Yes,Yes,Yes,Fiber optic,No,No,No,No,Yes,No,Month-to-month,Yes,Electronic check,84.8,No,14
9314-QDMDW,Male,0,No,No,Yes,No,DSL,No,Yes,No,No,Yes,No,One year,Yes,Electronic check,61.25,No,11
9317-WZPGV,Female,1,No,No,Yes,No,Fiber optic,No,No,No,No,No,Yes,Month-to-month,Yes,Bank transfer (automatic),79.75,Yes,2
9318-NKNFC,Male,0,No,No,Yes,No,No,No internet service,No internet service,No internet service,No internet service,No internet service,No internet service,Month-to-month,Yes,Mailed check,18.85,Yes,1
9327-QSDED,Male,0,No,No,Yes,No,DSL,No,No,No,No,No,No,Month-to-month,No,Mailed check,43.55,No,8
9330-DHBFL,Female,0,Yes,Yes,Yes,No,DSL,Yes,Yes,Yes,Yes,No,No,One year,Yes,Mailed check,66.25,No,23
9330-IJWIO,Female,0,No,No,Yes,Yes,Fiber optic,Yes,No,No,No,Yes,Yes,Month-to-month,Yes,Electronic check,100.35,Yes,13
9330-VOFSZ,Female,0,Yes,No,Yes,Yes,Fiber optic,No,Yes,Yes,Yes,Yes,Yes,Two year,Yes,Credit card (automatic),110.8,No,60
9332-GYWLO,Female,0,Yes,Yes,Yes,No,DSL,No,No,No,No,Yes,No,Month-to-month,No,Electronic check,54.85,No,6
9334-GWGOW,Male,1,Yes,No,Yes,Yes,Fiber optic,No,No,No,No,No,No,Month-to-month,Yes,Electronic check,74.85,No,7
9337-SRRNI,Male,0,No,Yes,Yes,Yes,No,No internet service,No internet service,No internet service,No internet service,No internet service,No internet service,Two year,Yes,Credit card (automatic),25.3,No,66
9339-FIIJL,Male,0,Yes,No,Yes,Yes,DSL,No,Yes,Yes,Yes,Yes,Yes,Two year,No,Bank transfer (automatic),85.95,No,72
9347-AERRL,Male,0,Yes,No,Yes,No,No,No internet service,No internet service,No internet service,No internet service,No internet service,No internet service,One year,No,Credit card (automatic),19.3,No,23
9348-ROUAI,Female,0,Yes,Yes,Yes,Yes,DSL,Yes,Yes,Yes,Yes,Yes,Yes,Two year,No,Credit card (automatic),90.3,No,59
9348-YVOMK,Male,0,No,No,Yes,No,DSL,No,No,No,No,No,No,Month-to-month,Yes,Credit card (automatic),44.8,No,4
9350-VLHMB,Male,0,Yes,Yes,Yes,Yes,Fiber optic,No,Yes,No,No,No,Yes,Month-to-month,Yes,Bank transfer (automatic),89.55,No,67
9350-ZXYJC,Female,0,No,No,Yes,Yes,No,No internet service,No internet service,No internet service,No internet service,No internet service,No internet service,Two year,Yes,Credit card (automatic),25.3,No,4
9351-HXDMR,Male,0,Yes,No,Yes,Yes,Fiber optic,Yes,No,Yes,Yes,Yes,Yes,Two year,Yes,Credit card (automatic),110.9,No,72
9351-LZYGF,Female,0,Yes,No,Yes,Yes,DSL,Yes,Yes,No,Yes,No,No,Month-to-month,Yes,Credit card (automatic),66.4,No,42
9355-NPPFS,Female,1,No,No,Yes,No,Fiber optic,No,No,No,No,No,Yes,Month-to-month,Yes,Electronic check,78.8,No,26
9356-AXGMP,Male,0,Yes,No,Yes,Yes,Fiber optic,Yes,No,Yes,Yes,Yes,Yes,One year,Yes,Electronic check,110.7,No,38
9357-UJRUN,Male,0,Yes,No,Yes,Yes,DSL,Yes,No,No,Yes,No,No,One year,Yes,Electronic check,58.35,No,24
9359-JANWS,Female,0,Yes,No,Yes,No,DSL,Yes,No,Yes,Yes,No,No,Two year,No,Credit card (automatic),58.9,No,65
9359-UGBTK,Female,0,No,No,Yes,No,DSL,Yes,No,Yes,Yes,No,Yes,One year,Yes,Bank transfer (automatic),72.35,No,67
9360-AHGNL,Female,1,Yes,No,Yes,Yes,Fiber optic,Yes,No,Yes,Yes,Yes,Yes,One year,Yes,Mailed check,109.55,Yes,43
9360-OMDZZ,Male,0,No,No,Yes,Yes,Fiber optic,No,No,No,No,Yes,Yes,Month-to-month,Yes,Electronic check,94.1,No,24
9361-YNQWJ,Female,0,No,No,Yes,Yes,No,No internet service,No internet service,No internet service,No internet service,No internet service,No internet service,One year,Yes,Bank transfer (automatic),24.4,No,64
9362-MWODR,Female,0,No,Yes,Yes,No,DSL,Yes,No,No,Yes,Yes,No,Month-to-month,Yes,Credit card (automatic),64.1,No,40
9364-YKUVW,Male,0,No,No,Yes,No,No,No internet service,No internet service,No internet service,No internet service,No internet service,No internet service,Month-to-month,Yes,Mailed check,19.8,No,15
9365-CSLBQ,Male,0,No,Yes,Yes,Yes,No,No internet service,No internet service,No internet service,No internet service,No internet service,No internet service,Two year,No,Mailed check,24.35,No,71
9365-SRSZE,Male,1,Yes,No,Yes,No,Fiber optic,No,No,No,No,No,No,Month-to-month,Yes,Electronic check,70.55,No,27
9367-WXLCH,Male,0,No,No,Yes,Yes,Fiber optic,No,No,No,No,No,Yes,Month-to-month,No,Bank transfer (automatic),84.5,Yes,8
9369-XFEHK,Female,1,Yes,No,Yes,Yes,Fiber optic,No,Yes,No,No,No,No,Month-to-month,Yes,Bank transfer (automatic),80.6,Yes,33
9371-BITHB,Female,0,Yes,Yes,Yes,No,No,No internet service,No internet service,No internet service,No internet service,No internet service,No internet service,Two year,No,Mailed check,19.85,No,52
9372-TXXPS,Female,0,Yes,No,Yes,No,DSL,Yes,Yes,No,Yes,No,No,Two year,No,Bank transfer (automatic),59.85,No,60
9373-WSLOY,Male,1,Yes,No,No,No phone service,DSL,No,Yes,Yes,Yes,Yes,No,Month-to-month,Yes,Electronic check,50.0,No,33
9375-MHRRS,Male,0,No,No,Yes,No,DSL,No,No,No,Yes,No,No,Month-to-month,No,Mailed check,50.05,No,6
9385-EHGDO,Female,0,Yes,Yes,Yes,No,No,No internet service,No internet service,No internet service,No internet service,No internet service,No internet service,Two year,Yes,Mailed check,19.85,No,35
9385-NXKDA,Female,0,Yes,No,Yes,Yes,DSL,Yes,Yes,Yes,No,Yes,Yes,Two year,Yes,Credit card (automatic),82.65,No,72
9386-LDCZR,Male,0,No,No,Yes,No,Fiber optic,Yes,Yes,Yes,Yes,No,No,One year,Yes,Credit card (automatic),90.65,No,43
9388-ZEYVT,Male,0,No,No,No,No phone service,DSL,No,No,Yes,Yes,No,Yes,One year,No,Electronic check,44.15,No,43
9389-ACWBI,Female,0,Yes,Yes,Yes,No,Fiber optic,No,No,No,No,No,No,Month-to-month,No,Credit card (automatic),69.95,No,5
9391-DXGGG,Female,1,No,No,Yes,No,Fiber optic,No,Yes,Yes,No,No,Yes,One year,No,Credit card (automatic),89.15,No,44
9391-EOYLI,Male,1,Yes,No,Yes,No,Fiber optic,No,No,No,No,No,Yes,Month-to-month,Yes,Electronic check,80.45,Yes,12
9391-LMANN,Male,0,No,Yes,Yes,No,Fiber optic,Yes,Yes,Yes,No,No,Yes,One year,No,Electronic check,95.95,No,53
9391-TTOYH,Female,0,No,No,Yes,No,No,No internet service,No internet service,No internet service,No internet service,No internet service,No internet service,Month-to-month,Yes,Mailed check,19.5,No,23
9391-YZEJW,Female,0,No,No,Yes,Yes,Fiber optic,No,No,No,No,Yes,Yes,One year,Yes,Bank transfer (automatic),94.0,No,62
9392-XBGTD,Male,0,No,Yes,Yes,No,No,No internet service,No internet service,No internet service,No internet service,No internet service,No internet service,Two year,No,Mailed check,20.6,No,27
9396-ZSFLL,Female,0,No,No,Yes,Yes,DSL,No,No,No,No,No,No,Month-to-month,No,Mailed check,48.85,No,15
9397-TZSHA,Female,0,No,No,Yes,Yes,No,No internet service,No internet service,No internet service,No internet service,No internet service,No internet service,Two year,No,Credit card (automatic),24.6,No,69
9399-APLBT,Female,0,Yes,Yes,Yes,No,Fiber optic,No,Yes,No,No,No,No,Month-to-month,Yes,Electronic check,74.7,Yes,1
9402-CXWPL,Female,0,No,No,Yes,Yes,Fiber optic,No,Yes,No,No,Yes,Yes,One year,No,Electronic check,98.9,No,70
9402-ORRAH,Female,1,No,No,Yes,No,Fiber optic,No,No,No,No,Yes,Yes,Month-to-month,Yes,Electronic check,91.5,No,15
9402-ROUMJ,Female,0,Yes,Yes,Yes,Yes,Fiber optic,Yes,No,Yes,Yes,No,Yes,One year,Yes,Bank transfer (automatic),100.25,No,67
9405-GPBBG,Female,0,No,No,Yes,Yes,Fiber optic,No,Yes,Yes,Yes,Yes,Yes,Two year,Yes,Credit card (automatic),110.5,No,64
9408-HRXRK,Female,0,Yes,Yes,Yes,Yes,Fiber optic,Yes,Yes,No,No,Yes,Yes,Month-to-month,Yes,Electronic check,105.15,No,45
9408-SSNVZ,Female,0,No,No,Yes,No,Fiber optic,No,No,No,No,No,No,Month-to-month,Yes,Electronic check,70.15,Yes,4
9411-TPQQV,Female,0,No,No,No,No phone service,DSL,Yes,No,No,Yes,Yes,Yes,One year,Yes,Bank transfer (automatic),54.55,No,40
9412-ARGBX,Female,0,No,Yes,Yes,No,Fiber optic,No,Yes,Yes,Yes,Yes,No,Two year,Yes,Mailed check,95.5,Yes,48
9412-GHEEC,Male,0,No,No,Yes,Yes,Fiber optic,No,No,Yes,Yes,Yes,Yes,Month-to-month,No,Bank transfer (automatic),104.8,Yes,40
9415-DPEWS,Female,0,No,No,Yes,Yes,Fiber optic,No,No,No,Yes,Yes,No,Month-to-month,Yes,Electronic check,88.35,Yes,18
9415-TPKRV,Female,0,Yes,Yes,Yes,Yes,DSL,No,Yes,No,No,No,No,Month-to-month,No,Electronic check,55.75,No,8
9415-ZNBSX,Female,0,Yes,Yes,Yes,Yes,DSL,Yes,Yes,Yes,Yes,Yes,Yes,Two year,Yes,Bank transfer (automatic),89.0,No,70
9418-RUKPH,Female,0,Yes,Yes,Yes,No,No,No internet service,No internet service,No internet service,No internet service,No internet service,No internet service,Two year,Yes,Mailed check,19.95,No,38
9419-IPPBE,Female,0,Yes,Yes,Yes,Yes,Fiber optic,No,No,Yes,No,No,Yes,One year,Yes,Electronic check,90.15,No,51
9420-LOJKX,Female,0,No,No,Yes,No,Fiber optic,Yes,Yes,No,No,Yes,Yes,Month-to-month,Yes,Credit card (automatic),99.1,Yes,15
9424-CMPOG,Male,0,Yes,Yes,Yes,No,No,No internet service,No internet service,No internet service,No internet service,No internet service,No internet service,Two year,No,Mailed check,19.6,No,9
9426-SXNHE,Female,0,No,No,Yes,No,No,No internet service,No internet service,No internet service,No internet service,No internet service,No internet service,Month-to-month,No,Bank transfer (automatic),18.75,No,2
9430-FRQOC,Female,0,No,Yes,Yes,Yes,Fiber optic,No,No,Yes,Yes,No,No,Month-to-month,Yes,Mailed check,87.1,Yes,4
9430-NKQLY,Male,0,Yes,Yes,Yes,Yes,No,No internet service,No internet service,No internet service,No internet service,No internet service,No internet service,Two year,Yes,Credit card (automatic),25.1,No,72
9432-RUVSL,Female,0,No,No,Yes,No,Fiber optic,Yes,No,Yes,Yes,Yes,Yes,Two year,Yes,Credit card (automatic),102.5,No,48
9432-VOFYX,Male,0,No,No,Yes,No,Fiber optic,No,No,No,No,No,No,Month-to-month,Yes,Electronic check,70.8,No,17
9435-JMLSX,Male,0,Yes,No,Yes,No,DSL,Yes,Yes,Yes,Yes,Yes,Yes,Two year,Yes,Bank transfer (automatic),86.1,No,71
9436-ZBZCT,Male,0,No,No,Yes,Yes,Fiber optic,No,No,No,Yes,Yes,No,Month-to-month,Yes,Electronic check,89.95,Yes,14
9441-QHEVC,Male,0,No,No,Yes,No,No,No internet service,No internet service,No internet service,No internet service,No internet service,No internet service,Month-to-month,No,Mailed check,19.1,No,1
9442-JTWDL,Female,0,No,No,Yes,No,No,No internet service,No internet service,No internet service,No internet service,No internet service,No internet service,One year,No,Credit card (automatic),20.05,No,11
9443-JUBUO,Male,0,Yes,Yes,No,No phone service,DSL,Yes,Yes,Yes,Yes,Yes,Yes,Two year,Yes,Credit card (automatic),65.25,No,72
9444-JTXHZ,Male,0,Yes,No,Yes,No,Fiber optic,No,No,Yes,No,No,No,Month-to-month,No,Electronic check,76.2,Yes,1
9445-SZLCH,Female,0,Yes,Yes,Yes,Yes,Fiber optic,No,Yes,Yes,No,Yes,No,Month-to-month,Yes,Bank transfer (automatic),97.35,Yes,36
9445-ZUEQE,Male,0,Yes,Yes,Yes,Yes,Fiber optic,No,Yes,No,Yes,No,No,Month-to-month,Yes,Credit card (automatic),85.2,No,27
9447-YPTBX,Female,0,Yes,No,Yes,No,No,No internet service,No internet service,No internet service,No internet service,No internet service,No internet service,One year,Yes,Bank transfer (automatic),19.85,No,50
9448-REEVD,Male,0,Yes,No,Yes,No,DSL,No,No,No,No,No,No,Month-to-month,No,Credit card (automatic),44.7,Yes,1
9450-TRJUU,Male,0,No,No,Yes,Yes,Fiber optic,No,No,No,No,Yes,No,Month-to-month,No,Electronic check,83.15,No,35
9451-LPGOO,Male,0,No,No,Yes,Yes,Fiber optic,No,No,No,No,No,Yes,Month-to-month,Yes,Electronic check,86.8,Yes,7
9451-WLYRI,Female,0,Yes,No,Yes,No,No,No internet service,No internet service,No internet service,No internet service,No internet service,No internet service,One year,No,Credit card (automatic),19.05,No,53
9453-PATOS,Female,0,Yes,No,Yes,No,DSL,Yes,Yes,Yes,Yes,Yes,Yes,Two year,No,Mailed check,85.1,No,72
9462-MJUAW,Male,0,No,No,Yes,Yes,DSL,No,No,No,No,No,No,Month-to-month,No,Mailed check,50.4,Yes,4
9465-RWMXL,Male,0,Yes,No,Yes,Yes,Fiber optic,No,No,Yes,No,No,No,Month-to-month,Yes,Electronic check,78.9,Yes,32
9467-ROOLM,Female,0,No,No,Yes,No,No,No internet service,No internet service,No internet service,No internet service,No internet service,No internet service,Month-to-month,No,Mailed check,19.05,No,25
9469-WEJBT,Male,0,Yes,No,Yes,No,Fiber optic,No,No,Yes,Yes,No,Yes,Month-to-month,Yes,Electronic check,90.35,No,37
9470-RTWDV,Male,0,Yes,Yes,Yes,Yes,DSL,No,No,Yes,Yes,Yes,Yes,One year,Yes,Credit card (automatic),82.0,No,26
9470-YFUYI,Male,1,Yes,No,Yes,No,DSL,Yes,Yes,No,Yes,Yes,No,One year,Yes,Bank transfer (automatic),71.0,No,71
9473-CBZOP,Female,0,No,No,Yes,Yes,DSL,Yes,No,Yes,No,No,No,One year,No,Mailed check,59.0,No,28
9475-NNDGC,Male,0,Yes,No,Yes,Yes,Fiber optic,No,Yes,Yes,Yes,Yes,Yes,One year,Yes,Bank transfer (automatic),113.15,No,71
9477-LGWQI,Male,0,Yes,Yes,Yes,No,DSL,Yes,Yes,Yes,No,Yes,Yes,Two year,Yes,Credit card (automatic),80.15,No,70
9479-HYNYL,Female,0,Yes,No,Yes,No,DSL,No,Yes,Yes,Yes,Yes,Yes,Two year,Yes,Credit card (automatic),80.7,No,71
9481-SFCQY,Female,0,No,Yes,Yes,No,DSL,No,No,Yes,No,Yes,No,Month-to-month,Yes,Credit card (automatic),59.8,No,14
9483-GCPWE,Male,0,No,Yes,Yes,No,No,No internet service,No internet service,No internet service,No internet service,No internet service,No internet service,One year,No,Mailed check,20.1,No,9
9488-FYQAU,Female,0,Yes,No,Yes,Yes,Fiber optic,No,Yes,Yes,Yes,Yes,Yes,Two year,Yes,Bank transfer (automatic),109.25,No,63
9488-HGMJH,Female,1,No,No,Yes,No,Fiber optic,No,No,No,No,No,No,Month-to-month,Yes,Electronic check,71.15,Yes,1
9489-DEDVP,Female,0,Yes,Yes,Yes,Yes,DSL,Yes,Yes,No,No,Yes,No,Two year,Yes,Credit card (automatic),69.2,No,70
9489-JMTTN,Female,0,Yes,Yes,Yes,Yes,DSL,Yes,Yes,Yes,Yes,Yes,Yes,Two year,No,Credit card (automatic),89.75,No,72
9494-BDNNC,Male,0,Yes,No,Yes,Yes,Fiber optic,No,Yes,Yes,No,No,Yes,One year,No,Electronic check,95.3,No,66
9494-MRNYX,Male,0,No,No,Yes,Yes,Fiber optic,No,No,No,No,No,No,Month-to-month,No,Electronic check,75.05,No,10
9495-REDIY,Male,0,No,Yes,No,No phone service,DSL,Yes,No,No,No,Yes,No,One year,Yes,Credit card (automatic),40.65,No,25
9496-IVVRP,Female,0,Yes,Yes,Yes,No,DSL,Yes,No,No,No,No,No,Month-to-month,No,Bank transfer (automatic),51.0,No,11
9497-QCMMS,Male,1,No,No,Yes,Yes,Fiber optic,No,No,No,No,Yes,Yes,Month-to-month,Yes,Electronic check,93.55,Yes,1
9498-FIMXL,Female,0,No,No,Yes,No,No,No internet service,No internet service,No internet service,No internet service,No internet service,No internet service,One year,Yes,Mailed check,19.2,No,8
9500-IWPXQ,Female,0,Yes,Yes,Yes,Yes,DSL,Yes,Yes,Yes,Yes,No,Yes,One year,Yes,Electronic check,79.4,No,61
9500-LTVBP,Female,0,No,No,Yes,Yes,Fiber optic,No,No,No,Yes,No,No,Month-to-month,No,Credit card (automatic),80.05,No,35
9500-WBGRP,Male,0,No,No,Yes,No,No,No internet service,No internet service,No internet service,No internet service,No internet service,No internet service,Two year,Yes,Mailed check,19.1,No,69
9501-UKKNL,Male,0,No,No,No,No phone service,DSL,No,No,No,Yes,Yes,Yes,Month-to-month,Yes,Electronic check,51.7,No,59
9503-XJUME,Male,0,No,Yes,Yes,No,No,No internet service,No internet service,No internet service,No internet service,No internet service,No internet service,One year,No,Credit card (automatic),19.65,No,52
9504-YAZWB,Female,0,No,No,Yes,No,No,No internet service,No internet service,No internet service,No internet service,No internet service,No internet service,Two year,No,Mailed check,20.25,No,53
9505-SQFSW,Female,0,Yes,Yes,No,No phone service,DSL,No,Yes,No,No,No,Yes,Month-to-month,No,Mailed check,40.3,No,3
9506-UXUSK,Male,0,No,No,Yes,No,Fiber optic,No,No,No,No,No,No,Month-to-month,Yes,Electronic check,70.15,No,13
9507-EXLTT,Female,0,Yes,No,Yes,No,Fiber optic,No,No,No,No,Yes,No,Month-to-month,Yes,Bank transfer (automatic),79.35,Yes,1
9508-ILZDG,Female,1,No,No,Yes,Yes,Fiber optic,No,Yes,No,Yes,Yes,No,Month-to-month,Yes,Electronic check,96.35,No,34
9514-JDSKI,Male,1,Yes,No,No,No phone service,DSL,No,Yes,No,No,Yes,No,Month-to-month,No,Electronic check,40.2,Yes,1
9518-RWHZL,Female,0,No,No,Yes,Yes,Fiber optic,No,No,Yes,No,Yes,Yes,One year,Yes,Credit card (automatic),100.05,Yes,64
9522-ZSINC,Male,0,No,No,Yes,No,No,No internet service,No internet service,No internet service,No internet service,No internet service,No internet service,One year,Yes,Electronic check,19.95,No,13
9524-EGPJC,Female,0,No,No,Yes,Yes,Fiber optic,No,No,No,Yes,No,Yes,Month-to-month,Yes,Electronic check,90.1,Yes,18
9526-BIHHD,Male,0,No,No,No,No phone service,DSL,Yes,No,No,No,No,No,Month-to-month,No,Mailed check,29.7,Yes,1
9526-JAWYF,Male,0,No,No,Yes,No,Fiber optic,No,Yes,Yes,No,Yes,No,Month-to-month,No,Electronic check,89.8,Yes,26
9530-EHPOH,Male,0,No,No,Yes,Yes,DSL,No,No,Yes,No,No,No,Month-to-month,No,Electronic check,53.75,Yes,11
9530-GRMJG,Male,0,Yes,Yes,Yes,Yes,DSL,No,Yes,Yes,Yes,Yes,Yes,Two year,Yes,Electronic check,84.1,No,70
9531-NSBMR,Female,0,No,No,Yes,No,No,No internet service,No internet service,No internet service,No internet service,No internet service,No internet service,One year,Yes,Bank transfer (automatic),19.25,No,36
9534-NSXEM,Male,0,No,No,Yes,No,No,No internet service,No internet service,No internet service,No internet service,No internet service,No internet service,One year,Yes,Credit card (automatic),20.65,No,26
9537-JALFH,Male,0,Yes,Yes,Yes,No,No,No internet service,No internet service,No internet service,No internet service,No internet service,No internet service,Two year,No,Bank transfer (automatic),19.9,No,69
9537-VHDTA,Female,0,No,Yes,Yes,No,DSL,Yes,No,No,No,No,No,Month-to-month,No,Mailed check,51.2,No,1
9540-JYROE,Male,0,No,No,Yes,No,Fiber optic,No,No,No,No,No,No,Month-to-month,Yes,Mailed check,70.1,Yes,8
9541-PWTWO,Female,0,No,No,Yes,Yes,DSL,No,No,Yes,Yes,Yes,Yes,Two year,Yes,Bank transfer (automatic),80.95,No,52
9541-ZPSEA,Male,0,Yes,Yes,Yes,No,Fiber optic,Yes,No,Yes,No,No,No,Two year,No,Credit card (automatic),80.35,No,68
9544-PYPSJ,Female,1,Yes,Yes,Yes,Yes,Fiber optic,No,Yes,Yes,No,No,Yes,Month-to-month,Yes,Credit card (automatic),96.1,No,62
9546-CQJSU,Female,0,No,No,Yes,Yes,Fiber optic,No,No,Yes,No,Yes,No,Month-to-month,Yes,Electronic check,91.4,Yes,2
9546-KDTRB,Female,0,No,No,Yes,Yes,No,No internet service,No internet service,No internet service,No internet service,No internet service,No internet service,Month-to-month,No,Bank transfer (automatic),24.7,No,19
9547-ITEFG,Male,0,Yes,Yes,Yes,Yes,Fiber optic,No,Yes,Yes,No,Yes,Yes,Month-to-month,Yes,Credit card (automatic),102.6,No,9
9548-LIGTA,Male,0,Yes,No,Yes,No,DSL,Yes,Yes,No,Yes,Yes,Yes,Two year,Yes,Mailed check,81.05,No,61
9548-ZMVTX,Male,0,Yes,Yes,Yes,Yes,Fiber optic,No,Yes,Yes,Yes,No,No,Two year,No,Bank transfer (automatic),90.45,No,72
9552-TGUZV,Male,0,Yes,No,Yes,No,Fiber optic,Yes,No,No,No,No,No,Month-to-month,Yes,Mailed check,75.0,No,8
9553-DLCLU,Female,0,No,Yes,Yes,Yes,DSL,Yes,Yes,Yes,Yes,Yes,Yes,Two year,No,Credit card (automatic),88.95,No,13
9554-DFKIC,Male,0,Yes,Yes,Yes,Yes,DSL,Yes,No,No,No,No,No,Month-to-month,Yes,Bank transfer (automatic),54.45,No,30
9555-SAHUZ,Female,0,Yes,Yes,Yes,No,DSL,Yes,Yes,No,No,No,No,Month-to-month,No,Electronic check,54.5,No,38
9560-ARGQJ,Female,0,No,Yes,Yes,No,Fiber optic,No,No,No,No,Yes,No,Month-to-month,Yes,Electronic check,81.0,Yes,16
9560-BBZXK,Female,0,No,No,No,No phone service,DSL,Yes,No,No,No,No,No,Two year,No,Bank transfer (automatic),31.05,No,36
9564-KCLHR,Male,0,No,No,Yes,No,DSL,No,No,No,Yes,No,No,Month-to-month,No,Mailed check,51.25,Yes,1
9565-AXSMR,Male,0,Yes,Yes,Yes,No,No,No internet service,No internet service,No internet service,No internet service,No internet service,No internet service,Two year,No,Mailed check,19.2,No,52
9565-FLVCG,Male,0,Yes,Yes,Yes,Yes,DSL,Yes,Yes,No,No,No,Yes,Two year,Yes,Mailed check,69.55,No,65
9570-KYEUA,Male,0,No,No,Yes,Yes,Fiber optic,Yes,No,Yes,Yes,No,Yes,Two year,No,Credit card (automatic),99.25,No,64
9571-EDEBV,Male,0,Yes,No,Yes,Yes,Fiber optic,No,No,Yes,No,Yes,Yes,One year,Yes,Credit card (automatic),98.65,No,71
9572-WUKSB,Male,0,Yes,No,No,No phone service,DSL,No,No,No,Yes,No,No,Month-to-month,Yes,Electronic check,29.9,No,3
9574-BOSMD,Male,0,Yes,Yes,Yes,Yes,No,No internet service,No internet service,No internet service,No internet service,No internet service,No internet service,Two year,No,Bank transfer (automatic),25.4,No,68
9574-RKJIF,Male,0,Yes,Yes,Yes,Yes,Fiber optic,Yes,Yes,No,No,Yes,No,Month-to-month,Yes,Electronic check,94.4,Yes,30
9575-IWCAZ,Male,0,Yes,No,Yes,Yes,No,No internet service,No internet service,No internet service,No internet service,No internet service,No internet service,One year,No,Mailed check,25.1,No,6
9576-ANLXO,Female,0,No,No,Yes,No,Fiber optic,No,No,No,No,No,No,Month-to-month,Yes,Bank transfer (automatic),69.55,Yes,3
9578-FOMUK,Male,0,No,Yes,Yes,Yes,No,No internet service,No internet service,No internet service,No internet service,No internet service,No internet service,Month-to-month,Yes,Electronic check,24.8,No,15
9581-GVBXT,Male,0,Yes,Yes,No,No phone service,DSL,Yes,No,Yes,No,No,No,One year,No,Mailed check,34.8,No,59
9584-EXCDZ,Female,0,No,No,Yes,No,Fiber optic,No,No,No,No,No,No,Month-to-month,No,Bank transfer (automatic),70.5,No,17
9585-KKMFD,Male,0,Yes,Yes,Yes,No,No,No internet service,No internet service,No internet service,No internet service,No internet service,No internet service,Two year,Yes,Mailed check,20.0,No,41
9586-JGQKH,Female,0,Yes,No,Yes,Yes,Fiber optic,No,Yes,No,Yes,Yes,Yes,Two year,Yes,Bank transfer (automatic),105.4,No,64
9588-OZDMQ,Female,0,Yes,No,Yes,No,DSL,No,No,No,No,No,No,Month-to-month,Yes,Electronic check,45.0,No,2
9588-YRFHY,Male,0,No,No,Yes,No,No,No internet service,No internet service,No internet service,No internet service,No internet service,No internet service,Two year,Yes,Credit card (automatic),19.9,No,49
9589-ABEPT,Male,0,Yes,No,Yes,Yes,Fiber optic,No,Yes,No,Yes,Yes,No,Two year,Yes,Mailed check,92.45,No,69
9592-ERDKV,Male,0,Yes,No,Yes,Yes,DSL,Yes,No,Yes,No,Yes,Yes,One year,No,Mailed check,79.25,No,37
9600-NAXZN,Male,0,No,No,Yes,Yes,Fiber optic,No,Yes,No,No,Yes,Yes,Month-to-month,Yes,Electronic check,101.4,Yes,43
9600-UDOPK,Male,0,Yes,No,Yes,Yes,Fiber optic,No,No,No,No,Yes,Yes,Month-to-month,Yes,Credit card (automatic),94.05,Yes,30
9601-BRXPO,Female,0,Yes,No,Yes,Yes,Fiber optic,No,No,Yes,Yes,Yes,Yes,Month-to-month,Yes,Bank transfer (automatic),104.95,Yes,25
9602-WCXPI,Male,0,No,No,Yes,No,No,No internet service,No internet service,No internet service,No internet service,No internet service,No internet service,One year,No,Credit card (automatic),20.15,No,50
9605-WGJVW,Female,1,No,No,Yes,No,Fiber optic,No,No,No,No,No,No,Month-to-month,Yes,Electronic check,70.2,No,1
9606-PBKBQ,Male,1,Yes,No,Yes,Yes,Fiber optic,No,No,No,No,No,Yes,Month-to-month,Yes,Electronic check,85.0,Yes,32
9610-WCESF,Male,0,No,No,No,No phone service,DSL,Yes,No,No,Yes,Yes,No,Two year,No,Electronic check,43.9,No,67
9614-RMGHA,Male,0,Yes,No,Yes,Yes,Fiber optic,No,Yes,No,No,Yes,No,Month-to-month,Yes,Bank transfer (automatic),91.85,Yes,65
9617-INGJY,Male,0,No,No,Yes,No,Fiber optic,No,No,No,No,No,No,Month-to-month,Yes,Mailed check,70.6,No,1
9617-UDPEU,Female,0,No,No,Yes,No,No,No internet service,No internet service,No internet service,No internet service,No internet service,No internet service,One year,Yes,Mailed check,19.25,No,22
9618-LFJRU,Female,0,No,No,Yes,No,No,No internet service,No internet service,No internet service,No internet service,No internet service,No internet service,Month-to-month,No,Credit card (automatic),20.45,No,4
9619-GSATL,Female,0,No,No,Yes,No,DSL,No,Yes,No,Yes,No,No,One year,No,Electronic check,55.45,No,43
9620-QJREV,Male,0,No,Yes,Yes,No,No,No internet service,No internet service,No internet service,No internet service,No internet service,No internet service,One year,No,Credit card (automatic),20.55,No,47
9621-OUPYD,Female,0,Yes,No,Yes,No,No,No internet service,No internet service,No internet service,No internet service,No internet service,No internet service,One year,Yes,Bank transfer (automatic),20.2,No,25
9624-EGDEQ,Female,0,No,No,Yes,No,No,No internet service,No internet service,No internet service,No internet service,No internet service,No internet service,Two year,No,Mailed check,19.8,No,37
9625-QNLUX,Male,0,Yes,Yes,Yes,No,Fiber optic,Yes,Yes,Yes,No,Yes,Yes,Two year,Yes,Credit card (automatic),103.25,No,68
9625-QSTYE,Female,0,No,No,Yes,No,Fiber optic,No,Yes,Yes,No,No,No,Month-to-month,Yes,Electronic check,81.15,Yes,13
9625-RZFUK,Male,0,Yes,Yes,Yes,No,No,No internet service,No internet service,No internet service,No internet service,No internet service,No internet service,Two year,No,Mailed check,19.7,No,63
9626-VFRGG,Female,0,No,Yes,Yes,Yes,Fiber optic,No,Yes,No,No,Yes,No,Month-to-month,Yes,Bank transfer (automatic),88.5,No,41
9626-WEQRM,Female,0,No,No,No,No phone service,DSL,Yes,No,No,No,No,No,Month-to-month,Yes,Mailed check,29.15,No,4
9629-NHXFW,Female,0,Yes,Yes,Yes,No,No,No internet service,No internet service,No internet service,No internet service,No internet service,No internet service,Month-to-month,Yes,Mailed check,19.4,No,1
9631-RXVJM,Male,0,No,No,Yes,No,No,No internet service,No internet service,No internet service,No internet service,No internet service,No internet service,Two year,No,Mailed check,19.25,No,35
9631-XEYKE,Male,0,No,No,Yes,Yes,DSL,No,No,No,No,No,No,Month-to-month,No,Bank transfer (automatic),50.4,No,3
9633-XQABV,Female,0,No,No,Yes,No,Fiber optic,No,No,No,No,No,No,Month-to-month,Yes,Electronic check,70.25,No,3
9637-EIHEQ,Female,0,No,No,Yes,No,DSL,No,No,No,Yes,No,No,Month-to-month,Yes,Electronic check,50.8,Yes,1
9638-JIQYA,Male,0,No,No,No,No phone service,DSL,No,No,No,No,No,No,Month-to-month,Yes,Credit card (automatic),24.9,No,2
9639-BUJXT,Male,0,No,No,Yes,No,No,No internet service,No internet service,No internet service,No internet service,No internet service,No internet service,One year,No,Mailed check,20.5,No,63
9640-ZSLDC,Female,0,Yes,Yes,Yes,No,DSL,No,No,Yes,No,No,Yes,One year,No,Credit card (automatic),60.6,No,53
9643-AVVWI,Female,0,Yes,Yes,Yes,No,Fiber optic,No,Yes,No,Yes,No,No,Month-to-month,Yes,Electronic check,80.0,No,3
9643-YBLUR,Male,0,Yes,No,Yes,Yes,DSL,No,Yes,Yes,No,No,Yes,Month-to-month,Yes,Credit card (automatic),69.05,No,9
9644-KVCNC,Female,0,No,No,Yes,Yes,Fiber optic,No,No,Yes,No,Yes,No,One year,Yes,Bank transfer (automatic),92.15,No,66
9644-UMGQA,Male,0,Yes,Yes,Yes,No,DSL,Yes,No,No,No,No,No,Month-to-month,Yes,Electronic check,49.15,No,6
9646-NMHXE,Male,0,Yes,No,Yes,No,No,No internet service,No internet service,No internet service,No internet service,No internet service,No internet service,Two year,No,Mailed check,19.65,No,47
9647-ERGBE,Female,0,Yes,Yes,Yes,Yes,Fiber optic,No,No,Yes,No,Yes,Yes,Month-to-month,Yes,Electronic check,100.05,Yes,30
9648-BCHKM,Female,0,Yes,Yes,Yes,Yes,No,No internet service,No internet service,No internet service,No internet service,No internet service,No internet service,Two year,Yes,Credit card (automatic),24.65,No,18
9651-GTSAQ,Female,0,Yes,No,Yes,No,Fiber optic,Yes,Yes,Yes,No,Yes,Yes,One year,Yes,Bank transfer (automatic),106.1,Yes,53
9658-WYUFB,Female,0,No,No,Yes,Yes,Fiber optic,Yes,Yes,No,No,Yes,No,Month-to-month,Yes,Electronic check,94.4,Yes,17
9659-QEQSY,Female,0,No,No,Yes,Yes,Fiber optic,Yes,Yes,Yes,Yes,Yes,Yes,Month-to-month,Yes,Electronic check,115.65,No,45
9659-ZTWSM,Male,1,Yes,No,Yes,Yes,Fiber optic,No,Yes,Yes,Yes,Yes,Yes,One year,Yes,Bank transfer (automatic),107.35,No,66
9661-ACXBS,Female,0,No,No,Yes,Yes,Fiber optic,Yes,No,Yes,No,Yes,Yes,Month-to-month,Yes,Electronic check,105.2,Yes,42
9661-JALZV,Female,0,No,No,Yes,Yes,No,No internet service,No internet service,No internet service,No internet service,No internet service,No internet service,Two year,Yes,Credit card (automatic),24.7,No,58
9661-MHUMO,Male,1,Yes,Yes,Yes,No,DSL,No,No,No,Yes,No,No,Month-to-month,Yes,Credit card (automatic),49.25,Yes,1
9667-EQRXU,Female,1,No,No,No,No phone service,DSL,No,No,Yes,No,Yes,No,Month-to-month,Yes,Electronic check,40.3,Yes,30
9667-TKTVZ,Female,0,No,No,Yes,Yes,DSL,No,No,No,Yes,No,No,Month-to-month,Yes,Mailed check,54.35,No,2
9668-PUGNU,Male,0,Yes,No,Yes,Yes,No,No internet service,No internet service,No internet service,No internet service,No internet service,No internet service,Two year,Yes,Electronic check,24.5,No,71
9675-ICXCT,Male,0,Yes,Yes,Yes,No,DSL,Yes,No,Yes,Yes,Yes,Yes,Two year,Yes,Electronic check,80.8,No,72
9677-AVKED,Female,0,No,Yes,Yes,Yes,DSL,No,Yes,Yes,Yes,Yes,Yes,One year,Yes,Electronic check,84.6,No,53
9680-NIAUV,Female,0,Yes,Yes,Yes,Yes,Fiber optic,Yes,Yes,Yes,No,Yes,Yes,Two year,No,Credit card (automatic),109.7,No,72
9681-KYGYB,Male,1,Yes,No,Yes,Yes,Fiber optic,Yes,Yes,Yes,No,No,No,Month-to-month,Yes,Electronic check,88.2,No,49
9681-OXGVC,Female,0,No,No,Yes,Yes,Fiber optic,No,No,Yes,No,Yes,Yes,Month-to-month,Yes,Electronic check,100.5,Yes,5
9688-YGXVR,Female,0,No,No,Yes,No,Fiber optic,No,Yes,Yes,No,Yes,No,Month-to-month,Yes,Credit card (automatic),88.15,No,44
9689-PTNPG,Male,0,No,No,Yes,No,Fiber optic,No,No,No,No,Yes,No,Month-to-month,Yes,Electronic check,80.25,Yes,2
9691-HKOVS,Female,0,Yes,No,Yes,Yes,DSL,Yes,Yes,Yes,Yes,Yes,Yes,One year,Yes,Electronic check,90.15,No,55
9692-TUSXH,Female,0,No,No,Yes,No,Fiber optic,Yes,No,No,No,Yes,Yes,Month-to-month,Yes,Electronic check,96.05,Yes,18
9695-IDRZR,Female,0,No,Yes,Yes,Yes,Fiber optic,Yes,Yes,Yes,Yes,Yes,Yes,Two year,Yes,Credit card (automatic),116.15,No,34
9696-RMYBA,Male,0,No,No,Yes,No,Fiber optic,No,No,No,No,Yes,No,Month-to-month,Yes,Mailed check,80.1,No,5
9699-UBQFS,Female,1,Yes,No,Yes,Yes,Fiber optic,Yes,Yes,No,No,Yes,No,Month-to-month,Yes,Electronic check,94.5,No,43
9700-ISPUP,Female,0,Yes,Yes,Yes,No,DSL,No,Yes,No,Yes,No,Yes,Month-to-month,Yes,Electronic check,65.5,No,10
9700-ZCLOT,Male,0,No,No,Yes,No,No,No internet service,No internet service,No internet service,No internet service,No internet service,No internet service,Month-to-month,No,Mailed check,20.0,No,2
9701-CDXHR,Female,0,Yes,No,Yes,No,Fiber optic,No,No,No,No,No,No,Month-to-month,No,Mailed check,69.15,No,51
9702-AIUJO,Male,0,Yes,Yes,Yes,No,DSL,No,No,No,No,No,No,One year,Yes,Bank transfer (automatic),44.8,No,50
9705-IOVQQ,Male,1,Yes,Yes,Yes,Yes,Fiber optic,No,Yes,No,No,Yes,Yes,One year,No,Electronic check,99.0,No,61
9705-ZJBCG,Female,0,Yes,Yes,Yes,No,DSL,Yes,No,No,Yes,No,No,One year,No,Bank transfer (automatic),54.15,No,13
9708-KFDBY,Male,0,No,No,Yes,No,No,No internet service,No internet service,No internet service,No internet service,No internet service,No internet service,Month-to-month,No,Credit card (automatic),20.55,No,1
9710-ZUSHQ,Female,1,No,No,Yes,Yes,Fiber optic,Yes,Yes,No,No,Yes,Yes,Month-to-month,Yes,Bank transfer (automatic),106.75,Yes,37
9711-FJTBX,Male,0,Yes,Yes,Yes,No,Fiber optic,No,Yes,Yes,Yes,No,No,One year,Yes,Mailed check,85.85,No,56
9714-EDSUC,Male,0,No,No,Yes,No,Fiber optic,Yes,Yes,No,Yes,No,Yes,Month-to-month,Yes,Mailed check,94.9,No,4
9715-SBVSU,Male,0,Yes,Yes,Yes,No,DSL,Yes,Yes,No,No,No,Yes,Two year,Yes,Bank transfer (automatic),61.4,No,14
9715-WZCLW,Male,0,Yes,Yes,Yes,Yes,Fiber optic,Yes,No,No,No,Yes,Yes,Two year,Yes,Electronic check,97.2,No,71
9717-IOAAF,Male,0,No,Yes,Yes,Yes,No,No internet service,No internet service,No internet service,No internet service,No internet service,No internet service,Two year,Yes,Credit card (automatic),25.85,No,27
9717-QEBGU,Male,0,No,No,Yes,No,Fiber optic,No,No,No,No,No,No,Month-to-month,Yes,Electronic check,70.3,No,2
9728-FTTVZ,Female,0,No,No,Yes,No,Fiber optic,No,No,No,No,No,No,Month-to-month,Yes,Electronic check,69.2,Yes,1
9730-DRTMJ,Male,0,Yes,No,Yes,Yes,DSL,Yes,No,No,Yes,Yes,No,One year,Yes,Credit card (automatic),72.8,No,32
9732-EQMWY,Female,0,Yes,No,Yes,No,Fiber optic,No,Yes,Yes,No,Yes,Yes,Month-to-month,No,Electronic check,99.4,No,49
9732-OUYRN,Female,0,Yes,No,Yes,No,No,No internet service,No internet service,No internet service,No internet service,No internet service,No internet service,One year,No,Credit card (automatic),19.0,No,49
9734-UYXQI,Female,0,No,No,Yes,Yes,DSL,No,No,No,No,No,No,Month-to-month,Yes,Electronic check,49.4,Yes,2
9734-YWGEX,Female,0,No,No,Yes,Yes,Fiber optic,No,No,Yes,No,Yes,Yes,Month-to-month,No,Credit card (automatic),98.3,Yes,9
9741-YLNTD,Male,0,No,No,Yes,Yes,Fiber optic,No,No,No,Yes,No,Yes,Month-to-month,Yes,Bank transfer (automatic),87.95,No,6
9742-XOKTS,Male,0,Yes,Yes,Yes,Yes,Fiber optic,Yes,Yes,No,Yes,No,No,One year,No,Electronic check,89.55,No,67
9743-DQKQW,Male,0,No,No,No,No phone service,DSL,No,No,No,No,No,No,Month-to-month,No,Electronic check,25.1,No,3
9746-MDMBK,Male,0,Yes,Yes,Yes,Yes,Fiber optic,Yes,Yes,Yes,Yes,Yes,Yes,One year,Yes,Bank transfer (automatic),113.45,No,47
9746-UGFAC,Female,0,No,No,Yes,No,No,No internet service,No internet service,No internet service,No internet service,No internet service,No internet service,One year,No,Bank transfer (automatic),20.85,No,22
9746-YKGXB,Male,0,Yes,Yes,No,No phone service,DSL,Yes,No,Yes,No,No,Yes,One year,No,Bank transfer (automatic),44.25,No,52
9752-ZNQUT,Female,0,No,No,Yes,No,DSL,No,Yes,No,No,No,No,Month-to-month,Yes,Electronic check,48.6,No,1
9753-OYLBX,Female,0,No,No,Yes,No,No,No internet service,No internet service,No internet service,No internet service,No internet service,No internet service,Month-to-month,No,Mailed check,20.5,No,1
9754-CLVZW,Female,0,Yes,Yes,No,No phone service,DSL,Yes,Yes,No,Yes,No,No,Month-to-month,No,Credit card (automatic),38.85,No,26
9755-JHNMN,Female,0,No,No,Yes,No,DSL,Yes,Yes,Yes,Yes,No,No,Two year,No,Bank transfer (automatic),67.4,No,49
9758-MFWGD,Female,1,Yes,Yes,No,No phone service,DSL,No,Yes,No,No,No,No,One year,No,Bank transfer (automatic),29.9,No,48
9761-XUJWD,Male,0,No,No,Yes,No,DSL,No,Yes,No,Yes,No,Yes,Month-to-month,Yes,Bank transfer (automatic),65.6,No,5
9762-YAQAA,Male,0,No,No,Yes,Yes,Fiber optic,No,Yes,No,No,No,No,One year,No,Credit card (automatic),81.4,No,39
9763-GRSKD,Male,0,Yes,Yes,Yes,No,DSL,Yes,No,No,No,No,No,Month-to-month,Yes,Mailed check,49.95,No,13
9763-PDTKK,Female,0,No,No,Yes,No,Fiber optic,Yes,No,Yes,Yes,No,Yes,Month-to-month,Yes,Bank transfer (automatic),94.4,Yes,4
9764-REAFF,Female,0,Yes,No,Yes,No,No,No internet service,No internet service,No internet service,No internet service,No internet service,No internet service,Two year,No,Bank transfer (automatic),18.4,No,59
9766-HGEDE,Female,0,Yes,No,Yes,No,No,No internet service,No internet service,No internet service,No internet service,No internet service,No internet service,One year,No,Mailed check,19.35,No,17
9767-FFLEM,Male,0,No,No,Yes,No,Fiber optic,No,No,No,No,No,No,Month-to-month,Yes,Credit card (automatic),69.5,No,38
9769-TSBZE,Female,0,No,Yes,Yes,Yes,DSL,Yes,Yes,No,Yes,No,No,Two year,No,Electronic check,66.0,No,70
9770-KXGQU,Female,0,No,No,Yes,Yes,Fiber optic,Yes,Yes,Yes,No,Yes,No,One year,No,Mailed check,98.6,No,53
9773-PEQBZ,Male,0,No,No,Yes,Yes,Fiber optic,No,Yes,No,No,No,No,Month-to-month,No,Electronic check,79.85,No,10
9774-NRNAU,Male,1,Yes,No,Yes,Yes,DSL,No,Yes,Yes,Yes,Yes,Yes,Month-to-month,Yes,Bank transfer (automatic),84.8,No,27
9776-CLUJA,Female,1,Yes,No,Yes,Yes,Fiber optic,Yes,No,No,No,No,No,Month-to-month,Yes,Electronic check,77.5,Yes,51
9776-OJUZI,Female,1,No,No,Yes,Yes,Fiber optic,No,Yes,Yes,No,Yes,No,Month-to-month,Yes,Bank transfer (automatic),95.45,No,65
9777-IQHWP,Male,0,Yes,Yes,Yes,Yes,Fiber optic,Yes,No,Yes,No,No,Yes,Two year,No,Bank transfer (automatic),93.4,No,64
9777-WJJPR,Male,0,Yes,No,Yes,Yes,Fiber optic,No,No,Yes,No,Yes,No,Month-to-month,No,Credit card (automatic),88.65,No,31
9778-OGKQZ,Male,0,Yes,No,Yes,Yes,DSL,Yes,Yes,Yes,Yes,Yes,Yes,Two year,Yes,Credit card (automatic),92.0,No,72
9779-DPNEJ,Female,0,Yes,Yes,Yes,No,Fiber optic,No,No,No,No,No,Yes,Month-to-month,Yes,Electronic check,80.15,No,22
9782-LGXMC,Female,0,Yes,Yes,Yes,No,DSL,Yes,No,Yes,Yes,No,No,Month-to-month,No,Bank transfer (automatic),61.75,No,49
9786-IJYDL,Female,0,No,No,Yes,Yes,Fiber optic,Yes,Yes,Yes,Yes,Yes,Yes,Two year,Yes,Mailed check,113.2,No,35
9786-YWNHU,Female,0,Yes,Yes,Yes,No,DSL,Yes,Yes,Yes,Yes,No,No,Two year,No,Mailed check,63.55,No,63
9788-YTFGE,Male,0,No,No,Yes,No,No,No internet service,No internet service,No internet service,No internet service,No internet service,No internet service,Month-to-month,Yes,Mailed check,19.95,No,7
9795-NREXC,Female,0,Yes,No,Yes,Yes,DSL,Yes,No,Yes,Yes,Yes,Yes,Two year,Yes,Credit card (automatic),85.0,No,64
9795-SHUHB,Female,0,Yes,Yes,Yes,No,DSL,Yes,Yes,No,Yes,No,No,Two year,Yes,Credit card (automatic),58.2,No,66
9795-VOWON,Male,0,No,No,No,No phone service,DSL,No,No,No,No,No,No,One year,Yes,Credit card (automatic),24.35,No,7
9796-BPKIW,Male,1,No,No,Yes,No,Fiber optic,No,No,No,No,No,No,Month-to-month,Yes,Credit card (automatic),69.95,No,8
9796-MVYXX,Female,1,No,No,No,No phone service,DSL,Yes,No,Yes,Yes,No,No,Two year,No,Mailed check,39.7,No,14
9798-DRYDS,Female,0,Yes,Yes,Yes,Yes,DSL,No,No,Yes,Yes,No,No,One year,Yes,Mailed check,61.95,No,17
9799-CAYJJ,Female,1,Yes,No,Yes,No,Fiber optic,No,No,No,No,No,No,Month-to-month,Yes,Electronic check,69.3,No,2
9800-ONTFE,Female,0,Yes,Yes,Yes,Yes,Fiber optic,No,No,No,No,No,No,Month-to-month,Yes,Bank transfer (automatic),75.8,No,22
9801-NOSHQ,Male,0,No,Yes,Yes,No,No,No internet service,No internet service,No internet service,No internet service,No internet service,No internet service,One year,No,Mailed check,19.8,No,23
9802-CAQUT,Female,0,Yes,Yes,Yes,Yes,Fiber optic,Yes,Yes,Yes,No,Yes,Yes,Two year,No,Credit card (automatic),109.55,No,72
9803-FTJCG,Male,0,Yes,Yes,Yes,Yes,DSL,Yes,Yes,No,Yes,No,No,One year,Yes,Credit card (automatic),66.85,No,71
9804-ICWBG,Male,0,No,No,Yes,No,Fiber optic,No,No,No,No,No,No,Month-to-month,Yes,Electronic check,69.9,Yes,1
9805-FILKB,Male,0,Yes,Yes,Yes,No,No,No internet service,No internet service,No internet service,No internet service,No internet service,No internet service,One year,Yes,Bank transfer (automatic),20.2,No,46
9809-IMGCQ,Male,1,No,No,Yes,Yes,Fiber optic,No,No,No,No,Yes,Yes,Month-to-month,Yes,Electronic check,96.7,Yes,22
9812-GHVRI,Female,0,No,No,Yes,Yes,Fiber optic,No,No,No,No,No,Yes,Month-to-month,No,Bank transfer (automatic),83.85,No,40
9817-APLHW,Male,0,No,No,Yes,Yes,No,No internet service,No internet service,No internet service,No internet service,No internet service,No internet service,Month-to-month,No,Electronic check,25.0,No,12
9819-FBNSV,Male,1,Yes,No,Yes,No,Fiber optic,No,No,No,No,No,No,Month-to-month,Yes,Bank transfer (automatic),72.25,No,37
9820-RMCQV,Female,0,No,No,Yes,No,DSL,Yes,No,No,No,No,No,Month-to-month,No,Credit card (automatic),48.55,Yes,11
9821-BESNZ,Male,0,No,No,Yes,Yes,Fiber optic,No,Yes,No,Yes,Yes,Yes,One year,Yes,Electronic check,104.25,No,66
9822-BIIGN,Male,0,Yes,Yes,Yes,Yes,DSL,Yes,No,No,Yes,No,Yes,Month-to-month,No,Electronic check,71.85,No,53
9822-OAOVB,Female,0,No,No,Yes,No,DSL,No,No,No,No,No,Yes,Month-to-month,Yes,Electronic check,55.45,No,1
9823-EALYC,Male,0,Yes,Yes,Yes,Yes,DSL,Yes,Yes,Yes,Yes,Yes,No,Two year,Yes,Bank transfer (automatic),80.85,No,72
9824-BEMCV,Male,0,Yes,Yes,Yes,No,Fiber optic,No,No,No,No,No,No,Month-to-month,Yes,Electronic check,69.0,Yes,17
9824-QCJPK,Male,0,Yes,No,Yes,No,No,No internet service,No internet service,No internet service,No internet service,No internet service,No internet service,One year,No,Mailed check,20.0,No,36
9825-YCXWZ,Female,1,No,No,Yes,No,Fiber optic,No,No,Yes,Yes,Yes,Yes,One year,Yes,Bank transfer (automatic),101.1,No,41
9828-AOQLM,Female,0,Yes,Yes,Yes,No,DSL,No,No,No,No,No,No,Month-to-month,Yes,Electronic check,45.7,Yes,1
9828-QHFBK,Male,0,No,No,Yes,No,DSL,Yes,No,No,No,No,No,Month-to-month,Yes,Electronic check,51.15,No,24
9830-ECLEN,Male,0,Yes,Yes,No,No phone service,DSL,Yes,Yes,Yes,No,Yes,No,One year,No,Mailed check,50.0,No,58
9831-BPFRI,Female,0,Yes,Yes,Yes,Yes,Fiber optic,No,Yes,Yes,Yes,No,No,One year,Yes,Electronic check,89.55,Yes,39
9835-ZIITK,Male,1,Yes,No,Yes,Yes,Fiber optic,No,Yes,Yes,Yes,Yes,Yes,One year,Yes,Electronic check,110.85,Yes,66
9837-BMCLM,Male,0,No,No,Yes,No,Fiber optic,No,No,No,No,Yes,No,Month-to-month,Yes,Electronic check,78.5,Yes,3
9837-FWLCH,Male,0,Yes,Yes,Yes,No,No,No internet service,No internet service,No internet service,No internet service,No internet service,No internet service,Month-to-month,Yes,Electronic check,19.2,No,12
9838-BFCQT,Male,0,Yes,Yes,Yes,Yes,No,No internet service,No internet service,No internet service,No internet service,No internet service,No internet service,Two year,No,Mailed check,26.1,No,72
9839-ETQOE,Male,0,No,Yes,No,No phone service,DSL,Yes,Yes,Yes,No,No,No,Month-to-month,Yes,Electronic check,40.45,No,43
9840-EFJQB,Female,0,No,No,Yes,No,Fiber optic,No,Yes,No,No,No,No,Month-to-month,No,Electronic check,74.35,No,1
9842-EFSYY,Female,0,No,Yes,No,No phone service,DSL,Yes,Yes,Yes,No,Yes,Yes,Month-to-month,Yes,Mailed check,57.2,No,4
9844-FELAJ,Female,1,Yes,Yes,Yes,Yes,Fiber optic,No,Yes,Yes,Yes,Yes,Yes,One year,Yes,Electronic check,107.9,No,70
9845-PEEKO,Female,1,No,No,Yes,Yes,Fiber optic,No,Yes,No,No,No,No,Two year,Yes,Credit card (automatic),79.2,No,59
9845-QOMAD,Male,0,Yes,Yes,Yes,No,No,No internet service,No internet service,No internet service,No internet service,No internet service,No internet service,One year,No,Mailed check,19.75,No,14
9846-GKXAS,Female,0,No,No,Yes,No,Fiber optic,No,No,No,No,Yes,Yes,Month-to-month,Yes,Bank transfer (automatic),90.8,Yes,9
9847-HNVGP,Male,0,No,No,Yes,No,No,No internet service,No internet service,No internet service,No internet service,No internet service,No internet service,One year,No,Mailed check,19.95,No,17
9850-OWRHQ,Female,0,Yes,No,Yes,Yes,Fiber optic,No,No,No,No,No,No,Month-to-month,Yes,Credit card (automatic),74.1,Yes,3
9851-KIELU,Male,0,No,No,Yes,No,Fiber optic,Yes,Yes,Yes,Yes,Yes,Yes,Month-to-month,Yes,Electronic check,110.1,Yes,10
9851-QXEEQ,Male,0,No,No,Yes,Yes,Fiber optic,No,Yes,Yes,No,Yes,Yes,Month-to-month,Yes,Electronic check,104.7,Yes,41
9853-JFZDU,Female,0,Yes,No,Yes,No,DSL,No,Yes,No,Yes,No,No,Month-to-month,No,Electronic check,56.85,No,35
9860-LISIZ,Female,0,No,No,Yes,No,No,No internet service,No internet service,No internet service,No internet service,No internet service,No internet service,Month-to-month,No,Mailed check,20.35,No,34
9861-PDSZP,Female,0,No,No,Yes,Yes,Fiber optic,No,Yes,Yes,Yes,Yes,Yes,Two year,Yes,Credit card (automatic),108.05,No,72
9862-KJTYK,Male,0,No,Yes,No,No phone service,DSL,No,No,No,No,No,No,Month-to-month,Yes,Credit card (automatic),25.35,No,19
9866-QEVEE,Male,0,No,No,Yes,Yes,Fiber optic,No,No,No,No,No,Yes,Month-to-month,Yes,Bank transfer (automatic),86.0,Yes,19
9867-JCZSP,Female,0,Yes,Yes,Yes,No,No,No internet service,No internet service,No internet service,No internet service,No internet service,No internet service,One year,No,Mailed check,20.75,No,17
9867-NNXLC,Female,0,No,No,Yes,No,No,No internet service,No internet service,No internet service,No internet service,No internet service,No internet service,Month-to-month,Yes,Mailed check,20.05,No,22
9867-XOBQA,Female,0,No,Yes,No,No phone service,DSL,Yes,Yes,Yes,Yes,Yes,No,Two year,No,Mailed check,53.15,No,21
9871-ELEYA,Female,0,No,Yes,Yes,No,DSL,Yes,No,Yes,Yes,Yes,No,Two year,No,Credit card (automatic),67.65,No,34
9873-MNDKV,Female,0,No,No,Yes,No,DSL,No,No,No,No,No,No,Month-to-month,Yes,Mailed check,44.65,No,11
9878-TNQGW,Male,0,No,No,Yes,No,Fiber optic,No,No,No,No,No,Yes,Month-to-month,Yes,Electronic check,80.95,Yes,2
9880-TDQAC,Female,0,Yes,Yes,No,No phone service,DSL,No,Yes,Yes,Yes,Yes,Yes,Two year,Yes,Electronic check,60.0,No,72
9881-VCZEP,Female,0,Yes,No,Yes,Yes,DSL,No,Yes,No,No,No,No,Month-to-month,No,Electronic check,54.1,No,25
9885-AIBVB,Male,0,Yes,No,Yes,Yes,Fiber optic,No,Yes,Yes,No,No,No,Month-to-month,Yes,Electronic check,85.8,No,29
9885-CSMWE,Female,1,No,No,Yes,No,Fiber optic,No,No,No,No,Yes,No,Month-to-month,No,Electronic check,78.45,Yes,1
9885-MFVSU,Female,0,Yes,Yes,No,No phone service,DSL,Yes,No,No,Yes,Yes,No,Two year,Yes,Credit card (automatic),46.35,No,35
9888-ZCUMM,Male,0,Yes,Yes,No,No phone service,DSL,Yes,No,Yes,Yes,Yes,Yes,Two year,Yes,Bank transfer (automatic),60.05,No,64
9889-TMAHG,Male,1,No,No,Yes,No,Fiber optic,Yes,No,No,Yes,Yes,Yes,Month-to-month,No,Credit card (automatic),100.3,Yes,8
9891-NQDBD,Female,0,Yes,No,Yes,Yes,No,No internet service,No internet service,No internet service,No internet service,No internet service,No internet service,One year,No,Mailed check,25.55,No,28
9894-EZEWG,Female,0,No,No,Yes,No,Fiber optic,No,Yes,No,No,No,No,Month-to-month,Yes,Credit card (automatic),74.3,Yes,1
9894-QMIMJ,Female,0,No,No,Yes,No,DSL,No,Yes,Yes,No,No,No,One year,No,Bank transfer (automatic),55.8,No,23
9895-VFOXH,Female,0,No,No,No,No phone service,DSL,No,No,No,No,No,No,Month-to-month,No,Mailed check,24.4,No,1
9896-UYMIE,Male,0,No,No,Yes,Yes,Fiber optic,Yes,Yes,Yes,Yes,Yes,Yes,One year,Yes,Bank transfer (automatic),114.3,No,66
9897-KXHCM,Female,0,Yes,Yes,Yes,No,Fiber optic,No,No,No,No,No,Yes,Month-to-month,Yes,Electronic check,80.3,Yes,3
9903-LYSAB,Male,0,Yes,No,Yes,Yes,Fiber optic,No,No,No,No,No,No,Month-to-month,Yes,Electronic check,73.15,No,18
9904-EHEVJ,Female,1,Yes,Yes,Yes,Yes,Fiber optic,No,No,Yes,No,Yes,No,Month-to-month,Yes,Mailed check,91.35,No,32
9906-NHHVC,Female,1,No,No,No,No phone service,DSL,No,Yes,Yes,No,Yes,Yes,Two year,Yes,Bank transfer (automatic),53.5,No,65
9907-SWKKF,Female,1,No,No,No,No phone service,DSL,No,No,No,No,No,No,Month-to-month,No,Mailed check,25.05,Yes,1
9909-DFRJA,Female,0,No,No,Yes,No,Fiber optic,Yes,No,Yes,Yes,No,Yes,One year,Yes,Bank transfer (automatic),95.85,No,26
9909-IDLEK,Male,0,Yes,Yes,Yes,Yes,Fiber optic,No,Yes,No,Yes,Yes,No,Month-to-month,No,Mailed check,96.8,No,20
9912-GVSEQ,Female,1,Yes,No,Yes,Yes,Fiber optic,No,Yes,Yes,No,No,Yes,Month-to-month,Yes,Electronic check,93.85,Yes,26
9912-OMZDS,Female,0,Yes,Yes,Yes,Yes,Fiber optic,No,Yes,Yes,No,Yes,Yes,One year,Yes,Electronic check,106.15,No,59
9916-AYHTC,Male,0,No,No,Yes,No,No,No internet service,No internet service,No internet service,No internet service,No internet service,No internet service,Two year,No,Credit card (automatic),19.85,No,48
9917-KWRBE,Female,0,Yes,Yes,Yes,Yes,DSL,Yes,Yes,Yes,No,Yes,No,One year,Yes,Credit card (automatic),78.35,No,41
9919-KNPOO,Female,0,Yes,No,Yes,Yes,Fiber optic,No,No,No,No,Yes,Yes,Month-to-month,Yes,Electronic check,94.3,No,21
9919-YLNNG,Female,0,No,No,Yes,No,Fiber optic,No,Yes,Yes,Yes,Yes,Yes,Month-to-month,Yes,Bank transfer (automatic),103.8,No,42
9921-EZKBY,Male,0,No,Yes,Yes,Yes,Fiber optic,Yes,No,Yes,No,No,Yes,Month-to-month,Yes,Bank transfer (automatic),95.3,No,33
9921-ZVRHG,Female,0,No,No,Yes,Yes,Fiber optic,No,No,Yes,No,No,No,Month-to-month,Yes,Electronic check,80.45,Yes,14
9924-JPRMC,Male,0,No,No,Yes,Yes,Fiber optic,Yes,Yes,Yes,Yes,Yes,Yes,Two year,Yes,Electronic check,118.2,No,72
9926-PJHDQ,Female,0,Yes,Yes,Yes,Yes,DSL,No,No,Yes,No,Yes,Yes,Two year,Yes,Bank transfer (automatic),76.8,No,72
9927-DSWDF,Male,0,Yes,No,Yes,No,Fiber optic,Yes,Yes,No,Yes,Yes,Yes,Month-to-month,Yes,Electronic check,104.6,No,22
9928-BZVLZ,Female,0,No,No,No,No phone service,DSL,Yes,No,Yes,Yes,No,Yes,Two year,No,Mailed check,49.85,No,12
9931-DCEZH,Male,0,No,Yes,Yes,No,DSL,No,Yes,No,Yes,No,No,One year,Yes,Credit card (automatic),54.4,No,28
9931-KGHOA,Female,0,Yes,No,Yes,Yes,DSL,Yes,No,No,No,No,No,Month-to-month,No,Bank transfer (automatic),55.0,No,46
9932-WBWIK,Male,0,No,No,Yes,No,No,No internet service,No internet service,No internet service,No internet service,No internet service,No internet service,Month-to-month,No,Mailed check,20.35,No,11
9933-QRGTX,Female,0,Yes,No,Yes,No,Fiber optic,Yes,No,No,Yes,Yes,Yes,Two year,Yes,Electronic check,97.2,No,60
9938-EKRGF,Female,0,No,No,Yes,No,DSL,Yes,Yes,Yes,Yes,Yes,Yes,Month-to-month,No,Mailed check,84.45,No,15
9938-PRCVK,Female,0,Yes,Yes,Yes,No,No,No internet service,No internet service,No internet service,No internet service,No internet service,No internet service,Two year,No,Bank transfer (automatic),19.7,No,41
9938-ZREHM,Female,0,Yes,No,Yes,Yes,DSL,No,Yes,No,Yes,No,Yes,One year,No,Mailed check,72.1,No,37
9940-HPQPG,Female,0,Yes,No,Yes,Yes,Fiber optic,Yes,Yes,Yes,No,No,No,Month-to-month,No,Bank transfer (automatic),91.75,Yes,9
9940-RHLFB,Female,0,No,No,Yes,No,Fiber optic,No,No,Yes,No,No,No,Month-to-month,No,Electronic check,75.3,Yes,1
9943-VSZUV,Male,1,No,No,Yes,Yes,Fiber optic,No,No,No,No,No,No,Month-to-month,Yes,Mailed check,75.7,No,67
9944-AEXBM,Male,0,No,No,Yes,Yes,Fiber optic,No,No,No,No,No,Yes,Month-to-month,Yes,Bank transfer (automatic),85.65,No,32
9944-HKVVB,Female,0,No,No,Yes,No,Fiber optic,No,Yes,No,No,Yes,Yes,Month-to-month,Yes,Electronic check,95.1,Yes,3
9945-PSVIP,Female,0,Yes,Yes,Yes,No,No,No internet service,No internet service,No internet service,No internet service,No internet service,No internet service,Two year,Yes,Mailed check,18.7,No,25
9948-YPTDG,Male,0,Yes,No,Yes,No,Fiber optic,Yes,Yes,No,No,No,No,Month-to-month,Yes,Electronic check,79.45,Yes,38
9950-MTGYX,Male,0,Yes,Yes,Yes,No,No,No internet service,No internet service,No internet service,No internet service,No internet service,No internet service,Two year,Yes,Credit card (automatic),20.3,No,28
9953-ZMKSM,Male,0,No,No,Yes,Yes,No,No internet service,No internet service,No internet service,No internet service,No internet service,No internet service,Two year,No,Mailed check,25.25,No,63
9955-QOPOY,Male,0,Yes,No,No,No phone service,DSL,No,Yes,Yes,Yes,Yes,Yes,One year,Yes,Credit card (automatic),60.8,No,69
9957-YODKZ,Male,1,Yes,No,Yes,Yes,Fiber optic,No,No,Yes,No,No,No,Month-to-month,Yes,Electronic check,80.8,No,6
9958-MEKUC,Male,0,Yes,Yes,Yes,Yes,Fiber optic,Yes,Yes,Yes,Yes,No,Yes,Two year,No,Credit card (automatic),103.95,No,72
9959-WOFKT,Male,0,No,Yes,Yes,Yes,Fiber optic,Yes,No,Yes,No,Yes,Yes,Two year,No,Bank transfer (automatic),106.7,No,71
9961-JBNMK,Male,1,No,No,Yes,No,Fiber optic,No,No,Yes,No,Yes,Yes,Month-to-month,Yes,Bank transfer (automatic),96.8,Yes,21
9962-BFPDU,Female,0,Yes,Yes,Yes,No,No,No internet service,No internet service,No internet service,No internet service,No internet service,No internet service,Month-to-month,No,Mailed check,20.05,No,1
9964-WBQDJ,Female,0,Yes,No,Yes,Yes,No,No internet service,No internet service,No internet service,No internet service,No internet service,No internet service,Two year,Yes,Credit card (automatic),24.4,No,71
9967-ATRFS,Female,0,No,No,Yes,No,No,No internet service,No internet service,No internet service,No internet service,No internet service,No internet service,Month-to-month,No,Mailed check,19.9,No,19
9970-QBCDA,Female,0,No,No,Yes,No,No,No internet service,No internet service,No internet service,No internet service,No internet service,No internet service,Month-to-month,No,Credit card (automatic),19.7,No,6
9971-ZWPBF,Male,1,Yes,Yes,Yes,Yes,Fiber optic,No,Yes,Yes,Yes,Yes,Yes,Month-to-month,Yes,Electronic check,108.9,No,34
9972-EWRJS,Female,0,Yes,Yes,Yes,No,No,No internet service,No internet service,No internet service,No internet service,No internet service,No internet service,Two year,Yes,Bank transfer (automatic),19.25,No,67
9972-VAFJJ,Female,1,Yes,No,Yes,No,Fiber optic,No,Yes,Yes,Yes,Yes,No,One year,Yes,Electronic check,94.0,No,53
9974-JFBHQ,Male,0,No,Yes,Yes,No,Fiber optic,No,Yes,No,Yes,Yes,Yes,Month-to-month,Yes,Credit card (automatic),99.15,No,64
9975-GPKZU,Male,0,Yes,Yes,Yes,No,No,No internet service,No internet service,No internet service,No internet service,No internet service,No internet service,Two year,No,Credit card (automatic),19.75,No,46
9975-SKRNR,Male,0,No,No,Yes,No,No,No internet service,No internet service,No internet service,No internet service,No internet service,No internet service,Month-to-month,No,Mailed check,18.9,No,1
9979-RGMZT,Female,0,No,No,Yes,No,Fiber optic,No,Yes,No,No,Yes,Yes,One year,Yes,Mailed check,94.05,No,7
9986-BONCE,Female,0,No,No,Yes,No,No,No internet service,No internet service,No internet service,No internet service,No internet service,No internet service,Month-to-month,No,Bank transfer (automatic),20.95,Yes,4
9987-LUTYD,Female,0,No,No,Yes,No,DSL,Yes,No,No,Yes,No,No,One year,No,Mailed check,55.15,No,13
9992-RRAMN,Male,0,Yes,No,Yes,Yes,Fiber optic,No,No,No,No,No,Yes,Month-to-month,Yes,Electronic check,85.1,Yes,22
9992-UJOEL,Male,0,No,No,Yes,No,DSL,No,Yes,No,No,No,No,Month-to-month,Yes,Mailed check,50.3,No,2
9993-LHIEB,Male,0,Yes,Yes,Yes,No,DSL,Yes,No,Yes,Yes,No,Yes,Two year,No,Mailed check,67.85,No,67
